{
    "Store": "<color=#838383>[</color><color=#f7432a>BestRust Servers</color><color=#838383>]</color> Nuestra tienda es muy fácil de usar, puedes comprar <color=#f5e942>Rangos VIP y Kits</color> por <color=#f5e942>solo 1€</color> y los recibirás de inmediato. \nPuedes pagar con <color=#ff7763>todos los métodos de pago</color>, incluso <color=#f5e942>skins de Rust</color> y <color=#f5e942>cripto</color>. Usa <color=#f7432a>/kit</color> y revisa los kits.\n\nLos beneficios VIP incluyen <color=#ff7763>Kits</color>, <color=#ff7763>Saltarse la cola de espera</color>, <color=#ff7763>Skinbox</color>, <color=#ff7763>Reaparecer con más salud, agua y comida</color> y <color=#ff7763>mucho más</color>, ¡Así que asegúrate de visitar nuestra tienda!\n\n¡Gracias a todos los que apoyan nuestros servidores y nos ayudan a mantenerlos en funcionamiento!\n\n<color=#ff5c45>https://store.bestrustservers.com/</color>",
    "Splits": "<color=#838383>[</color><color=#f7432a>BestRust Servers</color><color=#838383>]</color> Get <color=#f5e942>Multiple Very OP kit rewards</color> for depositing on splits.gg with the <color=#f5e942>BESTRUST code</color>. </color>Check <color=#ff5c45>/kit</color> for the rewards and make sure you use the <color=#f5e942>BESTRUST code</color> when you deposit on splits.gg",
    "PlaytimeRewards": "<color=#838383>[</color><color=#f7432a>BestRust Servers</color><color=#838383>]</color> Puedes ganar <color=#7dda58>kits gratis</color> y <color=#e1c05f>recompensas</color> al alcanzar cierto tiempo jugado en los servidores de BestRust.\n\nPuedes comprobar tu tiempo jugado y ver más información con el comando <color=#ff5c45>/playtime</color>.",
    "Store2": "<color=#838383>[</color><color=#f7432a>BestRust Servers</color><color=#838383>]</color> Nuestra tienda es muy fácil de usar, puedes comprar <color=#f5e942>Rangos VIP y Kits</color> por <color=#f5e942>solo 1€</color> y los recibirás de inmediato. \nPuedes pagar con <color=#ff7763>todos los métodos de pago</color>, incluso <color=#f5e942>skins de Rust</color> y <color=#f5e942>cripto</color>. Usa <color=#f7432a>/kit</color> y revisa los kits.\n\nLos beneficios VIP incluyen <color=#ff7763>Kits</color>, <color=#ff7763>Saltarse la cola de espera</color>, <color=#ff7763>Skinbox</color>, <color=#ff7763>Reaparecer con más salud, agua y comida</color> y <color=#ff7763>mucho más</color>, ¡Así que asegúrate de visitar nuestra tienda!\n\n¡Gracias a todos los que apoyan nuestros servidores y nos ayudan a mantenerlos en funcionamiento!\n\n<color=#ff5c45>https://store.bestrustservers.com/</color>",
    "Splits2": "<color=#838383>[</color><color=#f7432a>BestRust Servers</color><color=#838383>]</color> Get <color=#f5e942>3 free high value rust skins and a free kit</color> by using the <color=#f5e942>BESTRUST code</color>on splits.gg",
    "Staff": "<color=#838383>[</color><color=#f7432a>BestRust Servers</color><color=#838383>]</color> ¿Quieres ganar <color=#f5e942>VIP gratis, dinero real o skins</color>?\nEstamos buscando nuevos miembros para el equipo. Puedes postularte para <color=#7dda58>Moderador</color>, <color=#da5a5a>Admin</color>, <color=#cc6ce7>Community Manager</color> o <color=#d49a17>Creador de Contenido</color>.\n\nSi estás interesado, visita el canal #open-applications en nuestro discord: <color=#ff5c45>discord.gg/bestrustservers</color>",
    "Store3": "<color=#838383>[</color><color=#f7432a>BestRust Servers</color><color=#838383>]</color> Nuestra tienda es muy fácil de usar, puedes comprar <color=#f5e942>VIP Ranks y Kits</color> por <color=#f5e942>solo 1€</color> y los recibirás de inmediato. \nPuedes pagar con <color=#ff7763>todos los métodos de pago</color>, incluso <color=#f5e942>skins de Rust</color> y <color=#f5e942>cripto</color>. Usa <color=#f7432a>/kit</color> y revisa los kits.\n\nLos beneficios VIP incluyen <color=#ff7763>Kits</color>, <color=#ff7763>Saltar la Cola</color>, <color=#ff7763>Skinbox</color>, <color=#ff7763>Reaparecer con más salud, agua y comida</color> y <color=#ff7763>mucho más</color>, ¡así que asegúrate de visitar nuestra tienda!\n\n¡Gracias a todos los que apoyan nuestros servidores y nos ayudan a mantenerlos en funcionamiento!\n\n<color=#ff5c45>https://store.bestrustservers.com/</color>",
    "Splits3": "<color=#838383>[</color><color=#f7432a>BestRust Servers</color><color=#838383>]</color> Get <color=#f5e942>Multiple Very OP kit rewards</color> for depositing on splits.gg with the <color=#f5e942>BESTRUST code</color>. </color>Check <color=#ff5c45>/kit</color> for the rewards and make sure you use the <color=#f5e942>BESTRUST code</color> when you deposit on splits.gg",
    "Discord": "<color=#838383>[</color><color=#f7432a>BestRust Servers</color><color=#838383>]</color> Si necesitas ayuda o deseas reportar a un jugador, por favor crea un ticket en nuestro discord. ¡Siempre estaremos encantados de ayudarte! <color=#ff5c45>discord.gg/bestrustservers</color>"
}
