{
    "Playtime": "<color=#838383>[</color><color=#f7432a>BestRust Servers</color><color=#838383>]</color> Puedes obtener un <color=#7dda58>queue skip</color> alcanzando cierto tiempo jugado en los servidores de Bestrust.\n\nPuedes comprobar tu tiempo jugado y leer más información con el comando <color=#ff5c45>/playtime</color>.",
    "RustMagic": "<color=#838383>[</color><color=#f7432a>BestRust Servers</color><color=#838383>]</color> Consigue <color=#f5e942>3 skins de Rust de alto valor gratis</color> aquí usando el <color=#f5e942>código BESTRUST</color>: https://splits.gg/r/BESTRUST",
    "Store": "<color=#838383>[</color><color=#f7432a>BestRust Servers</color><color=#838383>]</color> Puedes comprar <color=#f5e942>VIP - Queue skip por solo 1€</color>, ¡Revisa nuestra tienda! Haz clic en ver página web para acceder a nuestra tienda.<color=#ff5c45>https://store.bestrustservers.com/</color>",
    "Staff": "<color=#838383>[</color><color=#f7432a>BestRust Servers</color><color=#838383>]</color> ¿Quieres ganar <color=#f5e942>VIP gratis, dinero real o skins</color>?\nEstamos buscando nuevos miembros para el staff. Puedes postularte para <color=#7dda58>Moderador</color>, <color=#da5a5a>Admin</color>, <color=#cc6ce7>Community Manager</color> o <color=#d49a17>Creador de Contenido</color>.\n\nSi estás interesado, visita el canal #open-applications en nuestro discord: <color=#ff5c45>discord.gg/bestrustservers</color>",
    "RustMagic2": "<color=#838383>[</color><color=#f7432a>BestRust Servers</color><color=#838383>]</color> Consigue <color=#f5e942>3 skins de Rust de alto valor gratis</color> aquí usando el <color=#f5e942>código BESTRUST</color>: https://splits.gg/r/BESTRUST",
    "Store2": "<color=#838383>[</color><color=#f7432a>BestRust Servers</color><color=#838383>]</color> Puedes comprar <color=#f5e942>VIP - Queue skip por solo 1€</color>, ¡Revisa nuestra tienda! Haz clic en ver página web para acceder a nuestra tienda.<color=#ff5c45>https://store.bestrustservers.com/</color>",
    "Discord": "<color=#838383>[</color><color=#f7432a>BestRust Servers</color><color=#838383>]</color> Si necesitas ayuda o deseas reportar a un jugador, por favor crea un ticket en nuestro discord. ¡Estaremos siempre felices de ayudarte! <color=#ff5c45>discord.gg/bestrustservers</color>"
}