{
  "Prefix": "<color=#D85540>[Compartir Planos]</color> ",
  "ArgumentsError": "Uso incorrecto del comando. Prueba <color=#ffff00>/bs help</color>.",
  "Help": "<color=#D85540>Comandos para Compartir Planos:</color>\n<color=#D85540>/bs toggle</color> - Activar/desactivar compartir planos automáticamente\n<color=#D85540>/bs share <player></color> - Comparte tus planos aprendidos con un jugador\n<color=#D85540>/bs show <team|clan|friend> [name]</color> - Ver los planos compartidos contigo\n<color=#D85540>/bs help</color> - Muestra este menú de ayuda",
  "ToggleOn": "Compartir planos está ahora <color=#00ff00>activado</color>.",
  "ToggleOff": "Compartir planos está ahora <color=#ff0000>desactivado</color>.",
  "NoPermission": "No tienes permisos para usar este comando.",
  "CannotShare": "No puedes compartir planos con este jugador, debe estar en tu equipo, clan o lista de amigos.",
  "NoTarget": "Debes especificar un jugador con quien compartir planos.",
  "TargetEqualsPlayer": "No puedes compartir planos contigo mismo.",
  "PlayerNotFound": "Jugador no encontrado.",
  "PlayerSharedBlueprints": "Has compartido <color=#ffff00>{0}</color> plano(s) con <color=#ffff00>{1}</color>.",
  "TargetLearntBlueprints": "<color=#ffff00>{0}</color> ha compartido <color=#ffff00>{1}</color> plano(s) contigo.",
  "NoBlueprintsToShare": "No tienes nuevos planos para compartir con <color=#ffff00>{0}</color>.",
  "PlayerSharedBlueprint": "Has aprendido el plano <color=#ffff00>{0}</color> y lo has compartido con <color=#ffff00>{1}</color> jugador(es).",
  "TargetLearntBlueprint": "<color=#ffff00>{0}</color> ha compartido el plano <color=#ffff00>{1}</color> contigo.",
  "BlueprintBlocked": "El plano <color=#ffff00>{0}</color> está bloqueado para compartir, pero aún así lo has aprendido.",
  "TargetSharingDisabled": "No se puede compartir planos con <color=#ffff00>{0}</color> � han desactivado el compartir planos.",
  "BlueprintsRemoved": "Has perdido acceso a <color=#ffff00>{0}</color> plano(s).",
  "ShowMissingArgument": "Debes especificar qué planos compartidos ver. Opciones: <color=#ffff00>team</color>, <color=#ffff00>clan</color>, o <color=#ffff00>friend</color>.",
  "ShowFriendArgumentMissing": "Debes especificar el nombre de un amigo.",
  "NotFriends": "No eres amigo de este jugador.",
  "NoSharedBlueprints": "No se han compartido planos contigo.",
  "SharedBlueprintsTitle": "Planos Compartidos Contigo:",
  "ShowSharedBlueprints": "<color=#ffff00>Nivel {0}:</color> {1}",
  "LoseBlueprintsDisabled": "Esta función ha sido desactivada por el administrador del servidor."
}