{
  "Notification.ClanInfo.Title": "<size=18><color=#ffa500>Clanes</color></size><size=14><color=#ce422b> RENACER</color></size>",
  "Notification.ClanInfo.Tag": "\nEtiqueta de Clan: <color=#b2eece>{0}</color>",
  "Notification.ClanInfo.Description": "\nDescripción: <color=#b2eece>{0}</color>",
  "Notification.ClanInfo.Online": "\nMiembros en línea: {0}",
  "Notification.ClanInfo.Offline": "\nMiembros fuera de línea: {0}",
  "Notification.ClanInfo.Members": "\nMiembros: {0}",
  "Notification.ClanInfo.Established": "\nEstablecido: <color=#b2eece>{0}</color>",
  "Notification.ClanInfo.LastOnline": "\nÚltima conexión: <color=#b2eece>{0}</color>",
  "Notification.ClanInfo.Alliances": "\nAlianzas: <color=#b2eece>{0}</color>",
  "Notification.ClanInfo.Alliances.None": "Ninguna",
  "Notification.ClanInfo.TotalMembers": "\nMiembros: <color=#b2eece>{0}</color>",
  "Notification.ClanInfo.TotalAlliances": "\nAlianzas: <color=#b2eece>{0}</color>",
  "Notification.Create.InExistingClan": "Ya eres miembro de un clan",
  "Notification.Create.NoPermission": "No tienes permiso para crear un clan",
  "Notification.Create.TagReserved1": "La etiqueta {0} está reservada para otro jugador",
  "Notification.Create.InvalidTagLength": "La etiqueta que has elegido es inválida. Debe tener entre {0} y {1} caracteres",
  "Notification.Create.InvalidCharacters": "La etiqueta que has elegido contiene palabras/caracteres no permitidos",
  "Notification.Create.ClanExists": "Ya existe un clan con esa etiqueta",
  "Notification.Create.NoNativeCreate": "Debes crear un clan usando /clan create <tag> <description>",
  "Notification.Create.Success": "Has formado el clan <color=#aaff55>[{0}]</color>",
  "Notification.Kick.IsOwner": "No puedes expulsar al dueño del clan",
  "Notification.Kick.NoPermissions": "No tienes permisos suficiente para expulsar a miembros del clan",
  "Notification.Kick.NotClanmember": "El objetivo no es miembro de tu clan",
  "Notification.Kick.Self": "No puedes expulsarte a ti mismo",
  "Notification.Kick.NotEnoughRank": "Solo el dueño del clan puede expulsar a otro miembro con rango",
  "Notification.Kick.NoPlayerFound": "No se pudo encontrar un jugador con el nombre o ID especificado",
  "Notification.Kick.Message": "¡{0} expulsó a {1} del clan!",
  "Notification.Kick.PlayerMessage": "¡{0} te expulsó del clan!",
  "Notification.Kick.NoPermission": "No tienes permiso para expulsar a miembros del clan",
  "Notification.Leave.Message": "¡{0} ha dejado el clan!",
  "Notification.Leave.PlayerMessage": "¡Has dejado el clan <color=#aaff55>[{0}]</color>!",
  "Notification.Leave.NewOwner": "¡{0} es ahora el líder del clan!",
  "Notification.Leave.NoPermission": "No tienes permiso para dejar este clan",
  "Notification.Join.NoPermission": "No tienes permiso para unirte a un clan",
  "Notification.Join.ExpiredInvite": "¡Tu invitación a {0} ha expirado!",
  "Notification.Join.InExistingClan": "Ya eres miembro de otro clan",
  "Notification.Join.Message": "¡{0} se ha unido al clan!",
  "Notification.Invite.NoPermissions": "No tienes permisos suficiente para invitar a otros jugadores",
  "Notification.Invite.InviteLimit": "Ya tienes el número máximo de invitaciones permitido",
  "Notification.Invite.InviteCooldown": "Debes esperar {0} más antes de invitar a nuevos miembros a tu clan",
  "Notification.Invite.HasPending": "¡{0} ya tiene una invitación pendiente!",
  "Notification.Invite.IsMember": "¡{0} ya es miembro del clan!",
  "Notification.Invite.InClan": "¡{0} ya es miembro de otro clan!",
  "Notification.Invite.NoPermission": "¡{0} no tiene el permiso requerido para unirse a un clan!",
  "Notification.Invite.SuccesTarget": "Has sido invitado a unirte al clan: <color=#aaff55>[{0}]</color> '{1}'\nPara unirte, escribe: <color=#ffd479>/{2} accept {0}</color>",
  "Notification.Invite.SuccessClan": "¡{0} ha invitado a {1} a unirse al clan!",
  "Notification.PendingInvites": "Tienes invitaciones pendientes de clan de: {0}\nPara unirte a un clan escribe: <color=#ffd479>/{1} accept <tag></color>",
  "Notification.WithdrawInvite.NoPermissions": "No tienes permiso suficiente para retirar invitaciones",
  "Notification.WithdrawInvite.UnableToFind": "No se pudo encontrar una invitación para el jugador con {0}",
  "Notification.WithdrawInvite.Success": "{0} revocó la invitación a {1}",
  "Notification.RejectInvite.InvalidInvite": "No tienes una invitación para unirte a <color=#aaff55>[{0}]</color>",
  "Notification.RejectInvite.Message": "¡{0} ha rechazado su invitación para unirse a tu clan!",
  "Notification.RejectInvite.PlayerMessage": "Has rechazado la invitación para unirte a <color=#aaff55>[{0}]</color>",
  "Notification.Promotion.NoPermissions": "No tienes permiso suficiente para ascender a otros jugadores",
  "Notification.Promotion.TargetNoClan": "¡{0} no es miembro de tu clan!",
  "Notification.Promotion.IsOwner": "No puedes ascender al líder del clan",
  "Notification.Promotion.IsCouncil": "No puedes ascender más allá del rango de consejo",
  "Notification.Promotion.CouncilTaken": "El rango de consejo ya ha sido otorgado",
  "Notification.Promotion.ModeratorLimit": "Ya tienes el número máximo de moderadores",
  "Notification.Promotion.IsModerator": "No puedes ascender más allá del rango de moderador",
  "Notification.Promotion.Message": "{0} fue ascendido al rango de {1} por {2}",
  "Notification.Demotion.NoPermissions": "No tienes permisos suficiente para degradar a otros jugadores",
  "Notification.Demotion.IsOwner": "No puedes degradar al líder del clan",
  "Notification.Demotion.IsMember": "{0} ya está en el rango más bajo",
  "Notification.Demotion.Message": "{0} fue degradado al rango de {1} por {2}",
  "Notification.Alliance.NoPermissions": "No tienes permisos suficiente para gestionar alianzas",
  "Notification.Alliance.PendingInvite": "<color=#aaff55>[{0}]</color> ya tiene una invitación de alianza pendiente",
  "Notification.Alliance.MaximumInvites": "Ya tienes el número máximo de invitaciones de alianza permitido",
  "Notification.Alliance.MaximumAlliances": "Ya tienes el máximo de alianzas formadas",
  "Notification.Alliance.InviteSent": "Has enviado una invitación de alianza al clan <color=#aaff55>[{0}]</color>\nLa invitación expirará en: {1}",
  "Notification.Alliance.InviteReceived": "Has recibido una invitación de alianza del clan <color=#aaff55>[{0}]</color>\nPara aceptarla, escribe: <color=#ffd479>/{2} accept {0}</color>\nLa invitación expirará en: {1}",
  "Notification.Alliance.NoActiveInvite": "No tienes una invitación de alianza activa para <color=#aaff55>[{0}]</color>",
  "Notification.Alliance.NoActiveInviteFrom": "No tienes una invitación de alianza activa de <color=#aaff55>[{0}]</color>",
  "Notification.Alliance.WithdrawnClan": "¡{0} ha retirado una invitación de alianza a <color=#aaff55>[{1}]</color>!",
  "Notification.Alliance.WithdrawnTarget": "¡<color=#aaff55>[{0}]</color> ha retirado su invitación de alianza!",
  "Notification.Alliance.AtLimitTarget": "¡<color=#aaff55>[{0}]</color> actualmente tiene el máximo de alianzas permitidas!",
  "Notification.Alliance.AtLimitSelf": "Tu clan actualmente tiene el máximo de alianzas permitidas",
  "Notification.Alliance.AtLimitAlliedMembersTarget": "¡La cantidad de miembros del clan <color=#aaff55>[{0}]</color> más la cantidad de miembros aliados más la cantidad de miembros de tu clan es mayor de lo permitido!",
  "Notification.Alliance.AtLimitAlliedMembersSelf": "¡La cantidad de miembros de tu clan más la cantidad de miembros aliados más la cantidad de miembros de este clan es mayor de lo permitido!",
  "Notification.Alliance.Formed": "¡<color=#aaff55>[{0}]</color> ha formado una alianza con <color=#aaff55>[{1}]</color>!",
  "Notification.Alliance.Rejected": "¡<color=#aaff55>[{0}]</color> ha rechazado formar una alianza con <color=#aaff55>[{1}]</color>!",
  "Notification.Alliance.Revoked": "¡<color=#aaff55>[{0}]</color> ha revocado su alianza con <color=#aaff55>[{1}]</color>!",
  "Notification.Alliance.NoActiveAlliance": "No tienes actualmente una alianza con <color=#aaff55>[{0}]</color>",
  "Notification.FF.MemberEnabled": "Los compañeros <color=#ffd479>recibirán</color> daño por fuego amigo",
  "Notification.FF.MemberDisabled": "Los compañeros <color=#ffd479>no recibirán</color> daño por fuego amigo",
  "Notification.FF.AllyEnabled": "Los aliados <color=#ffd479>recibirán</color> daño por fuego amigo",
  "Notification.FF.AllyDisabled": "Los aliados <color=#ffd479>no recibirán</color> daño por fuego amigo",
  "Notification.FF.IsEnabled": "<color=#aaff55>Activado</color>",
  "Notification.FF.IsDisabled": "<color=#ce422b>Desactivado</color>",
  "Notification.FF.OnHitClanMember": "{0} es miembro del clan y no puede ser herido.\nPara activar/desactivar fuego amigo escribe: <color=#ffd479>/{1}</color>",
  "Notification.FF.OnHitAllyMember": "{0} es miembro de un clan aliado y no puede ser herido.\nPara activar/desactivar fuego aliado escribe: <color=#ffd479>/{1}</color>",
  "Notification.FF.ToggleNotOwner": "Solo el dueño o el consejo del clan pueden activar/desactivar fuego amigo",
  "Notification.FF.OwnerToggle": "{0} ha cambiado el estado del fuego amigo.\n{1}",
  "Notification.FF.OwnerAllyToggle": "{0} ha cambiado el estado del fuego aliado.\n{1}",
  "Notification.ClanHelp.NoClan": "\nComandos Disponibles:\n<color=#ffd479>/{0} create <tag> \"description\"</color> - Crea un nuevo clan\n<color=#ffd479>/{0} accept <tag></color> - Únete a un clan por invitación\n<color=#ffd479>/{0} reject <tag></color> - Rechaza una invitación de clan",
  "Notification.ClanHelp.Basic2": "\nComandos Disponibles:\n<color=#ffd479>/{0}</color> - Muestra información de tu clan\n<color=#ffd479>/{1} <message></color> - Envía un mensaje a través del chat del clan\n<color=#ffd479>/{0} leave</color> - Deja tu clan actual",
  "Notification.ClanHelp.MFF": "\n<color=#ffd479>/{0}</color> - Activa/desactiva fuego amigo contra otros miembros del clan",
  "Notification.ClanHelp.AFF": "\n<color=#ffd479>/{0}</color> - Activa/desactiva fuego amigo contra miembros de clanes aliados",
  "Notification.ClanHelp.Alliance": "\n\n<color=#45b6fe><size=14>Comandos de Alianza:</size></color>\n<color=#ffd479>/{0} invite <tag></color> - Invita a un clan a ser aliados\n<color=#ffd479>/{0} withdraw <tag></color> - Retira una invitación de alianza\n<color=#ffd479>/{0} accept <tag></color> - Acepta una invitación de alianza\n<color=#ffd479>/{0} reject <tag></color> - Rechaza una invitación de alianza\n<color=#ffd479>/{0} revoke <tag></color> - Revoca una alianza",
  "Notification.ClanHelp.Moderator": "\n\n<color=#b573ff><size=14>Comandos de Moderador:</size></color>\n<color=#ffd479>/{0} invite <name or ID></color> - Invita a un jugador a tu clan\n<color=#ffd479>/{0} withdraw <name or ID></color> - Revoca una invitación\n<color=#ffd479>/{0} kick <name or ID></color> - Expulsa a un miembro de tu clan",
  "Notification.ClanHelp.Owner": "\n\n<color=#a1ff46><size=14>Comandos de Líder:</size></color>\n<color=#ffd479>/{0} promote <name or ID></color> - Asciende a un miembro del clan\n<color=#ffd479>/{0} demote <name or ID></color> - Degrada a un miembro del clan\n<color=#ffd479>/{0} disband forever</color> - Disuelve tu clan",
  "Notification.ClanHelp.TagColor": "\n<color=#ffd479>/{0} tagcolor <hex></color> - Define un color de etiqueta personalizado para el clan\n<color=#ffd479>/{0} tagcolor reset</color> - Restaura el color de etiqueta predeterminado del clan",
  "Notification.Clan.NotInAClan": "\nActualmente no eres miembro de un clan",
  "Notification.Clan.Help": "\nPara ver los comandos disponibles escribe: <color=#ffd479>/{0}</color>",
  "Notification.Clan.OwnerOf": "\nEres el líder de: <color=#aaff55>{0}</color> ({1}/{2})",
  "Notification.Clan.CouncilOf": "\nEres el consejo de: <color=#aaff55>{0}</color> ({1}/{2})",
  "Notification.Clan.ModeratorOf": "\nEres un moderador de: <color=#aaff55>{0}</color> ({1}/{2})",
  "Notification.Clan.MemberOf": "\nEres miembro de: <color=#aaff55>{0}</color> ({1}/{2})",
  "Notification.Clan.MembersOnline": "\nMiembros en línea: {0}",
  "Notification.Clan.MFF": "\nEstatus del FF del Clan: {0} (<color=#ffd479>/{1}</color>)",
  "Notification.Clan.AFF": "\nEstatus del FF de Alianza: {0} (<color=#ffd479>/{1}</color>)",
  "Notification.Clan.CreateSyntax": "<color=#ffd479>/{0} create <tag> \"description\"</color> - Crea un nuevo clan",
  "Notification.Clan.InviteSyntax": "<color=#ffd479>/{0} invite <partialNameOrID></color> - Invita a un jugador a tu clan",
  "Notification.Clan.WithdrawSyntax": "<color=#ffd479>/{0} withdraw <partialNameOrID></color> - Revoca una invitación a un miembro",
  "Notification.Clan.AcceptSyntax": "<color=#ffd479>/{0} accept <tag></color> - Únete a un clan por invitación",
  "Notification.Clan.RejectSyntax": "<color=#ffd479>/{0} reject <tag></color> - Rechaza una invitación de clan",
  "Notification.Clan.PromoteSyntax": "<color=#ffd479>/{0} promote <partialNameOrID></color> - Asciende a un miembro al siguiente rango",
  "Notification.Clan.DemoteSyntax": "<color=#ffd479>/{0} demote <partialNameOrID></color> - Degrada a un miembro al siguiente rango inferior",
  "Notification.Clan.DisbandSyntax": "<color=#ffd479>/{0} disband forever</color> - Disuelve tu clan (esto no se puede deshacer)",
  "Notification.Clan.KickSyntax": "<color=#ffd479>/{0} kick <partialNameOrID></color> - Expulsa a un miembro de tu clan",
  "Notification.Clan.TagColorSyntax": "<color=#ffd479>/{0} tagcolor <hex (XXXXXX)></color> - Define un color de etiqueta personalizado para el clan",
  "Notification.Clan.TagColorFormat": "<color=#ffd479>La cadena hex debe tener 6 caracteres, y ser un color hex válido</color>",
  "Notification.Clan.TagColorReset": "<color=#ffd479>Has restablecido el color de etiqueta de tu clan</color>",
  "Notification.Clan.TagColorSet": "<color=#ffd479>Has configurado el color de etiqueta de tu clan a</color> <color=#{0}>{0}</color>",
  "Notification.Clan.TagColorDisabled": "<color=#ffd479>Los colores de etiqueta personalizados están desactivados en este servidor</color>",
  "Notification.Clan.TagColorBlocked": "<color=#ffd479>El color <color=#{0}>{0}</color> está en la lista negra para uso de clanes.",
  "Notification.Clan.TagColorOutOfRange": "<color=#ffd479>El color <color=#{0}>{0}</color> está fuera del rango permitido. Debes elegir un color entre <color=#{1}>{1}</color> y <color=#{2}>{2}</color></color>",
  "Notification.Disband.NotOwner": "Debes ser el dueño del clan para usar este comando",
  "Notification.Disband.Success": "Has disuelto el clan <color=#aaff55>[{0}]</color>",
  "Notification.Disband.Message": "El clan ha sido disuelto",
  "Notification.Disband.NoPermission": "No tienes permiso para disolver este clan",
  "Notification.Generic.ClanFull": "El clan ya está en su máxima capacidad",
  "Notification.Generic.NoClan": "No eres miembro de un clan",
  "Notification.Generic.InvalidClan": "¡El clan <color=#aaff55>[{0}]</color> no existe!",
  "Notification.Generic.NoPermissions": "No tienes permisos suficiente para usar ese comando",
  "Notification.Generic.SpecifyClanTag": "Por favor, especifica una etiqueta de clan",
  "Notification.Generic.UnableToFindPlayer": "No se pudo encontrar un jugador con el nombre o ID {0}",
  "Notification.Generic.CommandSelf": "No puedes usar este comando en ti mismo",
  "Chat.IsMuted": "Estás actualmente silenciado",
  "Chat.Alliance.Prefix": "<color=#a1ff46>[CHAT DE ALIANZA]</color>: {0}",
  "Chat.Clan.Prefix": "<color=#a1ff46>[CHAT DE CLAN]</color>: {0}",
  "Chat.Alliance.Format": "[{0}] <color={1}>{2}</color>: {3}",
  "Admin.BroadcastToClan": "<color=#ff3333>[ADMIN]</color>: {0}",
  "Admin.Rename": "Un administrador cambió tu etiqueta de clan a <color=#aaff55>[{0}]</color>",
  "Admin.Disband": "Un administrador ha disuelto tu clan",
  "Admin.Invite": "Un administrador ha invitado a {0} a unirse a tu clan",
  "Admin.Join": "Un administrador te ha forzado a unirte a <color=#aaff55>[{0}]</color>",
  "Admin.Kick": "Un administrador te ha expulsado de <color=#aaff55>[{0}]</color>",
  "Admin.SetOwner": "Un administrador ha establecido a {0} como líder del clan",
  "Admin.Promote": "Un administrador ha ascendido a {0} al rango de {1}",
  "Admin.Demote": "Un administrador ha degradado a {0} al rango de {1}"
}