{
  "CommandUsageExtLoad": "Uso: oxide.ext.load <extname>+",
  "CommandUsageExtUnload": "Uso: oxide.ext.unload <extname>+",
  "CommandUsageExtReload": "Uso: oxide.ext.reload <extname>+",
  "CommandUsageGrant": "Uso: oxide.grant <group|user> <name|id> <permission>",
  "CommandUsageGroup": "Uso: oxide.group <add|set> <name> [title] [rank]",
  "CommandUsageGroupParent": "Uso: oxide.group <parent> <name> <parentName>",
  "CommandUsageGroupRemove": "Uso: oxide.group <remove> <name>",
  "CommandUsageLang": "Uso: oxide.lang <código de dos letras>",
  "CommandUsageLoad": "Uso: oxide.load *|<pluginname>+",
  "CommandUsageReload": "Uso: oxide.reload *|<pluginname>+",
  "CommandUsageRevoke": "Uso: oxide.revoke <group|user> <name|id> <permission>",
  "CommandUsageShow": "Uso: oxide.show <groups|perms>",
  "CommandUsageShowName": "Uso: oxide.show <group|user> <name>",
  "CommandUsageUnload": "Uso: oxide.unload *|<pluginname>+",
  "CommandUsageUserGroup": "Uso: oxide.usergroup <add|remove> <username> <groupname>",
  "ConnectionRejected": "La conexión fue rechazada",
  "DataSaved": "Guardando datos de Oxide...",
  "GroupAlreadyExists": "El grupo '{0}' ya existe",
  "GroupAlreadyHasPermission": "El grupo '{0}' ya tiene el permiso '{1}'",
  "GroupDoesNotHavePermission": "El grupo '{0}' no tiene el permiso '{1}'",
  "GroupChanged": "Grupo '{0}' cambiado",
  "GroupCreated": "Grupo '{0}' creado",
  "GroupDeleted": "Grupo '{0}' eliminado",
  "GroupNotFound": "El grupo '{0}' no existe",
  "GroupParentChanged": "El parent del grupo '{0}' cambió a '{1}'",
  "GroupParentNotChanged": "El parent del grupo '{0}' no fue cambiado",
  "GroupParentNotFound": "El parent del grupo '{0}' no existe",
  "GroupPermissionGranted": "Grupo '{0}' recibió el permiso '{1}'",
  "GroupPermissionRevoked": "Grupo '{0}' revocó el permiso '{1}'",
  "GroupPermissions": "Permisos del grupo '{0}'",
  "GroupPlayers": "Jugadores del grupo '{0}'",
  "Groups": "Grupos",
  "InvalidLanguageName": "Nombre de idioma no válido: '{0}'",
  "NoGroupPermissions": "Actualmente no hay permisos otorgados",
  "NoPermissionGroups": "No hay grupos con este permiso",
  "NoPermissionPlayers": "No hay jugadores con este permiso",
  "NoPluginsFound": "No hay plugins disponibles actualmente",
  "NoPlayerGroups": "El jugador no está asignado a ningún grupo",
  "NoPlayerPermissions": "Actualmente no hay permisos otorgados",
  "NoPlayersInGroup": "No hay jugadores en el grupo",
  "NotAllowed": "No tienes permiso para usar el comando '{0}'",
  "ParentGroupPermissions": "Permisos del grupo padre '{0}'",
  "PermissionGroups": "Permisos del grupo '{0}'",
  "PermissionPlayers": "Permisos del jugador '{0}'",
  "PermissionNotFound": "El permiso '{0}' no existe",
  "Permissions": "Permisos",
  "PermissionsNotLoaded": "¡No se pueden cargar los archivos de permisos! Los permisos no funcionarán hasta que se resuelva.\n => {0}",
  "PlayerLanguage": "Idioma del jugador establecido a {0}",
  "PluginNotLoaded": "Plugin '{0}' no cargado.",
  "PluginReloaded": "Plugin {0} v{1} recargado por {2}",
  "PluginUnloaded": "Plugin {0} v{1} descargado por {2}",
  "ServerLanguage": "Idioma del servidor establecido a {0}",
  "Unknown": "Desconocido",
  "UnknownCommand": "Comando desconocido: {0}",
  "PlayerAddedToGroup": "Jugador '{0}' añadido al grupo: {1}",
  "PlayerAlreadyHasPermission": "El jugador '{0}' ya tiene el permiso '{1}'",
  "PlayerDoesNotHavePermission": "El jugador '{0}' no tiene el permiso '{1}'",
  "PlayerNotFound": "Jugador '{0}' no encontrado",
  "PlayerGroups": "Grupos del jugador '{0}'",
  "PlayerPermissions": "Permisos del jugador '{0}'",
  "PlayerPermissionGranted": "El jugador '{0}' recibió el permiso '{1}'",
  "PlayerPermissionRevoked": "El jugador '{0}' revocó el permiso '{1}'",
  "PlayerRemovedFromGroup": "Jugador '{0}' eliminado del grupo '{1}'",
  "PlayersFound": "Se encontraron múltiples jugadores, especifica por favor: {0}",
  "Version": "El servidor está ejecutando [#ffb658]Oxide {0}[/#] y [#ee715c]{1} {2} ({3})[/#]",
  "YouAreNotAdmin": "No eres administrador"
}