{
  "WebErrorOccurred": "¡Error al descargar la imagen! Error {0}.",
  "FileTooLarge": "El archivo excede el tamaño máximo de {0}Mb.",
  "ErrorOccurred": "Ha ocurrido un error desconocido, si este error persiste, por favor crea un ticket en nuestro discord.",
  "RestoreErrorOccurred": "No se puede restaurar el cartel porque no tiene una textura asignada.",
  "DownloadQueued": "¡Tu imagen fue añadida a la lista de descargas!",
  "RestoreQueued": "¡Tu cartel fue añadido a la lista de restauración!",
  "RestoreBatchQueued": "¡Añadiste todos los {0} carteles a la lista de restauración!",
  "ImageLoaded": "¡La imagen se cargó exitosamente en el cartel!",
  "ImageRestored": "¡La imagen fue restaurada exitosamente en el cartel!",
  "LogEntry": "Jugador `{0}` (SteamId: {1}) cargó {2} en {3} desde {4}",
  "NoSignFound": "¡No se puede encontrar un cartel! Asegúrate de que estás mirando uno y que no estás demasiado lejos.",
  "Cooldown": "¡Aún no puedes usar el comando! Tiempo de espera restante: {0}.",
  "SignNotOwned": "No puedes cambiar este cartel ya que está protegido por un armario TC.",
  "NoItemHeld": "No estás sosteniendo ningún objeto.",
  "ActionQueuedAlready": "Ya hay una acción en espera para este cartel, por favor espera a que se complete.",
  "SyntaxSilCommand": "¡Error de sintaxis!\nÉxito: /sil <url> [raw]",
  "SyntaxSilCommandMulti": "¡Error de sintaxis!\nÉxito: /sil <1-{0}> <url> [raw]",
  "SyntaxSiltCommand": "¡Error de sintaxis!\nÉxito: /silt <mensaje> [<tamañofuente:número>] [<color:valor hex>] [<bgcolor:valor hex>] [raw]",
  "SyntaxSiltCommandMulti": "¡Error de sintaxis!\nÉxito: /silt <1-{0}> <mensaje> [<tamañofuente:número>] [<color:valor hex>] [<bgcolor:valor hex>] [raw]",
  "SyntaxSiliCommandMulti": "¡Error de sintaxis!\nÉxito: /sili <1-{0}>",
  "NoPermission": "No tienes permiso para usar este comando.",
  "NoPermissionFile": "No tienes permiso para usar imágenes del sistema de archivos del servidor.",
  "NoPermissionRaw": "No tienes permiso para usar imágenes en bruto, cargando normalmente en su lugar.",
  "NoPermissionRestoreAll": "No tienes permiso para restaurar todos los carteles a la vez.",
  "day": "día",
  "days": "días",
  "hour": "hora",
  "hours": "horas",
  "minute": "minuto",
  "minutes": "minutos",
  "second": "segundo",
  "seconds": "segundos",
  "and": "y"
}