{
    "NoPermToUse": "No tienes permisos para hacer esto",
    "NoILError": "El complemento no funciona correctamente, contacta al administrador.",
    "UI.Plugin.Title": "CLASIFICACIÓN",
    "UI.Leaderboard.Awards.Title": "Mejores recompensas",
    "UI.Leaderboard.Awards.Place": "{0} lugar",
    "UI.Search.Players.Title": "BUSCAR JUGADOR POR NOMBRE O STEAMID",
    "UI.Search.Input.Placeholder": "INGRESA NOMBRE O STEAMID",
    "UI.Players.List.Title": "LISTA DE JUGADORES EN EL SERVIDOR",
    "UI.Players.NoPlayers": "No hay jugadores disponibles :(",
    "UI.HitRate.Title": "PRECISIÓN DE IMPACTOS",
    "UI.HitRate.Description": "Aquí puedes ver el número total de impactos a las partes del cuerpo",
    "UI.Building.Title": "CONSTRUCCIÓN",
    "UI.Building.Description": "Aquí puedes ver las estadísticas de construcción",
    "UI.Stat.Value.Total": "Total: {0}",
    "UI.Stat.Value.Today": "Hoy: {0}",
    "UI.Stat.Value.KD": "Asesinatos: {0} / Muertes: {1}",
    "UI.Stat.Value.None": "Ninguno",
    "UI.Stat.Value.Unknown": "Desconocido",
    "UI.Time.Years": "{0}y",
    "UI.Time.Months": "{0}m",
    "UI.Time.Days": "{0}d",
    "UI.Time.Hours": "{0}h",
    "UI.Time.Minutes": "{0}m",
    "UI.Time.Seconds": "{0}s",
    "MSG.Profile.Already.Loading": "Este perfil ya se está cargando, espera por favor.",
    "MSG.Profile.Wait.Before.Another": "Espera un momento antes de abrir otro perfil.",
    "UI.Leaderboard.Loading": "Cargando...",
    "Msg.Player.NotFound": "No se encontraron estadísticas del jugador",
    "Msg.Invalid.SteamID": "Formato de Steam ID inválido",
    "Msg.Hide.Self.Hidden": "Ahora estás oculto de la clasificación",
    "Msg.Hide.Self.Visible": "Ahora eres visible en la clasificación",
    "UI.Category.MY STATISTICS": "MIS ESTADÍSTICAS",
    "UI.Category.TOP 10 PLAYERS": "TOP 10 JUGADORES",
    "UI.Category.SEARCH": "BUSCAR",
    "UI.Awards.TOP scorers": "MÁXIMOS anotadores",
    "UI.Awards.Place.Frontiersman Pack": "Paquete Pionero",
    "UI.Awards.Place.Lumberjack Pack": "Paquete Leñador",
    "UI.Awards.Place.Artic Pack": "Paquete Ártico",
    "UI.Awards.Place.Abyss Pack": "Paquete Abismo",
    "UI.Awards.Place.Retro Tool Cupboard": "Armario Retro de Herramientas",
    "UI.Awards.TOP killers": "MÁXIMOS asesinos",
    "UI.Awards.TOP time played": "MÁXIMO tiempo jugado",
    "UI.Tabs.GENERAL": "GENERAL",
    "UI.Field.Profile": "Perfil",
    "UI.Field.name": "name",
    "UI.Field.K/D": "A/M",
    "UI.Field.kd": "kd",
    "UI.Field.Time": "Tiempo",
    "UI.Field.current_playtime": "current_playtime",
    "UI.Field.Longest Kill Distance": "Mayor distancia de asesinato",
    "UI.Field.longest_kill_distance": "longest_kill_distance",
    "UI.Field.Total Resources Gathered": "Recursos totales recolectados",
    "UI.Field.total_resources": "total_resources",
    "UI.Field.Favorite Resource": "Recurso favorito",
    "UI.Field.favorite_resource": "favorite_resource",
    "UI.Field.Total Items Crafted": "Objetos totales fabricados",
    "UI.Field.total_items_crafted": "total_items_crafted",
    "UI.Field.Structures Built": "Estructuras construidas",
    "UI.Field.structures_built": "structures_built",
    "UI.Field.Upgrades Performed": "Mejoras realizadas",
    "UI.Field.upgrades_performed": "upgrades_performed",
    "UI.Field.Favorite Building Material": "Material de construcción favorito",
    "UI.Field.favorite_building_material": "favorite_building_material",
    "UI.Field.Events Won": "Eventos ganados",
    "UI.Field.events_won": "events_won",
    "UI.Field.Favorite Event": "Evento favorito",
    "UI.Field.favorite_event": "favorite_event",
    "UI.Column.EVENTS": "EVENTOS",
    "UI.Field.Convoy": "Convoy",
    "UI.Field.Sputnik": "Sputnik",
    "UI.Field.Caravan": "Caravana",
    "UI.Field.GasStation": "Gasolinera",
    "UI.Field.GasStationEvent": "Evento de Gasolinera",
    "UI.Field.Air": "Aéreo",
    "UI.Field.AirEvent": "Evento Aéreo",
    "UI.Field.SatDish": "Antena Satelital",
    "UI.Field.SatDishEvent": "Evento de Antena Satelital",
    "UI.Field.Triangulation": "Triangulación",
    "UI.Field.Water": "Agua",
    "UI.Field.WaterEvent": "Evento de Agua",
    "UI.Field.Harbor": "Puerto",
    "UI.Field.HarborEvent": "Evento de Puerto",
    "UI.Field.ArcticBase": "Base Ártica",
    "UI.Field.ArcticBaseEvent": "Evento de Base Ártica",
    "UI.Field.Junkyard": "Chatarrería",
    "UI.Field.JunkyardEvent": "Evento de Chatarrería",
    "UI.Field.Supermarket": "Supermercado",
    "UI.Field.SupermarketEvent": "Evento de Supermercado",
    "UI.Field.PowerPlant": "Planta de Energía",
    "UI.Field.PowerPlantEvent": "Evento de Planta de Energía",
    "UI.Field.Paintball Team": "Equipo de Paintball",
    "UI.Field.PaintballTeam": "PaintballTeam",
    "UI.Field.Paintball FFA": "Paintball Todos contra Todos",
    "UI.Field.PaintballFFA": "PaintballFFA",
    "UI.Field.Survival Arena": "Arena de Supervivencia",
    "UI.Field.SurvivalArena": "SurvivalArena",
    "UI.Field.Gun Game": "Juego de Armas",
    "UI.Field.GunGame": "GunGame",
    "UI.Field.Zombie Infection": "Infección Zombi",
    "UI.Field.ZombieInfection": "ZombieInfection",
    "UI.Field.Tugboat Pirates": "Piratas de Tugboat",
    "UI.Field.TugboatPirates": "TugboatPirates",
    "UI.Tabs.RESOURCES": "RECURSOS",
    "UI.Column.RESOURCES": "RECURSOS",
    "UI.Field.Stone": "Piedra",
    "UI.Field.stones": "stones",
    "UI.Field.Wood": "Madera",
    "UI.Field.wood": "wood",
    "UI.Field.Sulfur Ore": "Mineral de azufre",
    "UI.Field.sulfur.ore": "sulfur.ore",
    "UI.Field.Metal Ore": "Mineral de metal",
    "UI.Field.metal.ore": "metal.ore",
    "UI.Field.High Quality Metal Ore": "Mineral de metal de alta calidad",
    "UI.Field.hq.metal.ore": "hq.metal.ore",
    "UI.Field.Leather": "Cuero",
    "UI.Field.leather": "leather",
    "UI.Field.Bone Fragments": "Fragmentos de hueso",
    "UI.Field.bone.fragments": "bone.fragments",
    "UI.Field.Animal Fat": "Grasa animal",
    "UI.Field.fat.animal": "fat.animal",
    "UI.Field.Scrap": "Chatarra",
    "UI.Field.scrap": "scrap",
    "UI.Column.FARMING": "AGRICULTURA",
    "UI.Field.Hemp": "Cáñamo",
    "UI.Field.hemp-collectable": "hemp-collectable",
    "UI.Field.Blue Berry": "Baya azul",
    "UI.Field.blue.berry": "blue.berry",
    "UI.Field.Red Berry": "Baya roja",
    "UI.Field.red.berry": "red.berry",
    "UI.Field.Yellow Berry": "Baya amarilla",
    "UI.Field.yellow.berry": "yellow.berry",
    "UI.Field.Black Berry": "Baya negra",
    "UI.Field.black.berry": "black.berry",
    "UI.Field.Green Berry": "Baya verde",
    "UI.Field.green.berry": "green.berry",
    "UI.Field.White Berry": "Baya blanca",
    "UI.Field.white.berry": "white.berry",
    "UI.Field.Potato": "Patata",
    "UI.Field.potato": "potato",
    "UI.Field.Cloth": "Tela",
    "UI.Field.cloth": "cloth",
    "UI.Field.Mushroom": "Seta",
    "UI.Field.mushroom": "mushroom",
    "UI.Field.Corn": "Maíz",
    "UI.Field.corn": "corn",
    "UI.Field.Pumpkin": "Calabaza",
    "UI.Field.pumpkin": "pumpkin",
    "UI.Field.Orchid": "Orquídea",
    "UI.Field.orchid": "orchid",
    "UI.Field.Rose": "Rosa",
    "UI.Field.rose": "rose",
    "UI.Field.Sunflower": "Girasol",
    "UI.Field.sunflower": "sunflower",
    "UI.Field.Wheat": "Trigo",
    "UI.Field.wheat": "wheat",
    "UI.Column.MISC": "VARIOS",
    "UI.Field.Bears": "Osos",
    "UI.Field.bear": "bear",
    "UI.Field.Polar Bears": "Osos polares",
    "UI.Field.polarbear": "polarbear",
    "UI.Field.Boars": "Jabalíes",
    "UI.Field.boar": "boar",
    "UI.Field.Chicken": "Gallina",
    "UI.Field.chicken": "chicken",
    "UI.Field.Stag": "Ciervo",
    "UI.Field.stag": "stag",
    "UI.Field.Wolf": "Lobo",
    "UI.Field.wolf2": "wolf2",
    "UI.Field.Panther": "Pantera",
    "UI.Field.panther": "panther",
    "UI.Field.Crocodile": "Cocodrilo",
    "UI.Field.crocodile": "crocodile",
    "UI.Field.Snake": "Serpiente",
    "UI.Field.snake.entity": "snake.entity",
    "UI.Field.Tiger": "Tigre",
    "UI.Field.tiger": "tiger",
    "UI.Field.Shark": "Tiburón",
    "UI.Field.simpleshark": "simpleshark",
    "UI.Field.Bradley": "Bradley",
    "UI.Field.bradleyapc": "bradleyapc",
    "UI.Field.Helicopter": "Helicóptero",
    "UI.Field.helicopter": "helicopter",
    "UI.Field.Scientist": "Científico",
    "UI.Field.npc_underwaterdweller|scientistnpc_arena|scientistnpc_bradley|scientistnpc_bradley_heavy|scientistnpc_cargo|scientistnpc_cargo_turret_any|scientistnpc_cargo_turret_lr300|scientistnpc_ch47_gunner|scientistnpc_excavator|scientistnpc_full_any|scientistnpc_full_lr300|scientistnpc_full_mp5|scientistnpc_full_pistol|scientistnpc_full_shotgun|scientistnpc_junkpile_pistol|scientistnpc_oilrig|scientistnpc_patrol|scientistnpc_patrol_arctic|scientistnpc_peacekeeper|scientistnpc_roam|scientistnpc_roam_nvg_variant|scientistnpc_roamtethered": "npc_underwaterdweller|scientistnpc_arena|scientistnpc_bradley|scientistnpc_bradley_heavy|scientistnpc_cargo|scientistnpc_cargo_turret_any|scientistnpc_cargo_turret_lr300|scientistnpc_ch47_gunner|scientistnpc_excavator|scientistnpc_full_any|scientistnpc_full_lr300|scientistnpc_full_mp5|scientistnpc_full_pistol|scientistnpc_full_shotgun|scientistnpc_junkpile_pistol|scientistnpc_oilrig|scientistnpc_patrol|scientistnpc_patrol_arctic|scientistnpc_peacekeeper|scientistnpc_roam|scientistnpc_roam_nvg_variant|scientistnpc_roamtethered",
    "UI.Field.Heavy Scientist": "Científico Pesado",
    "UI.Field.scientistnpc_heavy": "scientistnpc_heavy",
    "UI.Field.Tunnel Dweller": "Habitante del túnel",
    "UI.Field.npc_tunneldweller|npc_tunneldwellerspawned": "npc_tunneldweller|npc_tunneldwellerspawned",
    "UI.Field.Underwater Lab Dweller": "Habitante del laboratorio submarino",
    "UI.Field.npc_underwaterdweller": "npc_underwaterdweller",
    "UI.Column.RAID": "ASALTO",
    "UI.Field.Satchel": "Bolsa explosiva",
    "UI.Field.explosive.satchel": "explosive.satchel",
    "UI.Field.Molotov": "Molotov",
    "UI.Field.grenade.molotov": "grenade.molotov",
    "UI.Field.Flashbang": "Granada aturdidora",
    "UI.Field.grenade.flashbang": "grenade.flashbang",
    "UI.Field.Survey Charge": "Carga de prospección",
    "UI.Field.surveycharge": "surveycharge",
    "UI.Field.Grenade": "Granada",
    "UI.Field.grenade.f1": "grenade.f1",
    "UI.Field.Beancan": "Lata explosiva",
    "UI.Field.grenade.beancan": "grenade.beancan",
    "UI.Field.Rocket": "Cohete",
    "UI.Field.ammo.rocket.basic": "ammo.rocket.basic",
    "UI.Field.Incendiary Rocket": "Cohete incendiario",
    "UI.Field.ammo.rocket.fire": "ammo.rocket.fire",
    "UI.Field.Rocket HV": "Cohete HV",
    "UI.Field.ammo.rocket.hv": "ammo.rocket.hv",
    "UI.Field.Explosive 5.56 Rifle Ammo": "Munición explosiva de fusil 5.56",
    "UI.Field.ammo.rifle.explosive": "ammo.rifle.explosive",
    "UI.Field.GL HE": "LG AE",
    "UI.Field.ammo.grenadelauncher.he": "ammo.grenadelauncher.he",
    "UI.Field.C4": "C4",
    "UI.Field.explosive.timed": "explosive.timed",
    "UI.Field.MLRS Rocket": "Cohete MLRS",
    "UI.Field.ammo.rocket.mlrs": "ammo.rocket.mlrs",
    "UI.Column.RECYCLED": "RECICLADO",
    "UI.Field.Propane Tanks": "Tanques de propano",
    "UI.Field.propanetank": "propanetank",
    "UI.Field.Gears": "Engranajes",
    "UI.Field.gears": "gears",
    "UI.Field.Metal Pipe": "Tubería de metal",
    "UI.Field.metalpipe": "metalpipe",
    "UI.Field.Rifle Body": "Cuerpo de rifle",
    "UI.Field.riflebody": "riflebody",
    "UI.Field.Semi Body": "Cuerpo semiautomático",
    "UI.Field.semibody": "semibody",
    "UI.Field.Metal Springs": "Muelles de metal",
    "UI.Field.metalspring": "metalspring",
    "UI.Field.Road Signs": "Señales de tráfico",
    "UI.Field.roadsigns": "roadsigns",
    "UI.Field.Sewing Kits": "Kits de costura",
    "UI.Field.sewingkit": "sewingkit",
    "UI.Field.Tarp": "Lona",
    "UI.Field.tarp": "tarp",
    "UI.Field.Rope": "Cuerda",
    "UI.Field.rope": "rope",
    "UI.Field.Sheet Metal": "Chapa metálica",
    "UI.Field.sheetmetal": "sheetmetal",
    "UI.Field.Fuse": "Fusible",
    "UI.Field.fuse": "fuse",
    "UI.Field.Metal Blade": "Hoja de metal",
    "UI.Field.metalblade": "metalblade",
    "UI.Field.SMG Body": "Cuerpo de subfusil",
    "UI.Field.smgbody": "smgbody",
    "UI.Field.Tech Parts": "Piezas tecnológicas",
    "UI.Field.techparts": "techparts",
    "UI.Field.Targeting Computer": "Computadora de apuntado",
    "UI.Field.targeting.computer": "targeting.computer",
    "UI.Field.CCTV Camera": "Cámara CCTV",
    "UI.Field.cctv.camera": "cctv.camera",
    "UI.Column.FIRED": "DISPARADO",
    "UI.Field.Pistol": "Pistola",
    "UI.Field.ammo.pistol": "ammo.pistol",
    "UI.Field.Pistol Incendiary": "Pistola (incendiaria)",
    "UI.Field.ammo.pistol.fire": "ammo.pistol.fire",
    "UI.Field.Pistol HV": "Pistola HV",
    "UI.Field.ammo.pistol.hv": "ammo.pistol.hv",
    "UI.Field.Nailguns": "Clavadoras",
    "UI.Field.ammo.nailgun.nails": "ammo.nailgun.nails",
    "UI.Field.Rifle": "Fusil",
    "UI.Field.ammo.rifle": "ammo.rifle",
    "UI.Field.Rifle HV": "Fusil HV",
    "UI.Field.ammo.rifle.hv": "ammo.rifle.hv",
    "UI.Field.Rifle Incendiary": "Fusil (incendiario)",
    "UI.Field.ammo.rifle.incendiary": "ammo.rifle.incendiary",
    "UI.Field.HandMades": "Artesanales",
    "UI.Field.ammo.handmade.shell": "ammo.handmade.shell",
    "UI.Field.GL Buckshot": "LG perdigones",
    "UI.Field.ammo.grenadelauncher.buckshot": "ammo.grenadelauncher.buckshot",
    "UI.Field.Shotgun Slug": "Bala de escopeta",
    "UI.Field.ammo.shotgun.slug": "ammo.shotgun.slug",
    "UI.Field.Shotgun Fire": "Escopeta incendiaria",
    "UI.Field.ammo.shotgun.fire": "ammo.shotgun.fire",
    "UI.Field.Shotgun": "Escopeta",
    "UI.Field.ammo.shotgun": "ammo.shotgun",
    "UI.Field.SnowBall": "Bola de nieve",
    "UI.Field.snowball": "snowball",
    "UI.Field.Wooden Arrow": "Flecha de madera",
    "UI.Field.arrow.wooden": "arrow.wooden",
    "UI.Field.Fire Arrow": "Flecha de fuego",
    "UI.Field.arrow.fire": "arrow.fire",
    "UI.Field.Bone Arrow": "Flecha de hueso",
    "UI.Field.arrow.bone": "arrow.bone",
    "UI.Field.High Velocity Arrow": "Flecha de alta velocidad",
    "UI.Field.arrow.hv": "arrow.hv",
    "UI.Column.FISHING": "PESCA",
    "UI.Field.Anchovy": "Anchoa",
    "UI.Field.fish.anchovy": "fish.anchovy",
    "UI.Field.Catfish": "Bagre",
    "UI.Field.fish.catfish": "fish.catfish",
    "UI.Field.Herring": "Arenque",
    "UI.Field.fish.herring": "fish.herring",
    "UI.Field.Orange Roughy": "Orange roughy",
    "UI.Field.fish.orangeroughy": "fish.orangeroughy",
    "UI.Field.Salmon": "Salmón",
    "UI.Field.fish.salmon": "fish.salmon",
    "UI.Field.Sardine": "Sardina",
    "UI.Field.fish.sardine": "fish.sardine",
    "UI.Field.Small Shark": "Tiburón pequeño",
    "UI.Field.fish.smallshark": "fish.smallshark",
    "UI.Field.Small Trout": "Trucha pequeña",
    "UI.Field.fish.troutsmall": "fish.troutsmall",
    "UI.Field.Yellow Perch": "Perca amarilla",
    "UI.Field.fish.yellowperch": "fish.yellowperch",
    "UI.Field.Minnows": "Alevines",
    "UI.Field.fish.minnows": "fish.minnows",
    "UI.Column.CRAFTED": "FABRICADO",
    "UI.Field.Garage Door": "Puerta de garaje",
    "UI.Field.wall.frame.garagedoor": "wall.frame.garagedoor",
    "UI.Field.Sheet Metal Double Door": "Puerta doble de chapa metálica",
    "UI.Field.door.double.hinged.metal": "door.double.hinged.metal",
    "UI.Field.Armored Double Door": "Puerta doble blindada",
    "UI.Field.door.double.hinged.toptier": "door.double.hinged.toptier",
    "UI.Field.Wood Double Door": "Puerta doble de madera",
    "UI.Field.door.double.hinged.wood": "door.double.hinged.wood",
    "UI.Field.Sheet Metal Door": "Puerta de chapa metálica",
    "UI.Field.door.hinged.metal": "door.hinged.metal",
    "UI.Field.Armored Door": "Puerta blindada",
    "UI.Field.door.hinged.toptier": "door.hinged.toptier",
    "UI.Field.Wood Door": "Puerta de madera",
    "UI.Field.door.hinged.wood": "door.hinged.wood",
    "UI.Field.Large Wood Box": "Caja grande de madera",
    "UI.Field.box.wooden.large": "box.wooden.large",
    "UI.Field.Wood Storage Box": "Caja de almacenamiento de madera",
    "UI.Field.box.wooden": "box.wooden",
    "UI.Field.Flame Turret": "Torreta lanzallamas",
    "UI.Field.flameturret": "flameturret",
    "UI.Field.Shotgun Trap": "Trampa de escopeta",
    "UI.Field.guntrap": "guntrap",
    "UI.Field.Auto Turret": "Torreta automática",
    "UI.Field.autoturret": "autoturret",
    "UI.Field.Code Lock": "Cerradura de código",
    "UI.Field.lock.code": "lock.code",
    "UI.Field.Key Lock": "Cerradura de llave",
    "UI.Field.lock.key": "lock.key",
    "UI.Field.Wooden Ladder": "Escalera de madera",
    "UI.Field.ladder.wooden.wall": "ladder.wooden.wall",
    "UI.Field.Medical Syringe": "Jeringa médica",
    "UI.Field.syringe.medical": "syringe.medical",
    "UI.Field.Bandage": "Vendaje",
    "UI.Field.bandage": "bandage",
    "UI.Field.Large Medkit": "Botiquín grande",
    "UI.Field.largemedkit": "largemedkit",
    "UI.Field.Rocket Launcher": "Lanzacohetes",
    "UI.Field.rocket.launcher": "rocket.launcher",
    "UI.Field.HV Rocket": "Cohete HV",
    "UI.Field.Explosives": "Explosivos",
    "UI.Field.explosives": "explosives",
    "UI.Field.Gun Powder": "Pólvora",
    "UI.Field.gunpowder": "gunpowder",
    "UI.Field.Low Grade Fuel": "Combustible de baja calidad",
    "UI.Field.lowgradefuel": "lowgradefuel",
    "UI.Column.LOOTED": "SAQUEADO",
    "UI.Field.Normal Crate": "Caja normal",
    "UI.Field.crate_normal_2": "crate_normal_2",
    "UI.Field.Basic Crate": "Caja básica",
    "UI.Field.crate_basic": "crate_basic",
    "UI.Field.Elite Crate": "Caja de élite",
    "UI.Field.crate_elite": "crate_elite",
    "UI.Field.Military Crate": "Caja militar",
    "UI.Field.crate_normal": "crate_normal",
    "UI.Field.Tools Crate": "Caja de herramientas",
    "UI.Field.crate_tools": "crate_tools",
    "UI.Field.Supply Drop": "Suministro aéreo",
    "UI.Field.supply_drop": "supply_drop",
    "UI.Field.Locked Crate": "Caja cerrada",
    "UI.Field.codelockedhackablecrate|codelockedhackablecrate_oilrig": "codelockedhackablecrate|codelockedhackablecrate_oilrig",
    "UI.Tabs.BUILDING": "CONSTRUCCIÓN",
    "UI.Tabs.HITRATE": "PRECISIÓN",
    "UI.Field.Head kills": "Muertes a la cabeza",
    "UI.Field.HEAD": "CABEZA",
    "UI.Leaderboard.Column.Nickname": "Apodo",
    "UI.Leaderboard.Column.Kills": "Asesinatos",
    "UI.Leaderboard.Column.Deaths": "Muertes",
    "UI.Leaderboard.Column.KDR": "A/MR",
    "UI.Leaderboard.Column.NPC Kills": "Asesinatos a PNJ",
    "UI.Leaderboard.Column.Total online": "Total en línea",
    "UI.Leaderboard.Column.Scores": "Puntuaciones",
    "UI.BodyParts.HEAD": "CABEZA",
    "UI.BodyParts.ARM": "BRAZO",
    "UI.BodyParts.CHEST": "PECHO",
    "UI.BodyParts.HIP": "CADERA",
    "UI.BodyParts.BODY": "CUERPO",
    "UI.BodyParts.NECK": "CUELLO",
    "UI.Building.wall.frame_twigs": "MURO.MARCO- RAMAS",
    "UI.Grade.twigs": "TWIGS",
    "UI.Building.wall.frame_wood": "MURO.MARCO- MADERA",
    "UI.Grade.wood": "WOOD",
    "UI.Building.wall.frame_stone": "MURO.MARCO- PIEDRA",
    "UI.Grade.stone": "STONE",
    "UI.Building.wall.frame_metal": "MURO.MARCO- METAL",
    "UI.Grade.metal": "METAL",
    "UI.Building.wall.frame_toptier": "MURO.MARCO- NIVEL SUPERIOR",
    "UI.Grade.toptier": "TOPTIER",
    "UI.Building.wall.frame_count": "MURO.MARCO- CONTEO",
    "UI.Grade.count": "COUNT",
    "UI.Building.wall.frame_none": "MURO.MARCO- NINGUNO",
    "UI.Grade.none": "NONE",
    "UI.Building.block.stair.ushape_twigs": "BLOQUE.ESCALERA.U- RAMAS",
    "UI.Building.block.stair.ushape_wood": "BLOQUE.ESCALERA.U- MADERA",
    "UI.Building.block.stair.ushape_stone": "BLOQUE.ESCALERA.U- PIEDRA",
    "UI.Building.block.stair.ushape_metal": "BLOQUE.ESCALERA.U- METAL",
    "UI.Building.block.stair.ushape_toptier": "BLOQUE.ESCALERA.U- NIVEL SUPERIOR",
    "UI.Building.block.stair.ushape_count": "BLOQUE.ESCALERA.U- CONTEO",
    "UI.Building.block.stair.ushape_none": "BLOQUE.ESCALERA.U- NINGUNO",
    "UI.Building.roof_twigs": "TECHO- RAMAS",
    "UI.Building.roof_wood": "TECHO- MADERA",
    "UI.Building.roof_stone": "TECHO- PIEDRA",
    "UI.Building.roof_metal": "TECHO- METAL",
    "UI.Building.roof_toptier": "TECHO- NIVEL SUPERIOR",
    "UI.Building.roof_count": "TECHO- CONTEO",
    "UI.Building.roof_none": "TECHO- NINGUNO",
    "UI.Building.wall.window_twigs": "MURO.VENTANA- RAMAS",
    "UI.Building.wall.window_wood": "MURO.VENTANA- MADERA",
    "UI.Building.wall.window_stone": "MURO.VENTANA- PIEDRA",
    "UI.Building.wall.window_metal": "MURO.VENTANA- METAL",
    "UI.Building.wall.window_toptier": "MURO.VENTANA- NIVEL SUPERIOR",
    "UI.Building.wall.window_count": "MURO.VENTANA- CONTEO",
    "UI.Building.wall.window_none": "MURO.VENTANA- NINGUNO",
    "UI.Building.floor.triangle.frame_twigs": "SUELO.TRIÁNGULO.MARCO- RAMAS",
    "UI.Building.floor.triangle.frame_wood": "SUELO.TRIÁNGULO.MARCO- MADERA",
    "UI.Building.floor.triangle.frame_stone": "SUELO.TRIÁNGULO.MARCO- PIEDRA",
    "UI.Building.floor.triangle.frame_metal": "SUELO.TRIÁNGULO.MARCO- METAL",
    "UI.Building.floor.triangle.frame_toptier": "SUELO.TRIÁNGULO.MARCO- NIVEL SUPERIOR",
    "UI.Building.floor.triangle.frame_count": "SUELO.TRIÁNGULO.MARCO- CONTEO",
    "UI.Building.floor.triangle.frame_none": "SUELO.TRIÁNGULO.MARCO- NINGUNO",
    "UI.Building.wall.low_twigs": "MURO.BAJO- RAMAS",
    "UI.Building.wall.low_wood": "MURO.BAJO- MADERA",
    "UI.Building.wall.low_stone": "MURO.BAJO- PIEDRA",
    "UI.Building.wall.low_metal": "MURO.BAJO- METAL",
    "UI.Building.wall.low_toptier": "MURO.BAJO- NIVEL SUPERIOR",
    "UI.Building.wall.low_count": "MURO.BAJO- CONTEO",
    "UI.Building.wall.low_none": "MURO.BAJO- NINGUNO",
    "UI.Building.wall.half_twigs": "MURO.MEDIO- RAMAS",
    "UI.Building.wall.half_wood": "MURO.MEDIO- MADERA",
    "UI.Building.wall.half_stone": "MURO.MEDIO- PIEDRA",
    "UI.Building.wall.half_metal": "MURO.MEDIO- METAL",
    "UI.Building.wall.half_toptier": "MURO.MEDIO- NIVEL SUPERIOR",
    "UI.Building.wall.half_count": "MURO.MEDIO- CONTEO",
    "UI.Building.wall.half_none": "MURO.MEDIO- NINGUNO",
    "UI.Building.roof.triangle_twigs": "TECHO.TRIÁNGULO- RAMAS",
    "UI.Building.roof.triangle_wood": "TECHO.TRIÁNGULO- MADERA",
    "UI.Building.roof.triangle_stone": "TECHO.TRIÁNGULO- PIEDRA",
    "UI.Building.roof.triangle_metal": "TECHO.TRIÁNGULO- METAL",
    "UI.Building.roof.triangle_toptier": "TECHO.TRIÁNGULO- NIVEL SUPERIOR",
    "UI.Building.roof.triangle_count": "TECHO.TRIÁNGULO- CONTEO",
    "UI.Building.roof.triangle_none": "TECHO.TRIÁNGULO- NINGUNO",
    "UI.Building.foundation.steps_twigs": "CIMENTACIÓN.ESCALONES- RAMAS",
    "UI.Building.foundation.steps_wood": "CIMENTACIÓN.ESCALONES- MADERA",
    "UI.Building.foundation.steps_stone": "CIMENTACIÓN.ESCALONES- PIEDRA",
    "UI.Building.foundation.steps_metal": "CIMENTACIÓN.ESCALONES- METAL",
    "UI.Building.foundation.steps_toptier": "CIMENTACIÓN.ESCALONES- NIVEL SUPERIOR",
    "UI.Building.foundation.steps_count": "CIMENTACIÓN.ESCALONES- CONTEO",
    "UI.Building.foundation.steps_none": "CIMENTACIÓN.ESCALONES- NINGUNO",
    "UI.Building.floor_twigs": "SUELO- RAMAS",
    "UI.Building.floor_wood": "SUELO- MADERA",
    "UI.Building.floor_stone": "SUELO- PIEDRA",
    "UI.Building.floor_metal": "SUELO- METAL",
    "UI.Building.floor_toptier": "SUELO- NIVEL SUPERIOR",
    "UI.Building.floor_count": "SUELO- CONTEO",
    "UI.Building.floor_none": "SUELO- NINGUNO",
    "UI.Building.ramp_twigs": "RAMPA- RAMAS",
    "UI.Building.ramp_wood": "RAMPA- MADERA",
    "UI.Building.ramp_stone": "RAMPA- PIEDRA",
    "UI.Building.ramp_metal": "RAMPA- METAL",
    "UI.Building.ramp_toptier": "RAMPA- NIVEL SUPERIOR",
    "UI.Building.ramp_count": "RAMPA- CONTEO",
    "UI.Building.ramp_none": "RAMPA- NINGUNO",
    "UI.Building.wall_twigs": "MURO- RAMAS",
    "UI.Building.wall_wood": "MURO- MADERA",
    "UI.Building.wall_stone": "MURO- PIEDRA",
    "UI.Building.wall_metal": "MURO- METAL",
    "UI.Building.wall_toptier": "MURO- NIVEL SUPERIOR",
    "UI.Building.wall_count": "MURO- CONTEO",
    "UI.Building.wall_none": "MURO- NINGUNO",
    "UI.Building.wall.doorway_twigs": "MURO.MARCOPUERTA- RAMAS",
    "UI.Building.wall.doorway_wood": "MURO.MARCOPUERTA- MADERA",
    "UI.Building.wall.doorway_stone": "MURO.MARCOPUERTA- PIEDRA",
    "UI.Building.wall.doorway_metal": "MURO.MARCOPUERTA- METAL",
    "UI.Building.wall.doorway_toptier": "MURO.MARCOPUERTA- NIVEL SUPERIOR",
    "UI.Building.wall.doorway_count": "MURO.MARCOPUERTA- CONTEO",
    "UI.Building.wall.doorway_none": "MURO.MARCOPUERTA- NINGUNO",
    "UI.Building.block.stair.lshape_twigs": "BLOQUE.ESCALERA.L- RAMAS",
    "UI.Building.block.stair.lshape_wood": "BLOQUE.ESCALERA.L- MADERA",
    "UI.Building.block.stair.lshape_stone": "BLOQUE.ESCALERA.L- PIEDRA",
    "UI.Building.block.stair.lshape_metal": "BLOQUE.ESCALERA.L- METAL",
    "UI.Building.block.stair.lshape_toptier": "BLOQUE.ESCALERA.L- NIVEL SUPERIOR",
    "UI.Building.block.stair.lshape_count": "BLOQUE.ESCALERA.L- CONTEO",
    "UI.Building.block.stair.lshape_none": "BLOQUE.ESCALERA.L- NINGUNO",
    "UI.Building.foundation.triangle_twigs": "CIMENTACIÓN.TRIÁNGULO- RAMAS",
    "UI.Building.foundation.triangle_wood": "CIMENTACIÓN.TRIÁNGULO- MADERA",
    "UI.Building.foundation.triangle_stone": "CIMENTACIÓN.TRIÁNGULO- PIEDRA",
    "UI.Building.foundation.triangle_metal": "CIMENTACIÓN.TRIÁNGULO- METAL",
    "UI.Building.foundation.triangle_toptier": "CIMENTACIÓN.TRIÁNGULO- NIVEL SUPERIOR",
    "UI.Building.foundation.triangle_count": "CIMENTACIÓN.TRIÁNGULO- CONTEO",
    "UI.Building.foundation.triangle_none": "CIMENTACIÓN.TRIÁNGULO- NINGUNO",
    "UI.Building.floor.triangle_twigs": "SUELO.TRIÁNGULO- RAMAS",
    "UI.Building.floor.triangle_wood": "SUELO.TRIÁNGULO- MADERA",
    "UI.Building.floor.triangle_stone": "SUELO.TRIÁNGULO- PIEDRA",
    "UI.Building.floor.triangle_metal": "SUELO.TRIÁNGULO- METAL",
    "UI.Building.floor.triangle_toptier": "SUELO.TRIÁNGULO- NIVEL SUPERIOR",
    "UI.Building.floor.triangle_count": "SUELO.TRIÁNGULO- CONTEO",
    "UI.Building.floor.triangle_none": "SUELO.TRIÁNGULO- NINGUNO",
    "UI.Building.floor.frame_twigs": "SUELO.MARCO- RAMAS",
    "UI.Building.floor.frame_wood": "SUELO.MARCO- MADERA",
    "UI.Building.floor.frame_stone": "SUELO.MARCO- PIEDRA",
    "UI.Building.floor.frame_metal": "SUELO.MARCO- METAL",
    "UI.Building.floor.frame_toptier": "SUELO.MARCO- NIVEL SUPERIOR",
    "UI.Building.floor.frame_count": "SUELO.MARCO- CONTEO",
    "UI.Building.floor.frame_none": "SUELO.MARCO- NINGUNO",
    "UI.Building.foundation_twigs": "CIMENTACIÓN- RAMAS",
    "UI.Building.foundation_wood": "CIMENTACIÓN- MADERA",
    "UI.Building.foundation_stone": "CIMENTACIÓN- PIEDRA",
    "UI.Building.foundation_metal": "CIMENTACIÓN- METAL",
    "UI.Building.foundation_toptier": "CIMENTACIÓN- NIVEL SUPERIOR",
    "UI.Building.foundation_count": "CIMENTACIÓN- CONTEO",
    "UI.Building.foundation_none": "CIMENTACIÓN- NINGUNO",
    "UI.Building.block.stair.spiral_twigs": "BLOQUE.ESCALERA.ESPIRAL- RAMAS",
    "UI.Building.block.stair.spiral_wood": "BLOQUE.ESCALERA.ESPIRAL- MADERA",
    "UI.Building.block.stair.spiral_stone": "BLOQUE.ESCALERA.ESPIRAL- PIEDRA",
    "UI.Building.block.stair.spiral_metal": "BLOQUE.ESCALERA.ESPIRAL- METAL",
    "UI.Building.block.stair.spiral_toptier": "BLOQUE.ESCALERA.ESPIRAL- NIVEL SUPERIOR",
    "UI.Building.block.stair.spiral_count": "BLOQUE.ESCALERA.ESPIRAL- CONTEO",
    "UI.Building.block.stair.spiral_none": "BLOQUE.ESCALERA.ESPIRAL- NINGUNO",
    "UI.Building.block.stair.spiral.triangle_twigs": "BLOQUE.ESCALERA.ESPIRAL.TRIÁNGULO- RAMAS",
    "UI.Building.block.stair.spiral.triangle_wood": "BLOQUE.ESCALERA.ESPIRAL.TRIÁNGULO- MADERA",
    "UI.Building.block.stair.spiral.triangle_stone": "BLOQUE.ESCALERA.ESPIRAL.TRIÁNGULO- PIEDRA",
    "UI.Building.block.stair.spiral.triangle_metal": "BLOQUE.ESCALERA.ESPIRAL.TRIÁNGULO- METAL",
    "UI.Building.block.stair.spiral.triangle_toptier": "BLOQUE.ESCALERA.ESPIRAL.TRIÁNGULO- NIVEL SUPERIOR",
    "UI.Building.block.stair.spiral.triangle_count": "BLOQUE.ESCALERA.ESPIRAL.TRIÁNGULO- CONTEO",
    "UI.Building.block.stair.spiral.triangle_none": "BLOQUE.ESCALERA.ESPIRAL.TRIÁNGULO- NINGUNO"
}
