{
    "Playtime": "<color=#838383>[</color><color=#f7432a>BestRust Servers</color><color=#838383>]</color> Du kan få <color=#7dda58>slippe venteliste</color> ved å oppnå en viss spilletid på Bestrust-serverne.\n\nDu kan sjekke spilletiden din og lese mer info med kommandoen <color=#ff5c45>/playtime</color>.",
    "RustMagic": "<color=#838383>[</color><color=#f7432a>BestRust Servers</color><color=#838383>]</color> Få <color=#f5e942>3 gratisskinn med høy verdi</color> her ved å bruke <color=#f5e942>BESTRUST-kode</color>: https://splits.gg/r/BESTRUST",
    "Store": "<color=#838383>[</color><color=#f7432a>BestRust Servers</color><color=#838383>]</color> Du kan kjøpe <color=#f5e942>VIP - Slippe venteliste for kun 1€</color>, sjekk ut vår butikk! Klikk på vis nettside for å nå vår butikk.<color=#ff5c45>https://store.bestrustservers.com/</color>",
    "Staff": "<color=#838383>[</color><color=#f7432a>BestRust Servers</color><color=#838383>]</color> Vil du tjene <color=#f5e942>gratis VIP, ekte penger eller skinn</color>?\nVi ser etter nye medarbeidere. Du kan søke som <color=#7dda58>Moderator</color>, <color=#da5a5a>Admin</color>, <color=#cc6ce7>Community Manager</color> eller <color=#d49a17>Content Creator</color>.\n\nHvis du er interessert, besøk #open-applications-kanalen på vår Discord: <color=#ff5c45>discord.gg/bestrustservers</color>",
    "RustMagic2": "<color=#838383>[</color><color=#f7432a>BestRust Servers</color><color=#838383>]</color> Få <color=#f5e942>3 gratisskinn med høy verdi</color> her ved å bruke <color=#f5e942>BESTRUST-kode</color>: https://splits.gg/r/BESTRUST",
    "Store2": "<color=#838383>[</color><color=#f7432a>BestRust Servers</color><color=#838383>]</color> Du kan kjøpe <color=#f5e942>VIP - Slippe venteliste for kun 1€</color>, sjekk ut vår butikk! Klikk på vis nettside for å nå vår butikk.<color=#ff5c45>https://store.bestrustservers.com/</color>",
    "Discord": "<color=#838383>[</color><color=#f7432a>BestRust Servers</color><color=#838383>]</color> Hvis du trenger hjelp eller vil rapportere en spiller, vennligst opprett en billett på vår Discord. Vi hjelper deg gjerne! <color=#ff5c45>discord.gg/bestrustservers</color>"
}