{
    "Store": "<color=#838383>[</color><color=#f7432a>BestRust Servers</color><color=#838383>]</color> Butikken vår er veldig lett å bruke. Du kan kjøpe <color=#f5e942>VIP Ranks og Kits</color> for <color=#f5e942>så lite som 1€</color> og få dem med en gang. \nDu kan betale med <color=#ff7763>alle betalingsmetoder</color>, til og med <color=#f5e942>Rust skins</color> og <color=#f5e942>krypto</color>. Bruk <color=#f7432a>/kit</color> og sjekk ut kitsene.\n\nVIP-fordeler inkluderer <color=#ff7763>Kits</color>, <color=#ff7763>Hopp over ventekø</color>, <color=#ff7763>Skinbox</color>, <color=#ff7763>Start med mer helse, vann og mat</color> & <color=#ff7763>mye mer</color>, så sørg for å sjekke ut butikken vår!\n\nTakk til alle som støtter serverne våre og hjelper oss med å holde dem i gang!\n\n<color=#ff5c45>https://store.bestrustservers.com/</color>",
    "Splits": "<color=#838383>[</color><color=#f7432a>BestRust Servers</color><color=#838383>]</color> Get <color=#f5e942>Multiple Very OP kit rewards</color> for depositing on splits.gg with the <color=#f5e942>BESTRUST code</color>. </color>Check <color=#ff5c45>/kit</color> for the rewards and make sure you use the <color=#f5e942>BESTRUST code</color> when you deposit on splits.gg",
    "PlaytimeRewards": "<color=#838383>[</color><color=#f7432a>BestRust Servers</color><color=#838383>]</color> Du kan tjene <color=#7dda58>gratis kits</color> og <color=#e1c05f>belønninger</color> ved å nå visse spilletider på BestRust-serverne.\n\nDu kan sjekke spilletiden din og lese mer info med <color=#ff5c45>/playtime</color>-kommandoen.",
    "Store2": "<color=#838383>[</color><color=#f7432a>BestRust Servers</color><color=#838383>]</color> Butikken vår er veldig lett å bruke. Du kan kjøpe <color=#f5e942>VIP Ranks og Kits</color> for <color=#f5e942>så lite som 1€</color> og få dem med en gang. \nDu kan betale med <color=#ff7763>alle betalingsmetoder</color>, til og med <color=#f5e942>Rust skins</color> og <color=#f5e942>krypto</color>. Bruk <color=#f7432a>/kit</color> og sjekk ut kitsene.\n\nVIP-fordeler inkluderer <color=#ff7763>Kits</color>, <color=#ff7763>Hopp over ventekø</color>, <color=#ff7763>Skinbox</color>, <color=#ff7763>Start med mer helse, vann og mat</color> & <color=#ff7763>mye mer</color>, så sørg for å sjekke ut butikken vår!\n\nTakk til alle som støtter serverne våre og hjelper oss med å holde dem i gang!\n\n<color=#ff5c45>https://store.bestrustservers.com/</color>",
    "Splits2": "<color=#838383>[</color><color=#f7432a>BestRust Servers</color><color=#838383>]</color> Get <color=#f5e942>3 free high value rust skins and a free kit</color> by using the <color=#f5e942>BESTRUST code</color>on splits.gg",
    "Staff": "<color=#838383>[</color><color=#f7432a>BestRust Servers</color><color=#838383>]</color> Vil du tjene <color=#f5e942>gratis VIP, ekte penger eller skins</color>?\nVi ser etter nye ansatte. Du kan søke som <color=#7dda58>Moderator</color>, <color=#da5a5a>Admin</color>, <color=#cc6ce7>Community Manager</color> eller <color=#d49a17>Content Creator</color>.\n\nHvis du er interessert, besøk #open-applications-kanalen på discord: <color=#ff5c45>discord.gg/bestrustservers</color>",
    "Store3": "<color=#838383>[</color><color=#f7432a>BestRust Servers</color><color=#838383>]</color> Butikken vår er veldig lett å bruke. Du kan kjøpe <color=#f5e942>VIP Ranks og Kits</color> for <color=#f5e942>så lite som 1€</color> og få dem med en gang. \nDu kan betale med <color=#ff7763>alle betalingsmetoder</color>, til og med <color=#f5e942>Rust skins</color> og <color=#f5e942>krypto</color>. Bruk <color=#f7432a>/kit</color> og sjekk ut kitsene.\n\nVIP-fordeler inkluderer <color=#ff7763>Kits</color>, <color=#ff7763>Hopp over ventekø</color>, <color=#ff7763>Skinbox</color>, <color=#ff7763>Start med mer helse, vann og mat</color> & <color=#ff7763>mye mer</color>, så sørg for å sjekke ut butikken vår!\n\nTakk til alle som støtter serverne våre og hjelper oss med å holde dem i gang!\n\n<color=#ff5c45>https://store.bestrustservers.com/</color>",
    "Splits3": "<color=#838383>[</color><color=#f7432a>BestRust Servers</color><color=#838383>]</color> Get <color=#f5e942>Multiple Very OP kit rewards</color> for depositing on splits.gg with the <color=#f5e942>BESTRUST code</color>. </color>Check <color=#ff5c45>/kit</color> for the rewards and make sure you use the <color=#f5e942>BESTRUST code</color> when you deposit on splits.gg",
    "Discord": "<color=#838383>[</color><color=#f7432a>BestRust Servers</color><color=#838383>]</color> Hvis du trenger hjelp eller vil rapportere en spiller, vennligst opprett en ticket på discorden vår. Vi er alltid glade for å hjelpe deg! <color=#ff5c45>discord.gg/bestrustservers</color>"
}
