{
    "Playtime": "<color=#838383>[</color><color=#f7432a>BestRust Servers</color><color=#838383>]</color> Pots obtenir <color=#7dda58>salta't la cua</color> arribant a cert temps jugat als servidors de Bestrust.\n\nPots consultar el teu temps jugat i llegir més informació amb la comanda <color=#ff5c45>/playtime</color>.",
    "RustMagic": "<color=#838383>[</color><color=#f7432a>BestRust Servers</color><color=#838383>]</color> Aconsegueix <color=#f5e942>3 skins de Rust de gran valor gratuïtes</color> aquí utilitzant el codi <color=#f5e942>BESTRUST</color>: https://splits.gg/r/BESTRUST",
    "Store": "<color=#838383>[</color><color=#f7432a>BestRust Servers</color><color=#838383>]</color> Pots comprar <color=#f5e942>VIP - Salta't la cua per només 1€</color>, fes un cop d'ull a la nostra botiga! Clica a veure pàgina web per accedir a la nostra botiga.<color=#ff5c45>https://store.bestrustservers.com/</color>",
    "Staff": "<color=#838383>[</color><color=#f7432a>BestRust Servers</color><color=#838383>]</color> Vols guanyar <color=#f5e942>VIP gratuït, diners reals o skins</color>?\nEstem buscant nous membres per al personal. Pots sol·licitar ser <color=#7dda58>Moderador</color>, <color=#da5a5a>Admin</color>, <color=#cc6ce7>Community Manager</color> o <color=#d49a17>Creador de Contingut</color>.\n\nSi estàs interessat, visita el canal #open-applications al nostre discord: <color=#ff5c45>discord.gg/bestrustservers</color>",
    "RustMagic2": "<color=#838383>[</color><color=#f7432a>BestRust Servers</color><color=#838383>]</color> Aconsegueix <color=#f5e942>3 skins de Rust de gran valor gratuïtes</color> aquí utilitzant el codi <color=#f5e942>BESTRUST</color>: https://splits.gg/r/BESTRUST",
    "Store2": "<color=#838383>[</color><color=#f7432a>BestRust Servers</color><color=#838383>]</color> Pots comprar <color=#f5e942>VIP - Salta't la cua per només 1€</color>, fes un cop d'ull a la nostra botiga! Clica a veure pàgina web per accedir a la nostra botiga.<color=#ff5c45>https://store.bestrustservers.com/</color>",
    "Discord": "<color=#838383>[</color><color=#f7432a>BestRust Servers</color><color=#838383>]</color> Si necessites ajuda o vols reportar un jugador, si us plau crea un tiquet al nostre discord. Estem sempre encantats d'ajudar-te! <color=#ff5c45>discord.gg/bestrustservers</color>"
}