{
    "Store": "<color=#838383>[</color><color=#f7432a>BestRust Servers</color><color=#838383>]</color> La nostra botiga és molt fàcil d’usar, pots comprar <color=#f5e942>Rangs VIP i Kits</color> per <color=#f5e942>tan sols 1€</color> i els rebràs immediatament. \nPots pagar amb <color=#ff7763>tots els mètodes de pagament</color>, fins i tot <color=#f5e942>skins de Rust</color> i <color=#f5e942>cripto</color>. Usa <color=#f7432a>/kit</color> i mira els kits.\n\nEls beneficis VIP inclouen <color=#ff7763>Kits</color>, <color=#ff7763>Salt de Cua</color>, <color=#ff7763>Skinbox</color>, <color=#ff7763>Aparèixer amb més vida, aigua i menjar</color> i <color=#ff7763>molts més</color>, així que no oblidis visitar la nostra botiga!\n\nGràcies a tothom que dona suport als nostres servidors i ens ajuda a mantenir-los en funcionament!\n\n<color=#ff5c45>https://store.bestrustservers.com/</color>",
    "Splits": "<color=#838383>[</color><color=#f7432a>BestRust Servers</color><color=#838383>]</color> Get <color=#f5e942>Multiple Very OP kit rewards</color> for depositing on splits.gg with the <color=#f5e942>BESTRUST code</color>. </color>Check <color=#ff5c45>/kit</color> for the rewards and make sure you use the <color=#f5e942>BESTRUST code</color> when you deposit on splits.gg",
    "PlaytimeRewards": "<color=#838383>[</color><color=#f7432a>BestRust Servers</color><color=#838383>]</color> Pots guanyar <color=#7dda58>kits gratuïts</color> i <color=#e1c05f>recompenses</color> aconseguint cert temps jugat als servidors de Bestrust.\n\nPots veure el teu temps jugat i llegir més info amb el comandament <color=#ff5c45>/playtime</color>.",
    "Store2": "<color=#838383>[</color><color=#f7432a>BestRust Servers</color><color=#838383>]</color> La nostra botiga és molt fàcil d’usar, pots comprar <color=#f5e942>Rangs VIP i Kits</color> per <color=#f5e942>tan sols 1€</color> i els rebràs immediatament. \nPots pagar amb <color=#ff7763>tots els mètodes de pagament</color>, fins i tot <color=#f5e942>skins de Rust</color> i <color=#f5e942>cripto</color>. Usa <color=#f7432a>/kit</color> i mira els kits.\n\nEls beneficis VIP inclouen <color=#ff7763>Kits</color>, <color=#ff7763>Salt de Cua</color>, <color=#ff7763>Skinbox</color>, <color=#ff7763>Aparèixer amb més vida, aigua i menjar</color> i <color=#ff7763>molts més</color>, així que no oblidis visitar la nostra botiga!\n\nGràcies a tothom que dona suport als nostres servidors i ens ajuda a mantenir-los en funcionament!\n\n<color=#ff5c45>https://store.bestrustservers.com/</color>",
    "Splits2": "<color=#838383>[</color><color=#f7432a>BestRust Servers</color><color=#838383>]</color> Get <color=#f5e942>3 free high value rust skins and a free kit</color> by using the <color=#f5e942>BESTRUST code</color>on splits.gg",
    "Staff": "<color=#838383>[</color><color=#f7432a>BestRust Servers</color><color=#838383>]</color> Vols guanyar <color=#f5e942>VIP gratuït, diners reals o skins</color>?\nBusquem nous membres pel nostre equip. Pots sol·licitar per <color=#7dda58>Moderador</color>, <color=#da5a5a>Admin</color>, <color=#cc6ce7>Community Manager</color> o <color=#d49a17>Creador de Contingut</color>.\n\nSi estàs interessat, visita el canal #open-applications del nostre discord: <color=#ff5c45>discord.gg/bestrustservers</color>",
    "Store3": "<color=#838383>[</color><color=#f7432a>BestRust Servers</color><color=#838383>]</color> La nostra botiga és molt fàcil d’usar, pots comprar <color=#f5e942>Rangs VIP i Kits</color> per <color=#f5e942>tan sols 1€</color> i els rebràs immediatament. \nPots pagar amb <color=#ff7763>tots els mètodes de pagament</color>, fins i tot <color=#f5e942>skins de Rust</color> i <color=#f5e942>cripto</color>. Usa <color=#f7432a>/kit</color> i mira els kits.\n\nEls beneficis VIP inclouen <color=#ff7763>Kits</color>, <color=#ff7763>Salt de Cua</color>, <color=#ff7763>Skinbox</color>, <color=#ff7763>Aparèixer amb més vida, aigua i menjar</color> i <color=#ff7763>molts més</color>, així que no oblidis visitar la nostra botiga!\n\nGràcies a tothom que dona suport als nostres servidors i ens ajuda a mantenir-los en funcionament!\n\n<color=#ff5c45>https://store.bestrustservers.com/</color>",
    "Splits3": "<color=#838383>[</color><color=#f7432a>BestRust Servers</color><color=#838383>]</color> Get <color=#f5e942>Multiple Very OP kit rewards</color> for depositing on splits.gg with the <color=#f5e942>BESTRUST code</color>. </color>Check <color=#ff5c45>/kit</color> for the rewards and make sure you use the <color=#f5e942>BESTRUST code</color> when you deposit on splits.gg",
    "Discord": "<color=#838383>[</color><color=#f7432a>BestRust Servers</color><color=#838383>]</color> Si necessites ajuda o vols reportar un jugador, si us plau, crea un tiquet al nostre discord. Sempre estem contents d’ajudar-te! <color=#ff5c45>discord.gg/bestrustservers</color>"
}
