{"Prefix":"<color=#D85540>[Blueprint Share]</color> ","ArgumentsError":"Ús incorrecte de la comanda. Prova <color=#ffff00>/bs help</color>.","Help":"<color=#D85540>Comandes de Blueprint Share:</color>\n<color=#D85540>/bs toggle</color> - Activa/desactiva el compartiment automàtic de plànols\n<color=#D85540>/bs share <player></color> - Comparteix els teus plànols apressos amb un jugador\n<color=#D85540>/bs show <team|clan|friend> [name]</color> - Veure plànols compartits amb tu\n<color=#D85540>/bs help</color> - Mostra aquest menú d'ajuda","ToggleOn":"El compartiment de plànols està ara <color=#00ff00>activat</color>.","ToggleOff":"El compartiment de plànols està ara <color=#ff0000>desactivat</color>.","NoPermission":"No tens permís per utilitzar aquesta comanda.","CannotShare":"No pots compartir plànols amb aquest jugador, han d'estar al teu equip, clan o llista d'amics.","NoTarget":"Has d'especificar un jugador amb qui compartir.","TargetEqualsPlayer":"No pots compartir plànols amb tu mateix.","PlayerNotFound":"Jugador no trobat.","PlayerSharedBlueprints":"Has compartit <color=#ffff00>{0}</color> plànol(s) amb <color=#ffff00>{1}</color>.","TargetLearntBlueprints":"<color=#ffff00>{0}</color> ha compartit <color=#ffff00>{1}</color> plànol(s) amb tu.","NoBlueprintsToShare":"No tens nous plànols per compartir amb <color=#ffff00>{0}</color>.","PlayerSharedBlueprint":"Has après el plànol de <color=#ffff00>{0}</color> i l'has compartit amb <color=#ffff00>{1}</color> jugador(s).","TargetLearntBlueprint":"<color=#ffff00>{0}</color> ha compartit el plànol de <color=#ffff00>{1}</color> amb tu.","BlueprintBlocked":"El plànol de <color=#ffff00>{0}</color> està bloquejat per compartir, però l'has après igualment.","TargetSharingDisabled":"No es poden compartir plànols amb <color=#ffff00>{0}</color> – han desactivat el compartiment.","BlueprintsRemoved":"Has perdut accés a <color=#ffff00>{0}</color> plànol(s).","ShowMissingArgument":"Has d'especificar quins plànols compartits vols veure. Opcions: <color=#ffff00>team</color>, <color=#ffff00>clan</color>, o <color=#ffff00>friend</color>.","ShowFriendArgumentMissing":"Has d'especificar el nom d'un amic.","NotFriends":"No ets amic d'aquest jugador.","NoSharedBlueprints":"No s'han compartit plànols amb tu.","SharedBlueprintsTitle":"Plànols Compartits Amb Tu:","ShowSharedBlueprints":"<color=#ffff00>Nivell {0}:</color> {1}","LoseBlueprintsDisabled":"Aquesta funció ha estat desactivada per l'administrador del servidor."}