{
  "Notification.ClanInfo.Title": "<size=18><color=#ffa500>Clans</color></size><size=14><color=#ce422b> RENASCUT</color></size>",
  "Notification.ClanInfo.Tag": "\nClanTag: <color=#b2eece>{0}</color>",
  "Notification.ClanInfo.Description": "\nDescripció: <color=#b2eece>{0}</color>",
  "Notification.ClanInfo.Online": "\nMembres en línia: {0}",
  "Notification.ClanInfo.Offline": "\nMembres fora de línia: {0}",
  "Notification.ClanInfo.Members": "\nMembres: {0}",
  "Notification.ClanInfo.Established": "\nFundat: <color=#b2eece>{0}</color>",
  "Notification.ClanInfo.LastOnline": "\nDarrera connexió: <color=#b2eece>{0}</color>",
  "Notification.ClanInfo.Alliances": "\nAliança: <color=#b2eece>{0}</color>",
  "Notification.ClanInfo.Alliances.None": "Cap",
  "Notification.ClanInfo.TotalMembers": "\nMembres: <color=#b2eece>{0}</color>",
  "Notification.ClanInfo.TotalAlliances": "\nAliança: <color=#b2eece>{0}</color>",
  "Notification.Create.InExistingClan": "Ja formes part d’un clan",
  "Notification.Create.NoPermission": "No tens permís per crear un clan",
  "Notification.Create.TagReserved1": "El tag {0} està reservat per un altre jugador",
  "Notification.Create.InvalidTagLength": "El tag que has triat no és vàlid. Ha de tenir entre {0} i {1} caràcters",
  "Notification.Create.InvalidCharacters": "El tag que has triat conté paraules/caràcters no permesos",
  "Notification.Create.ClanExists": "Ja existeix un clan amb aquest tag",
  "Notification.Create.NoNativeCreate": "Has de crear un clan amb /clan create <tag> <descripció>",
  "Notification.Create.Success": "Has creat el clan <color=#aaff55>[{0}]</color>",
  "Notification.Kick.IsOwner": "No pots expulsar el líder del clan",
  "Notification.Kick.NoPermissions": "No tens permís suficient per expulsar membres del clan",
  "Notification.Kick.NotClanmember": "L'objectiu no és membre del teu clan",
  "Notification.Kick.Self": "No pots expulsar-te a tu mateix",
  "Notification.Kick.NotEnoughRank": "Només el líder del clan pot expulsar un membre amb rang",
  "Notification.Kick.NoPlayerFound": "No s'ha trobat cap jugador amb el nom o ID especificat",
  "Notification.Kick.Message": "{0} ha expulsat a {1} del clan!",
  "Notification.Kick.PlayerMessage": "{0} t'ha expulsat del clan!",
  "Notification.Kick.NoPermission": "No tens permís per expulsar membres del clan",
  "Notification.Leave.Message": "{0} ha deixat el clan!",
  "Notification.Leave.PlayerMessage": "Has deixat el clan <color=#aaff55>[{0}]</color>!",
  "Notification.Leave.NewOwner": "{0} és ara el líder del clan!",
  "Notification.Leave.NoPermission": "No tens permís per deixar aquest clan",
  "Notification.Join.NoPermission": "No tens permís per unir-te a un clan",
  "Notification.Join.ExpiredInvite": "La teva invitació a {0} ha expirat!",
  "Notification.Join.InExistingClan": "Ja formes part d'un altre clan",
  "Notification.Join.Message": "{0} s'ha unit al clan!",
  "Notification.Invite.NoPermissions": "No tens permís suficient per convidar altres jugadors",
  "Notification.Invite.InviteLimit": "Ja tens el nombre màxim d'invitacions permeses",
  "Notification.Invite.InviteCooldown": "Has d'esperar {0} més abans de poder convidar nous membres al teu clan",
  "Notification.Invite.HasPending": "{0} ja té una invitació de clan pendent",
  "Notification.Invite.IsMember": "{0} ja és membre del clan",
  "Notification.Invite.InClan": "{0} ja és membre d'un altre clan",
  "Notification.Invite.NoPermission": "{0} no té el permís necessari per unir-se a un clan",
  "Notification.Invite.SuccesTarget": "Has estat convidat a unir-te al clan: <color=#aaff55>[{0}]</color> '{1}'\nPer unir-te, escriu: <color=#ffd479>/{2} accept {0}</color>",
  "Notification.Invite.SuccessClan": "{0} ha convidat a {1} a unir-se al clan",
  "Notification.PendingInvites": "Tens invitacions de clan pendents de: {0}\nPer unir-te a un clan escriu: <color=#ffd479>/{1} accept <tag></color>",
  "Notification.WithdrawInvite.NoPermissions": "No tens permís suficient per revocar invitacions de membres",
  "Notification.WithdrawInvite.UnableToFind": "No es troba una invitació per al jugador amb {0}",
  "Notification.WithdrawInvite.Success": "{0} ha revocat la invitació de membre per a {1}",
  "Notification.RejectInvite.InvalidInvite": "No tens una invitació per unir-te a <color=#aaff55>[{0}]</color>",
  "Notification.RejectInvite.Message": "{0} ha rebutjat la seva invitació per unir-se al teu clan",
  "Notification.RejectInvite.PlayerMessage": "Has rebutjat la invitació per unir-te a <color=#aaff55>[{0}]</color>",
  "Notification.Promotion.NoPermissions": "No tens permís suficient per promocionar altres jugadors",
  "Notification.Promotion.TargetNoClan": "{0} no és membre del teu clan",
  "Notification.Promotion.IsOwner": "No pots promocionar el líder del clan",
  "Notification.Promotion.IsCouncil": "No pots promocionar a més del rang de consell",
  "Notification.Promotion.CouncilTaken": "El rang de consell ja està atorgat",
  "Notification.Promotion.ModeratorLimit": "Ja tens el nombre màxim de moderadors",
  "Notification.Promotion.IsModerator": "No pots promocionar a més del rang de moderador",
  "Notification.Promotion.Message": "{0} ha estat promogut al rang de {1} per {2}",
  "Notification.Demotion.NoPermissions": "No tens permís suficient per degradar altres jugadors",
  "Notification.Demotion.IsOwner": "No pots degradar el líder del clan",
  "Notification.Demotion.IsMember": "{0} ja està al rang més baix",
  "Notification.Demotion.Message": "{0} ha estat degradat al rang de {1} per {2}",
  "Notification.Alliance.NoPermissions": "No tens permís suficient per gestionar aliances",
  "Notification.Alliance.PendingInvite": "<color=#aaff55>[{0}]</color> ja té una invitació d'aliança pendent",
  "Notification.Alliance.MaximumInvites": "Ja tens el nombre màxim d'invitacions d'aliança permeses",
  "Notification.Alliance.MaximumAlliances": "Ja tens el nombre màxim d'aliances formades",
  "Notification.Alliance.InviteSent": "Has enviat una invitació d'aliança de clan a <color=#aaff55>[{0}]</color>\nLa invitació caducarà en: {1}",
  "Notification.Alliance.InviteReceived": "Has rebut una invitació d'aliança de clan de <color=#aaff55>[{0}]</color>\nPer acceptar, escriu: <color=#ffd479>/{2} accept {0}</color>\nLa invitació caducarà en: {1}",
  "Notification.Alliance.NoActiveInvite": "No tens una invitació d'aliança activa per a <color=#aaff55>[{0}]</color>",
  "Notification.Alliance.NoActiveInviteFrom": "No tens una invitació d'aliança activa de <color=#aaff55>[{0}]</color>",
  "Notification.Alliance.WithdrawnClan": "{0} ha retirat una invitació d'aliança a <color=#aaff55>[{1}]</color>",
  "Notification.Alliance.WithdrawnTarget": "<color=#aaff55>[{0}]</color> ha retirat la seva invitació d'aliança",
  "Notification.Alliance.AtLimitTarget": "<color=#aaff55>[{0}]</color> actualment té el nombre màxim d'aliances permeses",
  "Notification.Alliance.AtLimitSelf": "El teu clan actualment té el nombre màxim d'aliances permeses",
  "Notification.Alliance.AtLimitAlliedMembersTarget": "<color=#aaff55>[{0}]</color> el recompte de membres de clan més el recompte de membres aliats més el recompte de membres del teu clan és superior al permès",
  "Notification.Alliance.AtLimitAlliedMembersSelf": "El recompte de membres del teu clan més el recompte de membres aliats més el recompte de membres d'aquest clan és superior al permès",
  "Notification.Alliance.Formed": "<color=#aaff55>[{0}]</color> ha format una aliança amb <color=#aaff55>[{1}]</color>",
  "Notification.Alliance.Rejected": "<color=#aaff55>[{0}]</color> ha rebutjat formar una aliança amb <color=#aaff55>[{1}]</color>",
  "Notification.Alliance.Revoked": "<color=#aaff55>[{0}]</color> ha revocat la seva aliança amb <color=#aaff55>[{1}]</color>",
  "Notification.Alliance.NoActiveAlliance": "Actualment no tens una aliança amb <color=#aaff55>[{0}]</color>",
  "Notification.FF.MemberEnabled": "Els companys de clan <color=#ffd479>rebran</color> dany d'amics",
  "Notification.FF.MemberDisabled": "Els companys de clan <color=#ffd479>no rebran</color> dany d'amics",
  "Notification.FF.AllyEnabled": "Els aliats <color=#ffd479>rebran</color> dany d'amics",
  "Notification.FF.AllyDisabled": "Els aliats <color=#ffd479>no rebran</color> dany d'amics",
  "Notification.FF.IsEnabled": "<color=#aaff55>Activat</color>",
  "Notification.FF.IsDisabled": "<color=#ce422b>Desactivat</color>",
  "Notification.FF.OnHitClanMember": "{0} és membre del clan i no pot ser ferit.\nPer activar el dany d'amics al clan escriu: <color=#ffd479>/{1}</color>",
  "Notification.FF.OnHitAllyMember": "{0} és membre d'un clan aliat i no pot ser ferit.\nPer activar el dany d'amics als aliats escriu: <color=#ffd479>/{1}</color>",
  "Notification.FF.ToggleNotOwner": "Només el líder del clan o el consell poden activar el dany d'amics",
  "Notification.FF.OwnerToggle": "{0} ha activat el dany d'amics.\n{1}",
  "Notification.FF.OwnerAllyToggle": "{0} ha activat el dany d'amics als aliats.\n{1}",
  "Notification.ClanHelp.NoClan": "\nComandes disponibles:\n<color=#ffd479>/{0} create <tag> \"descripció\"</color> - Crear un nou clan\n<color=#ffd479>/{0} accept <tag></color> - Unir-se a un clan per invitació\n<color=#ffd479>/{0} reject <tag></color> - Rebutjar una invitació de clan",
  "Notification.ClanHelp.Basic2": "\nComandes disponibles:\n<color=#ffd479>/{0}</color> - Mostra la teva informació de clan\n<color=#ffd479>/{1} <missatge></color> - Envia un missatge pel xat del clan\n<color=#ffd479>/{0} leave</color> - Deixa el teu clan actual",
  "Notification.ClanHelp.MFF": "\n<color=#ffd479>/{0}</color> - Activa el dany d'amics contra altres membres del clan",
  "Notification.ClanHelp.AFF": "\n<color=#ffd479>/{0}</color> - Activa el dany d'amics contra membres de clans aliats",
  "Notification.ClanHelp.Alliance": "\n\n<color=#45b6fe><size=14>Comandes d'Aliança:</size></color>\n<color=#ffd479>/{0} invite <tag></color> - Convida un clan a ser aliats\n<color=#ffd479>/{0} withdraw <tag></color> - Retira una invitació d'aliança\n<color=#ffd479>/{0} accept <tag></color> - Accepta una invitació d'aliança\n<color=#ffd479>/{0} reject <tag></color> - Rebutja una invitació d'aliança\n<color=#ffd479>/{0} revoke <tag></color> - Revoca una aliança",
  "Notification.ClanHelp.Moderator": "\n\n<color=#b573ff><size=14>Comandes de Moderador:</size></color>\n<color=#ffd479>/{0} invite <nom o ID></color> - Convida un jugador al teu clan\n<color=#ffd479>/{0} withdraw <nom o ID></color> - Revoca una invitació\n<color=#ffd479>/{0} kick <nom o ID></color> - Expulsa un membre del teu clan",
  "Notification.ClanHelp.Owner": "\n\n<color=#a1ff46><size=14>Comandes de líder:</size></color>\n<color=#ffd479>/{0} promote <nom o ID></color> - Promociona un membre del clan\n<color=#ffd479>/{0} demote <nom o ID></color> - Degrada un membre del clan\n<color=#ffd479>/{0} disband forever</color> - Dissol el teu clan",
  "Notification.ClanHelp.TagColor": "\n<color=#ffd479>/{0} tagcolor <hex></color> - Defineix un color personalitzat pel tag del clan\n<color=#ffd479>/{0} tagcolor reset</color> - Restableix el color del tag del clan per defecte",
  "Notification.Clan.NotInAClan": "\nActualment no formes part d'un clan",
  "Notification.Clan.Help": "\nPer veure les comandes disponibles escriu: <color=#ffd479>/{0}</color>",
  "Notification.Clan.OwnerOf": "\nEts el propietari de: <color=#aaff55>{0}</color> ({1}/{2})",
  "Notification.Clan.CouncilOf": "\nEts el consell de: <color=#aaff55>{0}</color> ({1}/{2})",
  "Notification.Clan.ModeratorOf": "\nEts moderador de: <color=#aaff55>{0}</color> ({1}/{2})",
  "Notification.Clan.MemberOf": "\nEts membre de: <color=#aaff55>{0}</color> ({1}/{2})",
  "Notification.Clan.MembersOnline": "\nMembres en línia: {0}",
  "Notification.Clan.MFF": "\nEstat del FF de Clan: {0} (<color=#ffd479>/{1}</color>)",
  "Notification.Clan.AFF": "\nEstat del FF d'Aliats: {0} (<color=#ffd479>/{1}</color>)",
  "Notification.Clan.CreateSyntax": "<color=#ffd479>/{0} create <tag> \"descripció\"</color> - Crea un nou clan",
  "Notification.Clan.InviteSyntax": "<color=#ffd479>/{0} invite <nomParcialOId></color> - Convida un jugador al teu clan",
  "Notification.Clan.WithdrawSyntax": "<color=#ffd479>/{0} withdraw <nomParcialOId></color> - Revoca una invitació de membre",
  "Notification.Clan.AcceptSyntax": "<color=#ffd479>/{0} accept <tag></color> - Uneix-te a un clan per invitació",
  "Notification.Clan.RejectSyntax": "<color=#ffd479>/{0} reject <tag></color> - Rebutja una invitació de clan",
  "Notification.Clan.PromoteSyntax": "<color=#ffd479>/{0} promote <nomParcialOId></color> - Promociona un membre del clanFreb al següent rang",
  "Notification.Clan.DemoteSyntax": "<color=#ffd479>/{0} demote <nomParcialOId></color> - Degrada un membre del clan al següent rang inferior",
  "Notification.Clan.DisbandSyntax": "<color=#ffd479>/{0} disband forever</color> - Dissol el teu clan (això no es pot desfer)",
  "Notification.Clan.KickSyntax": "<color=#ffd479>/{0} kick <nomParcialOId></color> - Expulsa un membre del teu clan",
  "Notification.Clan.TagColorSyntax": "<color=#ffd479>/{0} tagcolor <hex (XXXXXX)></color> - Defineix un color personalitzat pel tag del clan",
  "Notification.Clan.TagColorFormat": "<color=#ffd479>La cadena hex ha de tenir 6 caràcters i ser un color hex vàlid</color>",
  "Notification.Clan.TagColorReset": "<color=#ffd479>Has restablert el color del tag del teu clan</color>",
  "Notification.Clan.TagColorSet": "<color=#ffd479>Has definit el color del tag del teu clan a</color> <color=#{0}>{0}</color>",
  "Notification.Clan.TagColorDisabled": "<color=#ffd479>Els colors personalitzats de tag estan desactivats en aquest servidor</color>",
  "Notification.Clan.TagColorBlocked": "<color=#ffd479>El color <color=#{0}>{0}</color> està en la llista negra per ser utilitzat pels clans.</color>",
  "Notification.Clan.TagColorOutOfRange": "<color=#ffd479>El color <color=#{0}>{0}</color> està fora de l'interval de colors permès. Has de triar un color entre <color=#{1}>{1}</color> i <color=#{2}>{2}</color></color>",
  "Notification.Disband.NotOwner": "Has de ser el líder del clan per utilitzar aquesta comanda",
  "Notification.Disband.Success": "Has dissolt el clan <color=#aaff55>[{0}]</color>",
  "Notification.Disband.Message": "El clan ha estat dissolt",
  "Notification.Disband.NoPermission": "No tens permís per dissoldre aquest clan",
  "Notification.Generic.ClanFull": "El clan ja està a la màxima capacitat",
  "Notification.Generic.NoClan": "No formes part d'un clan",
  "Notification.Generic.InvalidClan": "El clan <color=#aaff55>[{0}]</color> no existeix!",
  "Notification.Generic.NoPermissions": "No tens permís suficient per utilitzar aquesta comanda",
  "Notification.Generic.SpecifyClanTag": "Especifica un tag de clan",
  "Notification.Generic.UnableToFindPlayer": "No es pot trobar un jugador amb el nom o ID {0}",
  "Notification.Generic.CommandSelf": "No pots utilitzar aquesta comanda en tu mateix",
  "Chat.IsMuted": "Actualment estàs silenciat",
  "Chat.Alliance.Prefix": "<color=#a1ff46>[XAT ALIAT]</color>: {0}",
  "Chat.Clan.Prefix": "<color=#a1ff46>[XAT CLAN]</color>: {0}",
  "Chat.Alliance.Format": "[{0}] <color={1}>{2}</color>: {3}",
  "Admin.BroadcastToClan": "<color=#ff3333>[ADMINISTRADOR]</color>: {0}",
  "Admin.Rename": "Un administrador ha canviat el teu tag de clan a <color=#aaff55>[{0}]</color>",
  "Admin.Disband": "Un administrador ha dissolt el teu clan",
  "Admin.Invite": "Un administrador ha convidat {0} a unir-se al teu clan",
  "Admin.Join": "Un administrador t'ha forçat a unir-te a <color=#aaff55>[{0}]</color>",
  "Admin.Kick": "Un administrador t'ha expulsat de <color=#aaff55>[{0}]</color>",
  "Admin.SetOwner": "Un administrador ha designat a {0} com a líder del clan",
  "Admin.Promote": "Un administrador ha promogut a {0} al rang de {1}",
  "Admin.Demote": "Un administrador ha degradat a {0} al rang de {1}"
}