{
  "CommandUsageExtLoad": "Ús: oxide.ext.load <extname>+",
  "CommandUsageExtUnload": "Ús: oxide.ext.unload <extname>+",
  "CommandUsageExtReload": "Ús: oxide.ext.reload <extname>+",
  "CommandUsageGrant": "Ús: oxide.grant <grup|usuari> <nom|id> <permís>",
  "CommandUsageGroup": "Ús: oxide.group <add|set> <nom> [títol] [rang]",
  "CommandUsageGroupParent": "Ús: oxide.group <parent> <nom> <nomPare>",
  "CommandUsageGroupRemove": "Ús: oxide.group <remove> <nom>",
  "CommandUsageLang": "Ús: oxide.lang <codi d'idioma de dues lletres>",
  "CommandUsageLoad": "Ús: oxide.load *|<nomplugin>+",
  "CommandUsageReload": "Ús: oxide.reload *|<nomplugin>+",
  "CommandUsageRevoke": "Ús: oxide.revoke <grup|usuari> <nom|id> <permís>",
  "CommandUsageShow": "Ús: oxide.show <grups|permisos>",
  "CommandUsageShowName": "Ús: oxide.show <grup|usuari> <nom>",
  "CommandUsageUnload": "Ús: oxide.unload *|<nomplugin>+",
  "CommandUsageUserGroup": "Ús: oxide.usergroup <add|remove> <nomusuari> <nomgrup>",
  "ConnectionRejected": "Connexió rebutjada",
  "DataSaved": "Guardant dades d'Oxide...",
  "GroupAlreadyExists": "El grup '{0}' ja existeix",
  "GroupAlreadyHasPermission": "El grup '{0}' ja té el permís '{1}'",
  "GroupDoesNotHavePermission": "El grup '{0}' no té el permís '{1}'",
  "GroupChanged": "Grup '{0}' modificat",
  "GroupCreated": "Grup '{0}' creat",
  "GroupDeleted": "Grup '{0}' eliminat",
  "GroupNotFound": "El grup '{0}' no existeix",
  "GroupParentChanged": "El pare del grup '{0}' canviat a '{1}'",
  "GroupParentNotChanged": "El pare del grup '{0}' no s'ha canviat",
  "GroupParentNotFound": "El pare del grup '{0}' no existeix",
  "GroupPermissionGranted": "Grup '{0}' concedit permís '{1}'",
  "GroupPermissionRevoked": "Grup '{0}' revocat permís '{1}'",
  "GroupPermissions": "Permisos del grup '{0}'",
  "GroupPlayers": "Jugadors del grup '{0}'",
  "Groups": "Grups",
  "InvalidLanguageName": "Nom d'idioma invàlid: '{0}'",
  "NoGroupPermissions": "No hi ha permisos concedits actualment",
  "NoPermissionGroups": "No hi ha grups amb aquest permís",
  "NoPermissionPlayers": "No hi ha jugadors amb aquest permís",
  "NoPluginsFound": "No hi ha plugins disponibles actualment",
  "NoPlayerGroups": "El jugador no està assignat a cap grup",
  "NoPlayerPermissions": "No hi ha permisos concedits actualment",
  "NoPlayersInGroup": "No hi ha jugadors actualment al grup",
  "NotAllowed": "No tens permís per utilitzar la comanda '{0}'",
  "ParentGroupPermissions": "Permisos del grup pare '{0}'",
  "PermissionGroups": "Permís '{0}' Grups",
  "PermissionPlayers": "Permís '{0}' Jugadors",
  "PermissionNotFound": "El permís '{0}' no existeix",
  "Permissions": "Permisos",
  "PermissionsNotLoaded": "No es poden carregar els arxius de permisos! Els permisos no funcionaran fins que es resolgui.\n => {0}",
  "PlayerLanguage": "Idioma del jugador establert a {0}",
  "PluginNotLoaded": "Plugin '{0}' no carregat.",
  "PluginReloaded": "Plugin {0} v{1} recarregat per {2}",
  "PluginUnloaded": "Plugin {0} v{1} descarregat per {2}",
  "ServerLanguage": "Idioma del servidor establert a {0}",
  "Unknown": "Desconegut",
  "UnknownCommand": "Comanda desconeguda: {0}",
  "PlayerAddedToGroup": "Jugador '{0}' afegit al grup: {1}",
  "PlayerAlreadyHasPermission": "El jugador '{0}' ja té el permís '{1}'",
  "PlayerDoesNotHavePermission": "El jugador '{0}' no té el permís '{1}'",
  "PlayerNotFound": "Jugador '{0}' no trobat",
  "PlayerGroups": "Grups del jugador '{0}'",
  "PlayerPermissions": "Permisos del jugador '{0}'",
  "PlayerPermissionGranted": "Jugador '{0}' concedit permís '{1}'",
  "PlayerPermissionRevoked": "Jugador '{0}' revocat permís '{1}'",
  "PlayerRemovedFromGroup": "Jugador '{0}' eliminat del grup '{1}'",
  "PlayersFound": "S'han trobat múltiples jugadors, especifiqueu: {0}",
  "Version": "El servidor està executant [#ffb658]Oxide {0}[/#] i [#ee715c]{1} {2} ({3})[/#]",
  "YouAreNotAdmin": "No ets un administrador"
}