{
  "WebErrorOccurred": "No s'ha pogut descarregar la imatge! Error {0}.",
  "FileTooLarge": "El fitxer supera la mida màxima de {0}Mb.",
  "ErrorOccurred": "S'ha produït un error desconegut, si aquest error continua, si us plau, notifiqueu-ho a l'administrador del servidor.",
  "RestoreErrorOccurred": "No es pot restaurar el cartell perquè no s'ha assignat cap textura.",
  "DownloadQueued": "La teva imatge s'ha afegit a la cua de descàrregues!",
  "RestoreQueued": "El teu cartell s'ha afegit a la cua de restauració!",
  "RestoreBatchQueued": "Has afegit tots {0} els cartells a la cua de restauració!",
  "ImageLoaded": "La imatge s'ha carregat correctament al cartell!",
  "ImageRestored": "La imatge s'ha restaurat correctament al cartell!",
  "LogEntry": "Jugador `{0}` (SteamId: {1}) ha carregat {2} a {3} des de {4}",
  "NoSignFound": "No s'ha pogut trobar cap cartell! Assegura't que estàs mirant-ne un i que no estàs massa lluny.",
  "Cooldown": "Encara no pots utilitzar el comandament! Temps restant de cooldown: {0}.",
  "SignNotOwned": "No pots canviar aquest cartell ja que està protegit per un armari d'eines.",
  "NoItemHeld": "No estàs agafant cap objecte.",
  "ActionQueuedAlready": "Ja hi ha una acció en cua per aquest cartell, si us plau espera que aquesta acció acabi.",
  "SyntaxSilCommand": "Error de sintaxi!\nSintaxi: /sil <url> [raw]",
  "SyntaxSilCommandMulti": "Error de sintaxi!\nSintaxi: /sil <1-{0}> <url> [raw]",
  "SyntaxSiltCommand": "Error de sintaxi!\nSintaxi: /silt <missatge> [<fontsize:number>] [<color:hex value>] [<bgcolor:hex value>] [raw]",
  "SyntaxSiltCommandMulti": "Error de sintaxi!\nSintaxi: /silt <1-{0}> <missatge> [<fontsize:number>] [<color:hex value>] [<bgcolor:hex value>] [raw]",
  "SyntaxSiliCommandMulti": "Error de sintaxi!\nSintaxi: /sili <1-{0}>",
  "NoPermission": "No tens permís per utilitzar aquest comandament.",
  "NoPermissionFile": "No tens permís per utilitzar imatges del sistema de fitxers del servidor.",
  "NoPermissionRaw": "No tens permís per utilitzar imatges en brut, es carregaran normalment.",
  "NoPermissionRestoreAll": "No tens permís per restaurar tots els cartells alhora.",
  "day": "dia",
  "days": "dies",
  "hour": "hora",
  "hours": "hores",
  "minute": "minut",
  "minutes": "minuts",
  "second": "segon",
  "seconds": "segons",
  "and": "i"
}