{
    "NoPermToUse": "No tens permís per fer això",
    "NoILError": "El plugin no funciona correctament, posa't en contacte amb l'administrador!",
    "UI.Plugin.Title": "CLASSIFICACIÓ",
    "UI.Leaderboard.Awards.Title": "Millors premis",
    "UI.Leaderboard.Awards.Place": "{0}. lloc",
    "UI.Search.Players.Title": "CERCA DE JUGADORS PER NOM O STEAMID",
    "UI.Search.Input.Placeholder": "ESCRIU EL NOM O L'STEAMID",
    "UI.Players.List.Title": "LLISTA DE JUGADORS AL SERVIDOR",
    "UI.Players.NoPlayers": "No hi ha jugadors disponibles :(",
    "UI.HitRate.Title": "TAXA D'ENCERTS",
    "UI.HitRate.Description": "Aquí pots veure el nombre d'encerts per parts del cos",
    "UI.Building.Title": "CONSTRUCCIÓ",
    "UI.Building.Description": "Aquí pots veure les estadístiques de construcció",
    "UI.Stat.Value.Total": "En total: {0}",
    "UI.Stat.Value.Today": "Avui: {0}",
    "UI.Stat.Value.KD": "Baixes: {0} / Morts: {1}",
    "UI.Stat.Value.None": "Cap",
    "UI.Stat.Value.Unknown": "Desconegut",
    "UI.Time.Years": "{0}a",
    "UI.Time.Months": "{0}m",
    "UI.Time.Days": "{0}d",
    "UI.Time.Hours": "{0}h",
    "UI.Time.Minutes": "{0}m",
    "UI.Time.Seconds": "{0}s",
    "MSG.Profile.Already.Loading": "Aquest perfil ja s'està carregant, sisplau espera.",
    "MSG.Profile.Wait.Before.Another": "Espera un moment abans d'obrir un altre perfil.",
    "UI.Leaderboard.Loading": "Carregant...",
    "Msg.Player.NotFound": "No s'han trobat estadístiques del jugador",
    "Msg.Invalid.SteamID": "Format de Steam ID invàlid",
    "Msg.Hide.Self.Hidden": "Ara estàs ocult en la classificació",
    "Msg.Hide.Self.Visible": "Ara estàs visible en la classificació",
    "UI.Category.MY STATISTICS": "LES MEVES ESTADÍSTIQUES",
    "UI.Category.TOP 10 PLAYERS": "TOP 10 JUGADORS",
    "UI.Category.SEARCH": "CERCA",
    "UI.Awards.TOP scorers": "MILLORS en punts",
    "UI.Awards.Place.Frontiersman Pack": "Paquet Pioner",
    "UI.Awards.Place.Lumberjack Pack": "Paquet Talla-focs",
    "UI.Awards.Place.Artic Pack": "Paquet Àrtic",
    "UI.Awards.Place.Abyss Pack": "Paquet Abisme",
    "UI.Awards.Place.Retro Tool Cupboard": "Armariet d'Eines Retro",
    "UI.Awards.TOP killers": "MILLORS en baixes",
    "UI.Awards.TOP time played": "MILLORS en temps jugat",
    "UI.Tabs.GENERAL": "GENERAL",
    "UI.Field.Profile": "Perfil",
    "UI.Field.name": "nom",
    "UI.Field.K/D": "K/D",
    "UI.Field.kd": "kd",
    "UI.Field.Time": "Temps",
    "UI.Field.current_playtime": "temps_actual_de_joc",
    "UI.Field.Longest Kill Distance": "Distància d'assassinat més llarga",
    "UI.Field.longest_kill_distance": "distància_assassinat_més_llarga",
    "UI.Field.Total Resources Gathered": "Total de recursos recollits",
    "UI.Field.total_resources": "total_recursos",
    "UI.Field.Favorite Resource": "Recurs favorit",
    "UI.Field.favorite_resource": "recurs_favorit",
    "UI.Field.Total Items Crafted": "Total d'objectes creats",
    "UI.Field.total_items_crafted": "total_objectes_creats",
    "UI.Field.Structures Built": "Estructures construïdes",
    "UI.Field.structures_built": "estructures_construïdes",
    "UI.Field.Upgrades Performed": "Millores realitzades",
    "UI.Field.upgrades_performed": "millores_realitzades",
    "UI.Field.Favorite Building Material": "Material de construcció favorit",
    "UI.Field.favorite_building_material": "material_construcció_favorit",
    "UI.Field.Events Won": "Esdeveniments guanyats",
    "UI.Field.events_won": "esdeveniments_guanyats",
    "UI.Field.Favorite Event": "Esdeveniment favorit",
    "UI.Field.favorite_event": "esdeveniment_favorit",
    "UI.Column.EVENTS": "ESDEVENIMENTS",
    "UI.Field.Convoy": "Convoi",
    "UI.Field.Sputnik": "Sputnik",
    "UI.Field.Caravan": "Caravana",
    "UI.Field.GasStation": "Estació de servei",
    "UI.Field.GasStationEvent": "Esdeveniment d'Estació de servei",
    "UI.Field.Air": "Aire",
    "UI.Field.AirEvent": "Esdeveniment Aeri",
    "UI.Field.SatDish": "Antena Satèl·lit",
    "UI.Field.SatDishEvent": "Esdeveniment d'Antena Satèl·lit",
    "UI.Field.Triangulation": "Triangulació",
    "UI.Field.Water": "Aigua",
    "UI.Field.WaterEvent": "Esdeveniment d'Aigua",
    "UI.Field.Harbor": "Port",
    "UI.Field.HarborEvent": "Esdeveniment de Port",
    "UI.Field.ArcticBase": "Base Àrtica",
    "UI.Field.ArcticBaseEvent": "Esdeveniment de Base Àrtica",
    "UI.Field.Junkyard": "Desballestament",
    "UI.Field.JunkyardEvent": "Esdeveniment de Desballestament",
    "UI.Field.Supermarket": "Supermercat",
    "UI.Field.SupermarketEvent": "Esdeveniment de Supermercat",
    "UI.Field.PowerPlant": "Central Elèctrica",
    "UI.Field.PowerPlantEvent": "Esdeveniment de Central Elèctrica",
    "UI.Field.Paintball Team": "Equip de Paintball",
    "UI.Field.PaintballTeam": "Equip de Paintball",
    "UI.Field.Paintball FFA": "Paintball tots contra tots",
    "UI.Field.PaintballFFA": "PaintballFFA",
    "UI.Field.Survival Arena": "Arena de Supervivència",
    "UI.Field.SurvivalArena": "Arena de Supervivència",
    "UI.Field.Gun Game": "Joc de Pistolers",
    "UI.Field.GunGame": "GunGame",
    "UI.Field.Zombie Infection": "Infecció Zombi",
    "UI.Field.ZombieInfection": "Infecció Zombi",
    "UI.Field.Tugboat Pirates": "Pirates del Remolcador",
    "UI.Field.TugboatPirates": "Pirates del Remolcador",
    "UI.Tabs.RESOURCES": "RECURSOS",
    "UI.Column.RESOURCES": "RECURSOS",
    "UI.Field.Stone": "Pedra",
    "UI.Field.stones": "pedres",
    "UI.Field.Wood": "Fusta",
    "UI.Field.wood": "fusta",
    "UI.Field.Sulfur Ore": "Mineral de sulfur",
    "UI.Field.sulfur.ore": "mineral_de_sulfur",
    "UI.Field.Metal Ore": "Mineral de metall",
    "UI.Field.metal.ore": "mineral_de_metall",
    "UI.Field.High Quality Metal Ore": "Mineral de metall d'alta qualitat",
    "UI.Field.hq.metal.ore": "mineral_metall_alta_qualitat",
    "UI.Field.Leather": "Cuir",
    "UI.Field.leather": "cuir",
    "UI.Field.Bone Fragments": "Fragments d'os",
    "UI.Field.bone.fragments": "fragments_d'os",
    "UI.Field.Animal Fat": "Greix animal",
    "UI.Field.fat.animal": "greix_animal",
    "UI.Field.Scrap": "Ferralla",
    "UI.Field.scrap": "ferralla",
    "UI.Column.FARMING": "CULTIU",
    "UI.Field.Hemp": "Cànem",
    "UI.Field.hemp-collectable": "cànem_col·leccionable",
    "UI.Field.Blue Berry": "Baia Blava",
    "UI.Field.blue.berry": "baia_blava",
    "UI.Field.Red Berry": "Baia Roja",
    "UI.Field.red.berry": "baia_roja",
    "UI.Field.Yellow Berry": "Baia Groga",
    "UI.Field.yellow.berry": "baia_groga",
    "UI.Field.Black Berry": "Baia Negra",
    "UI.Field.black.berry": "baia_negra",
    "UI.Field.Green Berry": "Baia Verda",
    "UI.Field.green.berry": "baia_verda",
    "UI.Field.White Berry": "Baia Blanca",
    "UI.Field.white.berry": "baia_blanca",
    "UI.Field.Potato": "Patata",
    "UI.Field.potato": "patata",
    "UI.Field.Cloth": "Tela",
    "UI.Field.cloth": "tela",
    "UI.Field.Mushroom": "Bolet",
    "UI.Field.mushroom": "bolet",
    "UI.Field.Corn": "Blat de moro",
    "UI.Field.corn": "blat_de_moro",
    "UI.Field.Pumpkin": "Carbassa",
    "UI.Field.pumpkin": "carbassa",
    "UI.Field.Orchid": "Orquídia",
    "UI.Field.orchid": "orquídia",
    "UI.Field.Rose": "Rosa",
    "UI.Field.rose": "rosa",
    "UI.Field.Sunflower": "Gira-sol",
    "UI.Field.sunflower": "gira-sol",
    "UI.Field.Wheat": "Blat",
    "UI.Field.wheat": "blat",
    "UI.Column.MISC": "VARIS",
    "UI.Field.Bears": "Óssos",
    "UI.Field.bear": "ós",
    "UI.Field.Polar Bears": "Óssos polars",
    "UI.Field.polarbear": "os_polar",
    "UI.Field.Boars": "Senglars",
    "UI.Field.boar": "singlar",
    "UI.Field.Chicken": "Pollastre",
    "UI.Field.chicken": "pollastre",
    "UI.Field.Stag": "Cérvol",
    "UI.Field.stag": "cérvol",
    "UI.Field.Wolf": "Llop",
    "UI.Field.wolf2": "llop",
    "UI.Field.Panther": "Pantera",
    "UI.Field.panther": "pantera",
    "UI.Field.Crocodile": "Cocodril",
    "UI.Field.crocodile": "cocodril",
    "UI.Field.Snake": "Serp",
    "UI.Field.snake.entity": "serp",
    "UI.Field.Tiger": "Tigre",
    "UI.Field.tiger": "tigre",
    "UI.Field.Shark": "Tauró",
    "UI.Field.simpleshark": "tauró",
    "UI.Field.Bradley": "Bradley",
    "UI.Field.bradleyapc": "bradleyapc",
    "UI.Field.Helicopter": "Helicòpter",
    "UI.Field.helicopter": "helicòpter",
    "UI.Field.Scientist": "Científic",
    "UI.Field.npc_underwaterdweller|scientistnpc_arena|scientistnpc_bradley|scientistnpc_bradley_heavy|scientistnpc_cargo|scientistnpc_cargo_turret_any|scientistnpc_cargo_turret_lr300|scientistnpc_ch47_gunner|scientistnpc_excavator|scientistnpc_full_any|scientistnpc_full_lr300|scientistnpc_full_mp5|scientistnpc_full_pistol|scientistnpc_full_shotgun|scientistnpc_junkpile_pistol|scientistnpc_oilrig|scientistnpc_patrol|scientistnpc_patrol_arctic|scientistnpc_peacekeeper|scientistnpc_roam|scientistnpc_roam_nvg_variant|scientistnpc_roamtethered": "npc_underwaterdweller|scientistnpc_arena|scientistnpc_bradley|scientistnpc_bradley_heavy|scientistnpc_cargo|scientistnpc_cargo_turret_any|scientistnpc_cargo_turret_lr300|scientistnpc_ch47_gunner|scientistnpc_excavator|scientistnpc_full_any|scientistnpc_full_lr300|scientistnpc_full_mp5|scientistnpc_full_pistol|scientistnpc_full_shotgun|scientistnpc_junkpile_pistol|scientistnpc_oilrig|scientistnpc_patrol|scientistnpc_patrol_arctic|scientistnpc_peacekeeper|scientistnpc_roam|scientistnpc_roam_nvg_variant|scientistnpc_roamtethered",
    "UI.Field.Heavy Scientist": "Científic pesant",
    "UI.Field.scientistnpc_heavy": "scientistnpc_heavy",
    "UI.Field.Tunnel Dweller": "Habitant de túnel",
    "UI.Field.npc_tunneldweller|npc_tunneldwellerspawned": "npc_tunneldweller|npc_tunneldwellerspawned",
    "UI.Field.Underwater Lab Dweller": "Habitant de laboratori submergit",
    "UI.Field.npc_underwaterdweller": "npc_underwaterdweller",
    "UI.Column.RAID": "RAID",
    "UI.Field.Satchel": "Bossa (explosiva)",
    "UI.Field.explosive.satchel": "explosive.satchel",
    "UI.Field.Molotov": "Molotov",
    "UI.Field.grenade.molotov": "grenade.molotov",
    "UI.Field.Flashbang": "Granada lluminosa",
    "UI.Field.grenade.flashbang": "grenade.flashbang",
    "UI.Field.Survey Charge": "Càrrega de sondatge",
    "UI.Field.surveycharge": "càrrega_de_sondatge",
    "UI.Field.Grenade": "Granada",
    "UI.Field.grenade.f1": "grenade.f1",
    "UI.Field.Beancan": "Bomba de llauna",
    "UI.Field.grenade.beancan": "grenade.beancan",
    "UI.Field.Rocket": "Coet",
    "UI.Field.ammo.rocket.basic": "ammo.rocket.basic",
    "UI.Field.Incendiary Rocket": "Coet incendiari",
    "UI.Field.ammo.rocket.fire": "ammo.rocket.fire",
    "UI.Field.Rocket HV": "Coet d'alta velocitat",
    "UI.Field.ammo.rocket.hv": "ammo.rocket.hv",
    "UI.Field.Explosive 5.56 Rifle Ammo": "Munició explosiva de fusell 5.56",
    "UI.Field.ammo.rifle.explosive": "ammo.rifle.explosive",
    "UI.Field.GL HE": "GL HE",
    "UI.Field.ammo.grenadelauncher.he": "ammo.grenadelauncher.he",
    "UI.Field.C4": "C4",
    "UI.Field.explosive.timed": "explosivo.cronometrat",
    "UI.Field.MLRS Rocket": "Coet MLRS",
    "UI.Field.ammo.rocket.mlrs": "ammo.rocket.mlrs",
    "UI.Column.RECYCLED": "RECICLAT",
    "UI.Field.Propane Tanks": "Tanc de propà",
    "UI.Field.propanetank": "tanc_de_propà",
    "UI.Field.Gears": "Engranatges",
    "UI.Field.gears": "engranatges",
    "UI.Field.Metal Pipe": "Tubs de metall",
    "UI.Field.metalpipe": "tubs_de_metall",
    "UI.Field.Rifle Body": "Cos de fusell",
    "UI.Field.riflebody": "cos_de_fusell",
    "UI.Field.Semi Body": "Cos semiautomàtic",
    "UI.Field.semibody": "cos_semiautomàtic",
    "UI.Field.Metal Springs": "Muelles de metall",
    "UI.Field.metalspring": "muelles_de_metall",
    "UI.Field.Road Signs": "Senyalització",
    "UI.Field.roadsigns": "senyalització",
    "UI.Field.Sewing Kits": "Kits de costura",
    "UI.Field.sewingkit": "kit_de_costura",
    "UI.Field.Tarp": "Tendal",
    "UI.Field.tarp": "tendal",
    "UI.Field.Rope": "Corda",
    "UI.Field.rope": "corda",
    "UI.Field.Sheet Metal": "Planxa de metall",
    "UI.Field.sheetmetal": "planxa_de_metall",
    "UI.Field.Fuse": "Fusible",
    "UI.Field.fuse": "fusible",
    "UI.Field.Metal Blade": "Fulla de metal",
    "UI.Field.metalblade": "fulla_de_metall",
    "UI.Field.SMG Body": "Cos de subfusell",
    "UI.Field.smgbody": "cos_de_subfusell",
    "UI.Field.Tech Parts": "Peces tècniques",
    "UI.Field.techparts": "peces_tècniques",
    "UI.Field.Targeting Computer": "Ordinador de Busca",
    "UI.Field.targeting.computer": "ordinador_de_busca",
    "UI.Field.CCTV Camera": "Càmera de vigilància",
    "UI.Field.cctv.camera": "càmera_de_vigilància",
    "UI.Column.FIRED": "DISPARAT",
    "UI.Field.Pistol": "Pistola",
    "UI.Field.ammo.pistol": "ammo.pistol",
    "UI.Field.Pistol Incendiary": "Pistola (incendiari)",
    "UI.Field.ammo.pistol.fire": "ammo.pistol.fire",
    "UI.Field.Pistol HV": "Pistola (alta velocitat)",
    "UI.Field.ammo.pistol.hv": "ammo.pistol.hv",
    "UI.Field.Nailguns": "Esclavisadors",
    "UI.Field.ammo.nailgun.nails": "ammo.nailgun.nails",
    "UI.Field.Rifle": "Fusell",
    "UI.Field.ammo.rifle": "ammo.rifle",
    "UI.Field.Rifle HV": "Fusell (alta velocitat)",
    "UI.Field.ammo.rifle.hv": "ammo.rifle.hv",
    "UI.Field.Rifle Incendiary": "Fusell (incendiari)",
    "UI.Field.ammo.rifle.incendiary": "ammo.rifle.incendiary",
    "UI.Field.HandMades": "Fets a mà",
    "UI.Field.ammo.handmade.shell": "ammo.handmade.shell",
    "UI.Field.GL Buckshot": "GL Buckshot",
    "UI.Field.ammo.grenadelauncher.buckshot": "ammo.grenadelauncher.buckshot",
    "UI.Field.Shotgun Slug": "Segon de cartutx de escopeta",
    "UI.Field.ammo.shotgun.slug": "ammo.shotgun.slug",
    "UI.Field.Shotgun Fire": "Escopeta (incendiari)",
    "UI.Field.ammo.shotgun.fire": "ammo.shotgun.fire",
    "UI.Field.Shotgun": "Escopeta",
    "UI.Field.ammo.shotgun": "ammo.shotgun",
    "UI.Field.SnowBall": "Bola de neu",
    "UI.Field.snowball": "bola_de_neu",
    "UI.Field.Wooden Arrow": "Fletxa de fusta",
    "UI.Field.arrow.wooden": "fletxa_de_fusta",
    "UI.Field.Fire Arrow": "Fletxa de foc",
    "UI.Field.arrow.fire": "fletxa_de_foc",
    "UI.Field.Bone Arrow": "Fletxa d'os",
    "UI.Field.arrow.bone": "fletxa_d'os",
    "UI.Field.High Velocity Arrow": "Fletxa d'alta velocitat",
    "UI.Field.arrow.hv": "fletxa_d'alta_velocitat",
    "UI.Column.FISHING": "PESCA",
    "UI.Field.Anchovy": "Anxova",
    "UI.Field.fish.anchovy": "peix.anxova",
    "UI.Field.Catfish": "Silur",
    "UI.Field.fish.catfish": "peix.silur",
    "UI.Field.Herring": "Seitó",
    "UI.Field.fish.herring": "peix.seitó",
    "UI.Field.Orange Roughy": "Peix d'allau taronja",
    "UI.Field.fish.orangeroughy": "peix.allau_taronja",
    "UI.Field.Salmon": "Salmó",
    "UI.Field.fish.salmon": "peix.salmó",
    "UI.Field.Sardine": "Sardina",
    "UI.Field.fish.sardine": "peix.sardina",
    "UI.Field.Small Shark": "Petit tauró",
    "UI.Field.fish.smallshark": "peix.petit_tauró",
    "UI.Field.Small Trout": "Petita truita",
    "UI.Field.fish.troutsmall": "peix.petita_truita",
    "UI.Field.Yellow Perch": "Perca groga",
    "UI.Field.fish.yellowperch": "peix.perca_groga",
    "UI.Field.Minnows": "Gambuts",
    "UI.Field.fish.minnows": "peix.gambuts",
    "UI.Column.CRAFTED": "ELABORAT",
    "UI.Field.Garage Door": "Porta de Garatge",
    "UI.Field.wall.frame.garagedoor": "paret.marc.porta_de_garatge",
    "UI.Field.Sheet Metal Double Door": "Porta doble de planxa de metall",
    "UI.Field.door.double.hinged.metal": "porta.doble.gondada.metal",
    "UI.Field.Armored Double Door": "Porta doble blindada",
    "UI.Field.door.double.hinged.toptier": "porta.doble.gondada.nivell_superior",
    "UI.Field.Wood Double Door": "Porta doble de fusta",
    "UI.Field.door.double.hinged.wood": "porta.doble.gondada.fusta",
    "UI.Field.Sheet Metal Door": "Porta de planxa de metall",
    "UI.Field.door.hinged.metal": "porta.gondada.metal",
    "UI.Field.Armored Door": "Porta blindada",
    "UI.Field.door.hinged.toptier": "porta.gondada.nivell_superior",
    "UI.Field.Wood Door": "Porta de fusta",
    "UI.Field.door.hinged.wood": "porta.gondada.fusta",
    "UI.Field.Large Wood Box": "Gran caixa de fusta",
    "UI.Field.box.wooden.large": "caixa.fusta.gran",
    "UI.Field.Wood Storage Box": "Caixa d'emmagatzematge de fusta",
    "UI.Field.box.wooden": "caixa.d'emmagatzematge_de_fusta",
    "UI.Field.Flame Turret": "Torret de flama",
    "UI.Field.flameturret": "torret_de_flama",
    "UI.Field.Shotgun Trap": "Trampa d'escopeta",
    "UI.Field.guntrap": "trampa_d'escopeta",
    "UI.Field.Auto Turret": "Torret automàtica",
    "UI.Field.autoturret": "torret_automàtica",
    "UI.Field.Code Lock": "Candau de codi",
    "UI.Field.lock.code": "candau_de_codi",
    "UI.Field.Key Lock": "Candau de clau",
    "UI.Field.lock.key": "candau_de_clau",
    "UI.Field.Wooden Ladder": "Escala de fusta",
    "UI.Field.ladder.wooden.wall": "escala_de_fusta.paret",
    "UI.Field.Medical Syringe": "Jeringa mèdica",
    "UI.Field.syringe.medical": "jeriga_mèdica",
    "UI.Field.Bandage": "Benadís",
    "UI.Field.bandage": "benadís",
    "UI.Field.Large Medkit": "Important lot mèdic",
    "UI.Field.largemedkit": "important_lot_mèdic",
    "UI.Field.Rocket Launcher": "Llançador de coets",
    "UI.Field.rocket.launcher": "llançador_de_coets",
    "UI.Field.HV Rocket": "Coet d'alta velocitat",
    "UI.Field.Explosives": "Explosius",
    "UI.Field.explosives": "explosius",
    "UI.Field.Gun Powder": "Pólvora",
    "UI.Field.gunpowder": "pólvora",
    "UI.Field.Low Grade Fuel": "Combustible de baixa qualitat",
    "UI.Field.lowgradefuel": "combustible_de_baixa_qualitat",
    "UI.Column.LOOTED": "BOTÍ",
    "UI.Field.Normal Crate": "Caixa Normal",
    "UI.Field.crate_normal_2": "caixa.normal_2",
    "UI.Field.Basic Crate": "Caixa Bàsica",
    "UI.Field.crate_basic": "caixa_bàsica",
    "UI.Field.Elite Crate": "Caixa Elite",
    "UI.Field.crate_elite": "caixa_elite",
    "UI.Field.Military Crate": "Caixa Militar",
    "UI.Field.crate_normal": "caixa_militar",
    "UI.Field.Tools Crate": "Caixa d'Eines",
    "UI.Field.crate_tools": "caixa_d'eines",
    "UI.Field.Supply Drop": "Proveïment aeri",
    "UI.Field.supply_drop": "proveïment_aeri",
    "UI.Field.Locked Crate": "Caixa Tancada",
    "UI.Field.codelockedhackablecrate|codelockedhackablecrate_oilrig": "codelockedhackablecrate|codelockedhackablecrate_oilrig",
    "UI.Tabs.BUILDING": "CONSTRUCCIÓ",
    "UI.Tabs.HITRATE": "TAXA D'ENCERTS",
    "UI.Field.Head kills": "Baixes al cap",
    "UI.Field.HEAD": "CAP",
    "UI.Leaderboard.Column.Nickname": "Àlies",
    "UI.Leaderboard.Column.Kills": "Baixes",
    "UI.Leaderboard.Column.Deaths": "Morts",
    "UI.Leaderboard.Column.KDR": "Proporció K/D",
    "UI.Leaderboard.Column.NPC Kills": "Baixes NPC",
    "UI.Leaderboard.Column.Total online": "Total online",
    "UI.Leaderboard.Column.Scores": "Puntuacions",
    "UI.BodyParts.HEAD": "CAP",
    "UI.BodyParts.ARM": "BRAÇ",
    "UI.BodyParts.CHEST": "PIT",
    "UI.BodyParts.HIP": "MALUC",
    "UI.BodyParts.BODY": "COS",
    "UI.BodyParts.NECK": "COLL",
    "UI.Building.wall.frame_twigs": "PARET.MARC- BRANQUES",
    "UI.Grade.twigs": "BRANQUES",
    "UI.Building.wall.frame_wood": "PARET.MARC- FUSTA",
    "UI.Grade.wood": "FUSTA",
    "UI.Building.wall.frame_stone": "PARET.MARC- PEDRA",
    "UI.Grade.stone": "PEDRA",
    "UI.Building.wall.frame_metal": "PARET.MARC- METALL",
    "UI.Grade.metal": "METALL",
    "UI.Building.wall.frame_toptier": "PARET.MARC- MÀXIM NIVELL",
    "UI.Grade.toptier": "MÀXIM NIVELL",
    "UI.Building.wall.frame_count": "PARET.MARC- COMPTA",
    "UI.Grade.count": "COMPTA",
    "UI.Building.wall.frame_none": "PARET.MARC- CAP",
    "UI.Grade.none": "CAP",
    "UI.Building.block.stair.ushape_twigs": "BLOC.ESCALA.FORMA_U- BRANQUES",
    "UI.Building.block.stair.ushape_wood": "BLOC.ESCALA.FORMA_U- FUSTA",
    "UI.Building.block.stair.ushape_stone": "BLOC.ESCALA.FORMA_U- PEDRA",
    "UI.Building.block.stair.ushape_metal": "BLOC.ESCALA.FORMA_U- METALL",
    "UI.Building.block.stair.ushape_toptier": "BLOC.ESCALA.FORMA_U- MÀXIM NIVELL",
    "UI.Building.block.stair.ushape_count": "BLOC.ESCALA.FORMA_U- COMPTA",
    "UI.Building.block.stair.ushape_none": "BLOC.ESCALA.FORMA_U- CAP",
    "UI.Building.roof_twigs": "SOSTRE- BRANQUES",
    "UI.Building.roof_wood": "SOSTRE- FUSTA",
    "UI.Building.roof_stone": "SOSTRE- PEDRA",
    "UI.Building.roof_metal": "SOSTRE- METALL",
    "UI.Building.roof_toptier": "SOSTRE- MÀXIM NIVELL",
    "UI.Building.roof_count": "SOSTRE- COMPTA",
    "UI.Building.roof_none": "SOSTRE- CAP",
    "UI.Building.wall.window_twigs": "PARET.FINESTRA- BRANQUES",
    "UI.Building.wall.window_wood": "PARET.FINESTRA- FUSTA",
    "UI.Building.wall.window_stone": "PARET.FINESTRA- PEDRA",
    "UI.Building.wall.window_metal": "PARET.FINESTRA- METALL",
    "UI.Building.wall.window_toptier": "PARET.FINESTRA- MÀXIM NIVELL",
    "UI.Building.wall.window_count": "PARET.FINESTRA- COMPTA",
    "UI.Building.wall.window_none": "PARET.FINESTRA- CAP",
    "UI.Building.floor.triangle.frame_twigs": "SÒL.TRIANGLE.MARC- BRANQUES",
    "UI.Building.floor.triangle.frame_wood": "SÒL.TRIANGLE.MARC- FUSTA",
    "UI.Building.floor.triangle.frame_stone": "SÒL.TRIANGLE.MARC- PEDRA",
    "UI.Building.floor.triangle.frame_metal": "SÒL.TRIANGLE.MARC- METALL",
    "UI.Building.floor.triangle.frame_toptier": "SÒL.TRIANGLE.MARC- MÀXIM NIVELL",
    "UI.Building.floor.triangle.frame_count": "SÒL.TRIANGLE.MARC- COMPTA",
    "UI.Building.floor.triangle.frame_none": "SÒL.TRIANGLE.MARC- CAP",
    "UI.Building.wall.low_twigs": "PARET.BAIXA- BRANQUES",
    "UI.Building.wall.low_wood": "PARET.BAIXA- FUSTA",
    "UI.Building.wall.low_stone": "PARET.BAIXA- PEDRA",
    "UI.Building.wall.low_metal": "PARET.BAIXA- METALL",
    "UI.Building.wall.low_toptier": "PARET.BAIXA- MÀXIM NIVELL",
    "UI.Building.wall.low_count": "PARET.BAIXA- COMPTA",
    "UI.Building.wall.low_none": "PARET.BAIXA- CAP",
    "UI.Building.wall.half_twigs": "PARET.MITJA- BRANQUES",
    "UI.Building.wall.half_wood": "PARET.MITJA- FUSTA",
    "UI.Building.wall.half_stone": "PARET.MITJA- PEDRA",
    "UI.Building.wall.half_metal": "PARET.MITJA- METALL",
    "UI.Building.wall.half_toptier": "PARET.MITJA- MÀXIM NIVELL",
    "UI.Building.wall.half_count": "PARET.MITJA- COMPTA",
    "UI.Building.wall.half_none": "PARET.MITJA- CAP",
    "UI.Building.roof.triangle_twigs": "SOSTRE.TRIANGLE- BRANQUES",
    "UI.Building.roof.triangle_wood": "SOSTRE.TRIANGLE- FUSTA",
    "UI.Building.roof.triangle_stone": "SOSTRE.TRIANGLE- PEDRA",
    "UI.Building.roof.triangle_metal": "SOSTRE.TRIANGLE- METALL",
    "UI.Building.roof.triangle_toptier": "SOSTRE.TRIANGLE- MÀXIM NIVELL",
    "UI.Building.roof.triangle_count": "SOSTRE.TRIANGLE- COMPTA",
    "UI.Building.roof.triangle_none": "SOSTRE.TRIANGLE- CAP",
    "UI.Building.foundation.steps_twigs": "FONAMENTS.ESCALONS- BRANQUES",
    "UI.Building.foundation.steps_wood": "FONAMENTS.ESCALONS- FUSTA",
    "UI.Building.foundation.steps_stone": "FONAMENTS.ESCALONS- PEDRA",
    "UI.Building.foundation.steps_metal": "FONAMENTS.ESCALONS- METALL",
    "UI.Building.foundation.steps_toptier": "FONAMENTS.ESCALONS- MÀXIM NIVELL",
    "UI.Building.foundation.steps_count": "FONAMENTS.ESCALONS- COMPTA",
    "UI.Building.foundation.steps_none": "FONAMENTS.ESCALONS- CAP",
    "UI.Building.floor_twigs": "SÒL- BRANQUES",
    "UI.Building.floor_wood": "SÒL- FUSTA",
    "UI.Building.floor_stone": "SÒL- PEDRA",
    "UI.Building.floor_metal": "SÒL- METALL",
    "UI.Building.floor_toptier": "SÒL- MÀXIM NIVELL",
    "UI.Building.floor_count": "SÒL- COMPTA",
    "UI.Building.floor_none": "SÒL- CAP",
    "UI.Building.ramp_twigs": "RAMPA- BRANQUES",
    "UI.Building.ramp_wood": "RAMPA- FUSTA",
    "UI.Building.ramp_stone": "RAMPA- PEDRA",
    "UI.Building.ramp_metal": "RAMPA- METALL",
    "UI.Building.ramp_toptier": "RAMPA- MÀXIM NIVELL",
    "UI.Building.ramp_count": "RAMPA- COMPTA",
    "UI.Building.ramp_none": "RAMPA- CAP",
    "UI.Building.wall_twigs": "PARET- BRANQUES",
    "UI.Building.wall_wood": "PARET- FUSTA",
    "UI.Building.wall_stone": "PARET- PEDRA",
    "UI.Building.wall_metal": "PARET- METALL",
    "UI.Building.wall_toptier": "PARET- MÀXIM NIVELL",
    "UI.Building.wall_count": "PARET- COMPTA",
    "UI.Building.wall_none": "PARET- CAP",
    "UI.Building.wall.doorway_twigs": "PARET.PORTAL- BRANQUES",
    "UI.Building.wall.doorway_wood": "PARET.PORTAL- FUSTA",
    "UI.Building.wall.doorway_stone": "PARET.PORTAL- PEDRA",
    "UI.Building.wall.doorway_metal": "PARET.PORTAL- METALL",
    "UI.Building.wall.doorway_toptier": "PARET.PORTAL- MÀXIM NIVELL",
    "UI.Building.wall.doorway_count": "PARET.PORTAL- COMPTA",
    "UI.Building.wall.doorway_none": "PARET.PORTAL- CAP",
    "UI.Building.block.stair.lshape_twigs": "BLOC.ESCALA.FORMA_L- BRANQUES",
    "UI.Building.block.stair.lshape_wood": "BLOC.ESCALA.FORMA_L- FUSTA",
    "UI.Building.block.stair.lshape_stone": "BLOC.ESCALA.FORMA_L- PEDRA",
    "UI.Building.block.stair.lshape_metal": "BLOC.ESCALA.FORMA_L- METALL",
    "UI.Building.block.stair.lshape_toptier": "BLOC.ESCALA.FORMA_L- MÀXIM NIVELL",
    "UI.Building.block.stair.lshape_count": "BLOC.ESCALA.FORMA_L- COMPTA",
    "UI.Building.block.stair.lshape_none": "BLOC.ESCALA.FORMA_L- CAP",
    "UI.Building.foundation.triangle_twigs": "FONAMENTS.TRIANGLE- BRANQUES",
    "UI.Building.foundation.triangle_wood": "FONAMENTS.TRIANGLE- FUSTA",
    "UI.Building.foundation.triangle_stone": "FONAMENTS.TRIANGLE- PEDRA",
    "UI.Building.foundation.triangle_metal": "FONAMENTS.TRIANGLE- METALL",
    "UI.Building.foundation.triangle_toptier": "FONAMENTS.TRIANGLE- MÀXIM NIVELL",
    "UI.Building.foundation.triangle_count": "FONAMENTS.TRIANGLE- COMPTA",
    "UI.Building.foundation.triangle_none": "FONAMENTS.TRIANGLE- CAP",
    "UI.Building.floor.triangle_twigs": "SÒL.TRIANGLE- BRANQUES",
    "UI.Building.floor.triangle_wood": "SÒL.TRIANGLE- FUSTA",
    "UI.Building.floor.triangle_stone": "SÒL.TRIANGLE- PEDRA",
    "UI.Building.floor.triangle_metal": "SÒL.TRIANGLE- METALL",
    "UI.Building.floor.triangle_toptier": "SÒL.TRIANGLE- MÀXIM NIVELL",
    "UI.Building.floor.triangle_count": "SÒL.TRIANGLE- COMPTA",
    "UI.Building.floor.triangle_none": "SÒL.TRIANGLE- CAP",
    "UI.Building.floor.frame_twigs": "SÒL.MARC- BRANQUES",
    "UI.Building.floor.frame_wood": "SÒL.MARC- FUSTA",
    "UI.Building.floor.frame_stone": "SÒL.MARC- PEDRA",
    "UI.Building.floor.frame_metal": "SÒL.MARC- METALL",
    "UI.Building.floor.frame_toptier": "SÒL.MARC- MÀXIM NIVELL",
    "UI.Building.floor.frame_count": "SÒL.MARC- COMPTA",
    "UI.Building.floor.frame_none": "SÒL.MARC- CAP",
    "UI.Building.foundation_twigs": "FONAMENTS- BRANQUES",
    "UI.Building.foundation_wood": "FONAMENTS- FUSTA",
    "UI.Building.foundation_stone": "FONAMENTS- PEDRA",
    "UI.Building.foundation_metal": "FONAMENTS- METALL",
    "UI.Building.foundation_toptier": "FONAMENTS- MÀXIM NIVELL",
    "UI.Building.foundation_count": "FONAMENTS- COMPTA",
    "UI.Building.foundation_none": "FONAMENTS- CAP",
    "UI.Building.block.stair.spiral_twigs": "BLOC.ESCALA.ESPIRAL- BRANQUES",
    "UI.Building.block.stair.spiral_wood": "BLOC.ESCALA.ESPIRAL- FUSTA",
    "UI.Building.block.stair.spiral_stone": "BLOC.ESCALA.ESPIRAL- PEDRA",
    "UI.Building.block.stair.spiral_metal": "BLOC.ESCALA.ESPIRAL- METALL",
    "UI.Building.block.stair.spiral_toptier": "BLOC.ESCALA.ESPIRAL- MÀXIM NIVELL",
    "UI.Building.block.stair.spiral_count": "BLOC.ESCALA.ESPIRAL- COMPTA",
    "UI.Building.block.stair.spiral_none": "BLOC.ESCALA.ESPIRAL- CAP",
    "UI.Building.block.stair.spiral.triangle_twigs": "BLOC.ESCALA.ESPIRAL.TRIANGLE- BRANQUES",
    "UI.Building.block.stair.spiral.triangle_wood": "BLOC.ESCALA.ESPIRAL.TRIANGLE- FUSTA",
    "UI.Building.block.stair.spiral.triangle_stone": "BLOC.ESCALA.ESPIRAL.TRIANGLE- PEDRA",
    "UI.Building.block.stair.spiral.triangle_metal": "BLOC.ESCALA.ESPIRAL.TRIANGLE- METALL",
    "UI.Building.block.stair.spiral.triangle_toptier": "BLOC.ESCALA.ESPIRAL.TRIANGLE- MÀXIM NIVELL",
    "UI.Building.block.stair.spiral.triangle_count": "BLOC.ESCALA.ESPIRAL.TRIANGLE- COMPTA",
    "UI.Building.block.stair.spiral.triangle_none": "BLOC.ESCALA.ESPIRAL.TRIANGLE- CAP"
}
