{
    "Store": "<color=#838383>[</color><color=#f7432a>BestRust Servers</color><color=#838383>]</color> Our shop is very easy to use, you can buy <color=#f5e942>VIP Ranks and Kits</color> for <color=#f5e942>as low as 1€</color> and you will receive them immediately. \nYou can pay with <color=#ff7763>all payment methods</color>, even <color=#f5e942>Rust skins</color> and <color=#f5e942>crypto</color>. Use <color=#f7432a>/kit</color> and check out the kits.\n\nVIP benefits include <color=#ff7763>Kits</color>, <color=#ff7763>Skip Queue</color>, <color=#ff7763>Skinbox</color>, <color=#ff7763>Spawn with more health, water and food</color> & <color=#ff7763>much more</color>, so make sure you check out our store!\n\nThanks to everyone who supports our servers and helps us keep them up and running!\n\n<color=#ff5c45>https://store.bestrustservers.com/</color>",
    "Splits": "<color=#838383>[</color><color=#f7432a>BestRust Servers</color><color=#838383>]</color> Get <color=#f5e942>Multiple Very OP kit rewards</color> for depositing on splits.gg with the <color=#f5e942>BESTRUST code</color>. </color>Check <color=#ff5c45>/kit</color> for the rewards and make sure you use the <color=#f5e942>BESTRUST code</color> when you deposit on splits.gg",
    "PlaytimeRewards": "<color=#838383>[</color><color=#f7432a>BestRust Servers</color><color=#838383>]</color> You can earn <color=#7dda58>free kits</color> and <color=#e1c05f>perks</color> by reaching certain playtime on Bestrust servers.\n\nYou can check your playtime and read more info with the <color=#ff5c45>/playtime</color> command.",
    "Store2": "<color=#838383>[</color><color=#f7432a>BestRust Servers</color><color=#838383>]</color> Our shop is very easy to use, you can buy <color=#f5e942>VIP Ranks and Kits</color> for <color=#f5e942>as low as 1€</color> and you will receive them immediately. \nYou can pay with <color=#ff7763>all payment methods</color>, even <color=#f5e942>Rust skins</color> and <color=#f5e942>crypto</color>. Use <color=#f7432a>/kit</color> and check out the kits.\n\nVIP benefits include <color=#ff7763>Kits</color>, <color=#ff7763>Skip Queue</color>, <color=#ff7763>Skinbox</color>, <color=#ff7763>Spawn with more health, water and food</color> & <color=#ff7763>much more</color>, so make sure you check out our store!\n\nThanks to everyone who supports our servers and helps us keep them up and running!\n\n<color=#ff5c45>https://store.bestrustservers.com/</color>",
    "Splits2": "<color=#838383>[</color><color=#f7432a>BestRust Servers</color><color=#838383>]</color> Get <color=#f5e942>3 free high value rust skins and a free kit</color> by using the <color=#f5e942>BESTRUST code</color>on splits.gg",
    "Staff": "<color=#838383>[</color><color=#f7432a>BestRust Servers</color><color=#838383>]</color> Want to earn <color=#f5e942>free VIP, real money or skins</color>?\nWe are looking for new staff members. You can apply for <color=#7dda58>Moderator</color>, <color=#da5a5a>Admin</color>, <color=#cc6ce7>Community Manager</color> or <color=#d49a17>Content Creator</color>.\n\nIf you are interested, visit the #open-applications channel on our discord: <color=#ff5c45>discord.gg/bestrustservers</color>",
    "Store3": "<color=#838383>[</color><color=#f7432a>BestRust Servers</color><color=#838383>]</color> Our shop is very easy to use, you can buy <color=#f5e942>VIP Ranks and Kits</color> for <color=#f5e942>as low as 1€</color> and you will receive them immediately. \nYou can pay with <color=#ff7763>all payment methods</color>, even <color=#f5e942>Rust skins</color> and <color=#f5e942>crypto</color>. Use <color=#f7432a>/kit</color> and check out the kits.\n\nVIP benefits include <color=#ff7763>Kits</color>, <color=#ff7763>Skip Queue</color>, <color=#ff7763>Skinbox</color>, <color=#ff7763>Spawn with more health, water and food</color> & <color=#ff7763>much more</color>, so make sure you check out our store!\n\nThanks to everyone who supports our servers and helps us keep them up and running!\n\n<color=#ff5c45>https://store.bestrustservers.com/</color>",
    "Splits3": "<color=#838383>[</color><color=#f7432a>BestRust Servers</color><color=#838383>]</color> Get <color=#f5e942>Multiple Very OP kit rewards</color> for depositing on splits.gg with the <color=#f5e942>BESTRUST code</color>. </color>Check <color=#ff5c45>/kit</color> for the rewards and make sure you use the <color=#f5e942>BESTRUST code</color> when you deposit on splits.gg",
    "Discord": "<color=#838383>[</color><color=#f7432a>BestRust Servers</color><color=#838383>]</color> If you need help or would like to report a player, please create a ticket on our discord. We are always happy to help you! <color=#ff5c45>discord.gg/bestrustservers</color>"
}
