{
    "Playtime": "<color=#838383>[</color><color=#f7432a>BestRust Servers</color><color=#838383>]</color> You can get <color=#7dda58>skip queue</color> by reaching certain playtime on Bestrust servers.\n\nYou can check your playtime and read more info with the <color=#ff5c45>/playtime</color> command.",
    "RustMagic": "<color=#838383>[</color><color=#f7432a>BestRust Servers</color><color=#838383>]</color> Get <color=#f5e942>3 free high value rust skins</color> here by using <color=#f5e942>BESTRUST code</color>: https://splits.gg/r/BESTRUST",
    "Store": "<color=#838383>[</color><color=#f7432a>BestRust Servers</color><color=#838383>]</color> You can buy <color=#f5e942>VIP - Skip Queue for only 1€</color>, check out our store! Click on view webpage to reach our store.<color=#ff5c45>https://store.bestrustservers.com/</color>",
    "Staff": "<color=#838383>[</color><color=#f7432a>BestRust Servers</color><color=#838383>]</color> Want to earn <color=#f5e942>free VIP, real money or skins</color>?\nWe are looking for new staff members. You can apply for <color=#7dda58>Moderator</color>, <color=#da5a5a>Admin</color>, <color=#cc6ce7>Community Manager</color> or <color=#d49a17>Content Creator</color>.\n\nIf you are interested, visit the #open-applications channel on our discord: <color=#ff5c45>discord.gg/bestrustservers</color>",
    "RustMagic2": "<color=#838383>[</color><color=#f7432a>BestRust Servers</color><color=#838383>]</color> Get <color=#f5e942>3 free high value rust skins</color> here by using <color=#f5e942>BESTRUST code</color>: https://splits.gg/r/BESTRUST",
    "Store2": "<color=#838383>[</color><color=#f7432a>BestRust Servers</color><color=#838383>]</color> You can buy <color=#f5e942>VIP - Skip Queue for only 1€</color>, check out our store! Click on view webpage to reach our store.<color=#ff5c45>https://store.bestrustservers.com/</color>",
    "Discord": "<color=#838383>[</color><color=#f7432a>BestRust Servers</color><color=#838383>]</color> If you need help or would like to report a player, please create a ticket on our discord. We are always happy to help you! <color=#ff5c45>discord.gg/bestrustservers</color>"
}
