{
  "Prefix": "<color=#D85540>[Blueprint Share]</color> ",
  "ArgumentsError": "Incorrect command usage. Try <color=#ffff00>/bs help</color>.",
  "Help": "<color=#D85540>Blueprint Share Commands:</color>\n<color=#D85540>/bs toggle</color> - Toggle automatic blueprint sharing\n<color=#D85540>/bs share <player></color> - Share your learned blueprints with a player\n<color=#D85540>/bs show <team|clan|friend> [name]</color> - View blueprints shared with you\n<color=#D85540>/bs help</color> - Show this help menu",
  "ToggleOn": "Blueprint sharing is now <color=#00ff00>enabled</color>.",
  "ToggleOff": "Blueprint sharing is now <color=#ff0000>disabled</color>.",
  "NoPermission": "You don't have permission to use this command.",
  "CannotShare": "You cannot share blueprints with this player, they must be in your team, clan, or friends list.",
  "NoTarget": "You must specify a player to share with.",
  "TargetEqualsPlayer": "You cannot share blueprints with yourself.",
  "PlayerNotFound": "Player not found.",
  "PlayerSharedBlueprints": "You shared <color=#ffff00>{0}</color> blueprint(s) with <color=#ffff00>{1}</color>.",
  "TargetLearntBlueprints": "<color=#ffff00>{0}</color> has shared <color=#ffff00>{1}</color> blueprint(s) with you.",
  "NoBlueprintsToShare": "You have no new blueprints to share with <color=#ffff00>{0}</color>.",
  "PlayerSharedBlueprint": "You have learned the <color=#ffff00>{0}</color> blueprint and shared it with <color=#ffff00>{1}</color> player(s).",
  "TargetLearntBlueprint": "<color=#ffff00>{0}</color> has shared the <color=#ffff00>{1}</color> blueprint with you.",
  "BlueprintBlocked": "The <color=#ffff00>{0}</color> blueprint is blocked from sharing, but you have still learned it.",
  "TargetSharingDisabled": "Cannot share blueprints with <color=#ffff00>{0}</color> � they have disabled sharing.",
  "BlueprintsRemoved": "You have lost access to <color=#ffff00>{0}</color> blueprint(s).",
  "ShowMissingArgument": "You must specify which shared blueprints to view. Options: <color=#ffff00>team</color>, <color=#ffff00>clan</color>, or <color=#ffff00>friend</color>.",
  "ShowFriendArgumentMissing": "You must specify a friend's name.",
  "NotFriends": "You are not friends with this player.",
  "NoSharedBlueprints": "No blueprints have been shared with you.",
  "SharedBlueprintsTitle": "Blueprints Shared With You:",
  "ShowSharedBlueprints": "<color=#ffff00>Tier {0}:</color> {1}",
  "LoseBlueprintsDisabled": "This feature has been disabled by the server administrator."
}