{
  "AlreadyOnList": "{0} is already your friend",
  "CannotAddSelf": "You cannot add yourself",
  "CommandFriend": "friend",
  "FriendAdded": "{0} is now your friend",
  "FriendRemoved": "{0} was removed from your friend list",
  "FriendList": "Friends {0}:\n{1}",
  "FriendListFull": "Your friend list is full",
  "NoFriends": "You do not have any friends",
  "NotAllowed": "You are not allowed to use the '{0}' command",
  "NoPlayersFound": "No players found with name or ID '{0}'",
  "NotOnFriendList": "{0} not found on your friend list",
  "PlayerNotFound": "Player '{0}' was not found",
  "PlayersFound": "Multiple players were found, please specify: {0}",
  "PlayersOnly": "Command '{0}' can only be used by players",
  "UsageFriend": "Usage {0} <add|remove|list> <player name or id>"
}