{
  "PMTo": "[#00FFFF]PM to {0}[/#]: {1}",
  "PMFrom": "[#00FFFF]PM from {0}[/#]: {1}",
  "PlayerNotOnline": "{0} is not online.",
  "NotOnlineAnymore": "The last person you was talking to is not online anymore.",
  "NotMessaged": "You haven't messaged anyone or they haven't messaged you.",
  "IgnoreYou": "[#FF0000]{0} is ignoring you and cant receive your PMs[/#]",
  "SelfPM": "You can not send messages to yourself.",
  "SyntaxR": "Incorrect Syntax use: /r <msg>",
  "HistorySyntax": "Incorrect Syntax use: /pmhistory <name>",
  "SyntaxPM": "Incorrect Syntax use: /{0} <name> <msg>",
  "NotAllowedToChat": "You are not allowed to chat here",
  "History": "Your History:\n{0}",
  "CooldownMessage": "You will be able to send a private message in {0} seconds",
  "NoHistory": "There is not any saved pm history with this player.",
  "CannotFindUser": "Cannot find this user",
  "CommandDisabled": "This command has been disabled",
  "IsMuted": "You are currently muted & cannot send private messages",
  "TargetMuted": "This person is muted & cannot receive your private message",
  "NoPermission": "You don't have the correct permissions to run this command",
  "HistoryPM": "[#00FFFF]{0}[/#]: {1}",
  "Logging": "[PM]{0}->{1}: {2}"
}