{
    "NoPermToUse": "You don't have permission to do this",
    "NoILError": "The plugin does not work correctly, contact the administrator!",
    "UI.Plugin.Title": "LEADERBOARD",
    "UI.Leaderboard.Awards.Title": "Top Rewards",
    "UI.Leaderboard.Awards.Place": "{0} place",
    "UI.Search.Players.Title": "SEARCH PLAYER BY NAME OR STEAMID",
    "UI.Search.Input.Placeholder": "ENTER NAME OR STEAMID",
    "UI.Players.List.Title": "LIST OF PLAYERS ON THE SERVER",
    "UI.Players.NoPlayers": "There are no available players :(",
    "UI.HitRate.Title": "HIT RATE",
    "UI.HitRate.Description": "Here you can see the total number of hits to body parts",
    "UI.Building.Title": "BUILDING",
    "UI.Building.Description": "Here you can see building statistics",
    "UI.Stat.Value.Total": "Total: {0}",
    "UI.Stat.Value.Today": "Today: {0}",
    "UI.Stat.Value.KD": "Kills: {0} / Deaths: {1}",
    "UI.Stat.Value.None": "None",
    "UI.Stat.Value.Unknown": "Unknown",
    "UI.Time.Years": "{0}y",
    "UI.Time.Months": "{0}m",
    "UI.Time.Days": "{0}d",
    "UI.Time.Hours": "{0}h",
    "UI.Time.Minutes": "{0}m",
    "UI.Time.Seconds": "{0}s",
    "MSG.Profile.Already.Loading": "This profile is already loading, please wait.",
    "MSG.Profile.Wait.Before.Another": "Please wait a moment before opening another profile.",
    "UI.Leaderboard.Loading": "Loading...",
    "Msg.Player.NotFound": "Player statistics not found",
    "Msg.Invalid.SteamID": "Invalid Steam ID format",
    "Msg.Hide.Self.Hidden": "You are now hidden from the leaderboard",
    "Msg.Hide.Self.Visible": "You are now visible in the leaderboard",
    "UI.Category.MY STATISTICS": "MY STATISTICS",
    "UI.Category.TOP 10 PLAYERS": "TOP 10 PLAYERS",
    "UI.Category.SEARCH": "SEARCH",
    "UI.Awards.TOP scorers": "TOP scorers",
    "UI.Awards.Place.Frontiersman Pack": "Frontiersman Pack",
    "UI.Awards.Place.Lumberjack Pack": "Lumberjack Pack",
    "UI.Awards.Place.Artic Pack": "Artic Pack",
    "UI.Awards.Place.Abyss Pack": "Abyss Pack",
    "UI.Awards.Place.Retro Tool Cupboard": "Retro Tool Cupboard",
    "UI.Awards.TOP killers": "TOP killers",
    "UI.Awards.TOP time played": "TOP time played",
    "UI.Tabs.GENERAL": "GENERAL",
    "UI.Field.Profile": "Profile",
    "UI.Field.name": "name",
    "UI.Field.K/D": "K/D",
    "UI.Field.kd": "kd",
    "UI.Field.Time": "Time",
    "UI.Field.current_playtime": "current_playtime",
    "UI.Field.Longest Kill Distance": "Longest Kill Distance",
    "UI.Field.longest_kill_distance": "longest_kill_distance",
    "UI.Field.Total Resources Gathered": "Total Resources Gathered",
    "UI.Field.total_resources": "total_resources",
    "UI.Field.Favorite Resource": "Favorite Resource",
    "UI.Field.favorite_resource": "favorite_resource",
    "UI.Field.Total Items Crafted": "Total Items Crafted",
    "UI.Field.total_items_crafted": "total_items_crafted",
    "UI.Field.Structures Built": "Structures Built",
    "UI.Field.structures_built": "structures_built",
    "UI.Field.Upgrades Performed": "Upgrades Performed",
    "UI.Field.upgrades_performed": "upgrades_performed",
    "UI.Field.Favorite Building Material": "Favorite Building Material",
    "UI.Field.favorite_building_material": "favorite_building_material",
    "UI.Field.Events Won": "Events Won",
    "UI.Field.events_won": "events_won",
    "UI.Field.Favorite Event": "Favorite Event",
    "UI.Field.favorite_event": "favorite_event",
    "UI.Column.EVENTS": "EVENTS",
    "UI.Field.Convoy": "Convoy",
    "UI.Field.Sputnik": "Sputnik",
    "UI.Field.Caravan": "Caravan",
    "UI.Field.GasStation": "GasStation",
    "UI.Field.GasStationEvent": "GasStationEvent",
    "UI.Field.Air": "Air",
    "UI.Field.AirEvent": "AirEvent",
    "UI.Field.SatDish": "SatDish",
    "UI.Field.SatDishEvent": "SatDishEvent",
    "UI.Field.Triangulation": "Triangulation",
    "UI.Field.Water": "Water",
    "UI.Field.WaterEvent": "WaterEvent",
    "UI.Field.Harbor": "Harbor",
    "UI.Field.HarborEvent": "HarborEvent",
    "UI.Field.ArcticBase": "ArcticBase",
    "UI.Field.ArcticBaseEvent": "ArcticBaseEvent",
    "UI.Field.Junkyard": "Junkyard",
    "UI.Field.JunkyardEvent": "JunkyardEvent",
    "UI.Field.Supermarket": "Supermarket",
    "UI.Field.SupermarketEvent": "SupermarketEvent",
    "UI.Field.PowerPlant": "PowerPlant",
    "UI.Field.PowerPlantEvent": "PowerPlantEvent",
    "UI.Field.Paintball Team": "Paintball Team",
    "UI.Field.PaintballTeam": "PaintballTeam",
    "UI.Field.Paintball FFA": "Paintball FFA",
    "UI.Field.PaintballFFA": "PaintballFFA",
    "UI.Field.Survival Arena": "Survival Arena",
    "UI.Field.SurvivalArena": "SurvivalArena",
    "UI.Field.Gun Game": "Gun Game",
    "UI.Field.GunGame": "GunGame",
    "UI.Field.Zombie Infection": "Zombie Infection",
    "UI.Field.ZombieInfection": "ZombieInfection",
    "UI.Field.Tugboat Pirates": "Tugboat Pirates",
    "UI.Field.TugboatPirates": "TugboatPirates",
    "UI.Tabs.RESOURCES": "RESOURCES",
    "UI.Column.RESOURCES": "RESOURCES",
    "UI.Field.Stone": "Stone",
    "UI.Field.stones": "stones",
    "UI.Field.Wood": "Wood",
    "UI.Field.wood": "wood",
    "UI.Field.Sulfur Ore": "Sulfur Ore",
    "UI.Field.sulfur.ore": "sulfur.ore",
    "UI.Field.Metal Ore": "Metal Ore",
    "UI.Field.metal.ore": "metal.ore",
    "UI.Field.High Quality Metal Ore": "High Quality Metal Ore",
    "UI.Field.hq.metal.ore": "hq.metal.ore",
    "UI.Field.Leather": "Leather",
    "UI.Field.leather": "leather",
    "UI.Field.Bone Fragments": "Bone Fragments",
    "UI.Field.bone.fragments": "bone.fragments",
    "UI.Field.Animal Fat": "Animal Fat",
    "UI.Field.fat.animal": "fat.animal",
    "UI.Field.Scrap": "Scrap",
    "UI.Field.scrap": "scrap",
    "UI.Column.FARMING": "FARMING",
    "UI.Field.Hemp": "Hemp",
    "UI.Field.hemp-collectable": "hemp-collectable",
    "UI.Field.Blue Berry": "Blue Berry",
    "UI.Field.blue.berry": "blue.berry",
    "UI.Field.Red Berry": "Red Berry",
    "UI.Field.red.berry": "red.berry",
    "UI.Field.Yellow Berry": "Yellow Berry",
    "UI.Field.yellow.berry": "yellow.berry",
    "UI.Field.Black Berry": "Black Berry",
    "UI.Field.black.berry": "black.berry",
    "UI.Field.Green Berry": "Green Berry",
    "UI.Field.green.berry": "green.berry",
    "UI.Field.White Berry": "White Berry",
    "UI.Field.white.berry": "white.berry",
    "UI.Field.Potato": "Potato",
    "UI.Field.potato": "potato",
    "UI.Field.Cloth": "Cloth",
    "UI.Field.cloth": "cloth",
    "UI.Field.Mushroom": "Mushroom",
    "UI.Field.mushroom": "mushroom",
    "UI.Field.Corn": "Corn",
    "UI.Field.corn": "corn",
    "UI.Field.Pumpkin": "Pumpkin",
    "UI.Field.pumpkin": "pumpkin",
    "UI.Field.Orchid": "Orchid",
    "UI.Field.orchid": "orchid",
    "UI.Field.Rose": "Rose",
    "UI.Field.rose": "rose",
    "UI.Field.Sunflower": "Sunflower",
    "UI.Field.sunflower": "sunflower",
    "UI.Field.Wheat": "Wheat",
    "UI.Field.wheat": "wheat",
    "UI.Column.MISC": "MISC",
    "UI.Field.Bears": "Bears",
    "UI.Field.bear": "bear",
    "UI.Field.Polar Bears": "Polar Bears",
    "UI.Field.polarbear": "polarbear",
    "UI.Field.Boars": "Boars",
    "UI.Field.boar": "boar",
    "UI.Field.Chicken": "Chicken",
    "UI.Field.chicken": "chicken",
    "UI.Field.Stag": "Stag",
    "UI.Field.stag": "stag",
    "UI.Field.Wolf": "Wolf",
    "UI.Field.wolf2": "wolf2",
    "UI.Field.Panther": "Panther",
    "UI.Field.panther": "panther",
    "UI.Field.Crocodile": "Crocodile",
    "UI.Field.crocodile": "crocodile",
    "UI.Field.Snake": "Snake",
    "UI.Field.snake.entity": "snake.entity",
    "UI.Field.Tiger": "Tiger",
    "UI.Field.tiger": "tiger",
    "UI.Field.Shark": "Shark",
    "UI.Field.simpleshark": "simpleshark",
    "UI.Field.Bradley": "Bradley",
    "UI.Field.bradleyapc": "bradleyapc",
    "UI.Field.Helicopter": "Helicopter",
    "UI.Field.helicopter": "helicopter",
    "UI.Field.Scientist": "Scientist",
    "UI.Field.npc_underwaterdweller|scientistnpc_arena|scientistnpc_bradley|scientistnpc_bradley_heavy|scientistnpc_cargo|scientistnpc_cargo_turret_any|scientistnpc_cargo_turret_lr300|scientistnpc_ch47_gunner|scientistnpc_excavator|scientistnpc_full_any|scientistnpc_full_lr300|scientistnpc_full_mp5|scientistnpc_full_pistol|scientistnpc_full_shotgun|scientistnpc_junkpile_pistol|scientistnpc_oilrig|scientistnpc_patrol|scientistnpc_patrol_arctic|scientistnpc_peacekeeper|scientistnpc_roam|scientistnpc_roam_nvg_variant|scientistnpc_roamtethered": "npc_underwaterdweller|scientistnpc_arena|scientistnpc_bradley|scientistnpc_bradley_heavy|scientistnpc_cargo|scientistnpc_cargo_turret_any|scientistnpc_cargo_turret_lr300|scientistnpc_ch47_gunner|scientistnpc_excavator|scientistnpc_full_any|scientistnpc_full_lr300|scientistnpc_full_mp5|scientistnpc_full_pistol|scientistnpc_full_shotgun|scientistnpc_junkpile_pistol|scientistnpc_oilrig|scientistnpc_patrol|scientistnpc_patrol_arctic|scientistnpc_peacekeeper|scientistnpc_roam|scientistnpc_roam_nvg_variant|scientistnpc_roamtethered",
    "UI.Field.Heavy Scientist": "Heavy Scientist",
    "UI.Field.scientistnpc_heavy": "scientistnpc_heavy",
    "UI.Field.Tunnel Dweller": "Tunnel Dweller",
    "UI.Field.npc_tunneldweller|npc_tunneldwellerspawned": "npc_tunneldweller|npc_tunneldwellerspawned",
    "UI.Field.Underwater Lab Dweller": "Underwater Lab Dweller",
    "UI.Field.npc_underwaterdweller": "npc_underwaterdweller",
    "UI.Column.RAID": "RAID",
    "UI.Field.Satchel": "Satchel",
    "UI.Field.explosive.satchel": "explosive.satchel",
    "UI.Field.Molotov": "Molotov",
    "UI.Field.grenade.molotov": "grenade.molotov",
    "UI.Field.Flashbang": "Flashbang",
    "UI.Field.grenade.flashbang": "grenade.flashbang",
    "UI.Field.Survey Charge": "Survey Charge",
    "UI.Field.surveycharge": "surveycharge",
    "UI.Field.Grenade": "Grenade",
    "UI.Field.grenade.f1": "grenade.f1",
    "UI.Field.Beancan": "Beancan",
    "UI.Field.grenade.beancan": "grenade.beancan",
    "UI.Field.Rocket": "Rocket",
    "UI.Field.ammo.rocket.basic": "ammo.rocket.basic",
    "UI.Field.Incendiary Rocket": "Incendiary Rocket",
    "UI.Field.ammo.rocket.fire": "ammo.rocket.fire",
    "UI.Field.Rocket HV": "Rocket HV",
    "UI.Field.ammo.rocket.hv": "ammo.rocket.hv",
    "UI.Field.Explosive 5.56 Rifle Ammo": "Explosive 5.56 Rifle Ammo",
    "UI.Field.ammo.rifle.explosive": "ammo.rifle.explosive",
    "UI.Field.GL HE": "GL HE",
    "UI.Field.ammo.grenadelauncher.he": "ammo.grenadelauncher.he",
    "UI.Field.C4": "C4",
    "UI.Field.explosive.timed": "explosive.timed",
    "UI.Field.MLRS Rocket": "MLRS Rocket",
    "UI.Field.ammo.rocket.mlrs": "ammo.rocket.mlrs",
    "UI.Column.RECYCLED": "RECYCLED",
    "UI.Field.Propane Tanks": "Propane Tanks",
    "UI.Field.propanetank": "propanetank",
    "UI.Field.Gears": "Gears",
    "UI.Field.gears": "gears",
    "UI.Field.Metal Pipe": "Metal Pipe",
    "UI.Field.metalpipe": "metalpipe",
    "UI.Field.Rifle Body": "Rifle Body",
    "UI.Field.riflebody": "riflebody",
    "UI.Field.Semi Body": "Semi Body",
    "UI.Field.semibody": "semibody",
    "UI.Field.Metal Springs": "Metal Springs",
    "UI.Field.metalspring": "metalspring",
    "UI.Field.Road Signs": "Road Signs",
    "UI.Field.roadsigns": "roadsigns",
    "UI.Field.Sewing Kits": "Sewing Kits",
    "UI.Field.sewingkit": "sewingkit",
    "UI.Field.Tarp": "Tarp",
    "UI.Field.tarp": "tarp",
    "UI.Field.Rope": "Rope",
    "UI.Field.rope": "rope",
    "UI.Field.Sheet Metal": "Sheet Metal",
    "UI.Field.sheetmetal": "sheetmetal",
    "UI.Field.Fuse": "Fuse",
    "UI.Field.fuse": "fuse",
    "UI.Field.Metal Blade": "Metal Blade",
    "UI.Field.metalblade": "metalblade",
    "UI.Field.SMG Body": "SMG Body",
    "UI.Field.smgbody": "smgbody",
    "UI.Field.Tech Parts": "Tech Parts",
    "UI.Field.techparts": "techparts",
    "UI.Field.Targeting Computer": "Targeting Computer",
    "UI.Field.targeting.computer": "targeting.computer",
    "UI.Field.CCTV Camera": "CCTV Camera",
    "UI.Field.cctv.camera": "cctv.camera",
    "UI.Column.FIRED": "FIRED",
    "UI.Field.Pistol": "Pistol",
    "UI.Field.ammo.pistol": "ammo.pistol",
    "UI.Field.Pistol Incendiary": "Pistol Incendiary",
    "UI.Field.ammo.pistol.fire": "ammo.pistol.fire",
    "UI.Field.Pistol HV": "Pistol HV",
    "UI.Field.ammo.pistol.hv": "ammo.pistol.hv",
    "UI.Field.Nailguns": "Nailguns",
    "UI.Field.ammo.nailgun.nails": "ammo.nailgun.nails",
    "UI.Field.Rifle": "Rifle",
    "UI.Field.ammo.rifle": "ammo.rifle",
    "UI.Field.Rifle HV": "Rifle HV",
    "UI.Field.ammo.rifle.hv": "ammo.rifle.hv",
    "UI.Field.Rifle Incendiary": "Rifle Incendiary",
    "UI.Field.ammo.rifle.incendiary": "ammo.rifle.incendiary",
    "UI.Field.HandMades": "HandMades",
    "UI.Field.ammo.handmade.shell": "ammo.handmade.shell",
    "UI.Field.GL Buckshot": "GL Buckshot",
    "UI.Field.ammo.grenadelauncher.buckshot": "ammo.grenadelauncher.buckshot",
    "UI.Field.Shotgun Slug": "Shotgun Slug",
    "UI.Field.ammo.shotgun.slug": "ammo.shotgun.slug",
    "UI.Field.Shotgun Fire": "Shotgun Fire",
    "UI.Field.ammo.shotgun.fire": "ammo.shotgun.fire",
    "UI.Field.Shotgun": "Shotgun",
    "UI.Field.ammo.shotgun": "ammo.shotgun",
    "UI.Field.SnowBall": "SnowBall",
    "UI.Field.snowball": "snowball",
    "UI.Field.Wooden Arrow": "Wooden Arrow",
    "UI.Field.arrow.wooden": "arrow.wooden",
    "UI.Field.Fire Arrow": "Fire Arrow",
    "UI.Field.arrow.fire": "arrow.fire",
    "UI.Field.Bone Arrow": "Bone Arrow",
    "UI.Field.arrow.bone": "arrow.bone",
    "UI.Field.High Velocity Arrow": "High Velocity Arrow",
    "UI.Field.arrow.hv": "arrow.hv",
    "UI.Column.FISHING": "FISHING",
    "UI.Field.Anchovy": "Anchovy",
    "UI.Field.fish.anchovy": "fish.anchovy",
    "UI.Field.Catfish": "Catfish",
    "UI.Field.fish.catfish": "fish.catfish",
    "UI.Field.Herring": "Herring",
    "UI.Field.fish.herring": "fish.herring",
    "UI.Field.Orange Roughy": "Orange Roughy",
    "UI.Field.fish.orangeroughy": "fish.orangeroughy",
    "UI.Field.Salmon": "Salmon",
    "UI.Field.fish.salmon": "fish.salmon",
    "UI.Field.Sardine": "Sardine",
    "UI.Field.fish.sardine": "fish.sardine",
    "UI.Field.Small Shark": "Small Shark",
    "UI.Field.fish.smallshark": "fish.smallshark",
    "UI.Field.Small Trout": "Small Trout",
    "UI.Field.fish.troutsmall": "fish.troutsmall",
    "UI.Field.Yellow Perch": "Yellow Perch",
    "UI.Field.fish.yellowperch": "fish.yellowperch",
    "UI.Field.Minnows": "Minnows",
    "UI.Field.fish.minnows": "fish.minnows",
    "UI.Column.CRAFTED": "CRAFTED",
    "UI.Field.Garage Door": "Garage Door",
    "UI.Field.wall.frame.garagedoor": "wall.frame.garagedoor",
    "UI.Field.Sheet Metal Double Door": "Sheet Metal Double Door",
    "UI.Field.door.double.hinged.metal": "door.double.hinged.metal",
    "UI.Field.Armored Double Door": "Armored Double Door",
    "UI.Field.door.double.hinged.toptier": "door.double.hinged.toptier",
    "UI.Field.Wood Double Door": "Wood Double Door",
    "UI.Field.door.double.hinged.wood": "door.double.hinged.wood",
    "UI.Field.Sheet Metal Door": "Sheet Metal Door",
    "UI.Field.door.hinged.metal": "door.hinged.metal",
    "UI.Field.Armored Door": "Armored Door",
    "UI.Field.door.hinged.toptier": "door.hinged.toptier",
    "UI.Field.Wood Door": "Wood Door",
    "UI.Field.door.hinged.wood": "door.hinged.wood",
    "UI.Field.Large Wood Box": "Large Wood Box",
    "UI.Field.box.wooden.large": "box.wooden.large",
    "UI.Field.Wood Storage Box": "Wood Storage Box",
    "UI.Field.box.wooden": "box.wooden",
    "UI.Field.Flame Turret": "Flame Turret",
    "UI.Field.flameturret": "flameturret",
    "UI.Field.Shotgun Trap": "Shotgun Trap",
    "UI.Field.guntrap": "guntrap",
    "UI.Field.Auto Turret": "Auto Turret",
    "UI.Field.autoturret": "autoturret",
    "UI.Field.Code Lock": "Code Lock",
    "UI.Field.lock.code": "lock.code",
    "UI.Field.Key Lock": "Key Lock",
    "UI.Field.lock.key": "lock.key",
    "UI.Field.Wooden Ladder": "Wooden Ladder",
    "UI.Field.ladder.wooden.wall": "ladder.wooden.wall",
    "UI.Field.Medical Syringe": "Medical Syringe",
    "UI.Field.syringe.medical": "syringe.medical",
    "UI.Field.Bandage": "Bandage",
    "UI.Field.bandage": "bandage",
    "UI.Field.Large Medkit": "Large Medkit",
    "UI.Field.largemedkit": "largemedkit",
    "UI.Field.Rocket Launcher": "Rocket Launcher",
    "UI.Field.rocket.launcher": "rocket.launcher",
    "UI.Field.HV Rocket": "HV Rocket",
    "UI.Field.Explosives": "Explosives",
    "UI.Field.explosives": "explosives",
    "UI.Field.Gun Powder": "Gun Powder",
    "UI.Field.gunpowder": "gunpowder",
    "UI.Field.Low Grade Fuel": "Low Grade Fuel",
    "UI.Field.lowgradefuel": "lowgradefuel",
    "UI.Column.LOOTED": "LOOTED",
    "UI.Field.Normal Crate": "Normal Crate",
    "UI.Field.crate_normal_2": "crate_normal_2",
    "UI.Field.Basic Crate": "Basic Crate",
    "UI.Field.crate_basic": "crate_basic",
    "UI.Field.Elite Crate": "Elite Crate",
    "UI.Field.crate_elite": "crate_elite",
    "UI.Field.Military Crate": "Military Crate",
    "UI.Field.crate_normal": "crate_normal",
    "UI.Field.Tools Crate": "Tools Crate",
    "UI.Field.crate_tools": "crate_tools",
    "UI.Field.Supply Drop": "Supply Drop",
    "UI.Field.supply_drop": "supply_drop",
    "UI.Field.Locked Crate": "Locked Crate",
    "UI.Field.codelockedhackablecrate|codelockedhackablecrate_oilrig": "codelockedhackablecrate|codelockedhackablecrate_oilrig",
    "UI.Tabs.BUILDING": "BUILDING",
    "UI.Tabs.HITRATE": "HITRATE",
    "UI.Field.Head kills": "Head kills",
    "UI.Field.HEAD": "HEAD",
    "UI.Leaderboard.Column.Nickname": "Nickname",
    "UI.Leaderboard.Column.Kills": "Kills",
    "UI.Leaderboard.Column.Deaths": "Deaths",
    "UI.Leaderboard.Column.KDR": "KDR",
    "UI.Leaderboard.Column.NPC Kills": "NPC Kills",
    "UI.Leaderboard.Column.Total online": "Total online",
    "UI.Leaderboard.Column.Scores": "Scores",
    "UI.BodyParts.HEAD": "HEAD",
    "UI.BodyParts.ARM": "ARM",
    "UI.BodyParts.CHEST": "CHEST",
    "UI.BodyParts.HIP": "HIP",
    "UI.BodyParts.BODY": "BODY",
    "UI.BodyParts.NECK": "NECK",
    "UI.Building.wall.frame_twigs": "WALL.FRAME- TWIGS",
    "UI.Grade.twigs": "TWIGS",
    "UI.Building.wall.frame_wood": "WALL.FRAME- WOOD",
    "UI.Grade.wood": "WOOD",
    "UI.Building.wall.frame_stone": "WALL.FRAME- STONE",
    "UI.Grade.stone": "STONE",
    "UI.Building.wall.frame_metal": "WALL.FRAME- METAL",
    "UI.Grade.metal": "METAL",
    "UI.Building.wall.frame_toptier": "WALL.FRAME- TOPTIER",
    "UI.Grade.toptier": "TOPTIER",
    "UI.Building.wall.frame_count": "WALL.FRAME- COUNT",
    "UI.Grade.count": "COUNT",
    "UI.Building.wall.frame_none": "WALL.FRAME- NONE",
    "UI.Grade.none": "NONE",
    "UI.Building.block.stair.ushape_twigs": "BLOCK.STAIR.USHAPE- TWIGS",
    "UI.Building.block.stair.ushape_wood": "BLOCK.STAIR.USHAPE- WOOD",
    "UI.Building.block.stair.ushape_stone": "BLOCK.STAIR.USHAPE- STONE",
    "UI.Building.block.stair.ushape_metal": "BLOCK.STAIR.USHAPE- METAL",
    "UI.Building.block.stair.ushape_toptier": "BLOCK.STAIR.USHAPE- TOPTIER",
    "UI.Building.block.stair.ushape_count": "BLOCK.STAIR.USHAPE- COUNT",
    "UI.Building.block.stair.ushape_none": "BLOCK.STAIR.USHAPE- NONE",
    "UI.Building.roof_twigs": "ROOF- TWIGS",
    "UI.Building.roof_wood": "ROOF- WOOD",
    "UI.Building.roof_stone": "ROOF- STONE",
    "UI.Building.roof_metal": "ROOF- METAL",
    "UI.Building.roof_toptier": "ROOF- TOPTIER",
    "UI.Building.roof_count": "ROOF- COUNT",
    "UI.Building.roof_none": "ROOF- NONE",
    "UI.Building.wall.window_twigs": "WALL.WINDOW- TWIGS",
    "UI.Building.wall.window_wood": "WALL.WINDOW- WOOD",
    "UI.Building.wall.window_stone": "WALL.WINDOW- STONE",
    "UI.Building.wall.window_metal": "WALL.WINDOW- METAL",
    "UI.Building.wall.window_toptier": "WALL.WINDOW- TOPTIER",
    "UI.Building.wall.window_count": "WALL.WINDOW- COUNT",
    "UI.Building.wall.window_none": "WALL.WINDOW- NONE",
    "UI.Building.floor.triangle.frame_twigs": "FLOOR.TRIANGLE.FRAME- TWIGS",
    "UI.Building.floor.triangle.frame_wood": "FLOOR.TRIANGLE.FRAME- WOOD",
    "UI.Building.floor.triangle.frame_stone": "FLOOR.TRIANGLE.FRAME- STONE",
    "UI.Building.floor.triangle.frame_metal": "FLOOR.TRIANGLE.FRAME- METAL",
    "UI.Building.floor.triangle.frame_toptier": "FLOOR.TRIANGLE.FRAME- TOPTIER",
    "UI.Building.floor.triangle.frame_count": "FLOOR.TRIANGLE.FRAME- COUNT",
    "UI.Building.floor.triangle.frame_none": "FLOOR.TRIANGLE.FRAME- NONE",
    "UI.Building.wall.low_twigs": "WALL.LOW- TWIGS",
    "UI.Building.wall.low_wood": "WALL.LOW- WOOD",
    "UI.Building.wall.low_stone": "WALL.LOW- STONE",
    "UI.Building.wall.low_metal": "WALL.LOW- METAL",
    "UI.Building.wall.low_toptier": "WALL.LOW- TOPTIER",
    "UI.Building.wall.low_count": "WALL.LOW- COUNT",
    "UI.Building.wall.low_none": "WALL.LOW- NONE",
    "UI.Building.wall.half_twigs": "WALL.HALF- TWIGS",
    "UI.Building.wall.half_wood": "WALL.HALF- WOOD",
    "UI.Building.wall.half_stone": "WALL.HALF- STONE",
    "UI.Building.wall.half_metal": "WALL.HALF- METAL",
    "UI.Building.wall.half_toptier": "WALL.HALF- TOPTIER",
    "UI.Building.wall.half_count": "WALL.HALF- COUNT",
    "UI.Building.wall.half_none": "WALL.HALF- NONE",
    "UI.Building.roof.triangle_twigs": "ROOF.TRIANGLE- TWIGS",
    "UI.Building.roof.triangle_wood": "ROOF.TRIANGLE- WOOD",
    "UI.Building.roof.triangle_stone": "ROOF.TRIANGLE- STONE",
    "UI.Building.roof.triangle_metal": "ROOF.TRIANGLE- METAL",
    "UI.Building.roof.triangle_toptier": "ROOF.TRIANGLE- TOPTIER",
    "UI.Building.roof.triangle_count": "ROOF.TRIANGLE- COUNT",
    "UI.Building.roof.triangle_none": "ROOF.TRIANGLE- NONE",
    "UI.Building.foundation.steps_twigs": "FOUNDATION.STEPS- TWIGS",
    "UI.Building.foundation.steps_wood": "FOUNDATION.STEPS- WOOD",
    "UI.Building.foundation.steps_stone": "FOUNDATION.STEPS- STONE",
    "UI.Building.foundation.steps_metal": "FOUNDATION.STEPS- METAL",
    "UI.Building.foundation.steps_toptier": "FOUNDATION.STEPS- TOPTIER",
    "UI.Building.foundation.steps_count": "FOUNDATION.STEPS- COUNT",
    "UI.Building.foundation.steps_none": "FOUNDATION.STEPS- NONE",
    "UI.Building.floor_twigs": "FLOOR- TWIGS",
    "UI.Building.floor_wood": "FLOOR- WOOD",
    "UI.Building.floor_stone": "FLOOR- STONE",
    "UI.Building.floor_metal": "FLOOR- METAL",
    "UI.Building.floor_toptier": "FLOOR- TOPTIER",
    "UI.Building.floor_count": "FLOOR- COUNT",
    "UI.Building.floor_none": "FLOOR- NONE",
    "UI.Building.ramp_twigs": "RAMP- TWIGS",
    "UI.Building.ramp_wood": "RAMP- WOOD",
    "UI.Building.ramp_stone": "RAMP- STONE",
    "UI.Building.ramp_metal": "RAMP- METAL",
    "UI.Building.ramp_toptier": "RAMP- TOPTIER",
    "UI.Building.ramp_count": "RAMP- COUNT",
    "UI.Building.ramp_none": "RAMP- NONE",
    "UI.Building.wall_twigs": "WALL- TWIGS",
    "UI.Building.wall_wood": "WALL- WOOD",
    "UI.Building.wall_stone": "WALL- STONE",
    "UI.Building.wall_metal": "WALL- METAL",
    "UI.Building.wall_toptier": "WALL- TOPTIER",
    "UI.Building.wall_count": "WALL- COUNT",
    "UI.Building.wall_none": "WALL- NONE",
    "UI.Building.wall.doorway_twigs": "WALL.DOORWAY- TWIGS",
    "UI.Building.wall.doorway_wood": "WALL.DOORWAY- WOOD",
    "UI.Building.wall.doorway_stone": "WALL.DOORWAY- STONE",
    "UI.Building.wall.doorway_metal": "WALL.DOORWAY- METAL",
    "UI.Building.wall.doorway_toptier": "WALL.DOORWAY- TOPTIER",
    "UI.Building.wall.doorway_count": "WALL.DOORWAY- COUNT",
    "UI.Building.wall.doorway_none": "WALL.DOORWAY- NONE",
    "UI.Building.block.stair.lshape_twigs": "BLOCK.STAIR.LSHAPE- TWIGS",
    "UI.Building.block.stair.lshape_wood": "BLOCK.STAIR.LSHAPE- WOOD",
    "UI.Building.block.stair.lshape_stone": "BLOCK.STAIR.LSHAPE- STONE",
    "UI.Building.block.stair.lshape_metal": "BLOCK.STAIR.LSHAPE- METAL",
    "UI.Building.block.stair.lshape_toptier": "BLOCK.STAIR.LSHAPE- TOPTIER",
    "UI.Building.block.stair.lshape_count": "BLOCK.STAIR.LSHAPE- COUNT",
    "UI.Building.block.stair.lshape_none": "BLOCK.STAIR.LSHAPE- NONE",
    "UI.Building.foundation.triangle_twigs": "FOUNDATION.TRIANGLE- TWIGS",
    "UI.Building.foundation.triangle_wood": "FOUNDATION.TRIANGLE- WOOD",
    "UI.Building.foundation.triangle_stone": "FOUNDATION.TRIANGLE- STONE",
    "UI.Building.foundation.triangle_metal": "FOUNDATION.TRIANGLE- METAL",
    "UI.Building.foundation.triangle_toptier": "FOUNDATION.TRIANGLE- TOPTIER",
    "UI.Building.foundation.triangle_count": "FOUNDATION.TRIANGLE- COUNT",
    "UI.Building.foundation.triangle_none": "FOUNDATION.TRIANGLE- NONE",
    "UI.Building.floor.triangle_twigs": "FLOOR.TRIANGLE- TWIGS",
    "UI.Building.floor.triangle_wood": "FLOOR.TRIANGLE- WOOD",
    "UI.Building.floor.triangle_stone": "FLOOR.TRIANGLE- STONE",
    "UI.Building.floor.triangle_metal": "FLOOR.TRIANGLE- METAL",
    "UI.Building.floor.triangle_toptier": "FLOOR.TRIANGLE- TOPTIER",
    "UI.Building.floor.triangle_count": "FLOOR.TRIANGLE- COUNT",
    "UI.Building.floor.triangle_none": "FLOOR.TRIANGLE- NONE",
    "UI.Building.floor.frame_twigs": "FLOOR.FRAME- TWIGS",
    "UI.Building.floor.frame_wood": "FLOOR.FRAME- WOOD",
    "UI.Building.floor.frame_stone": "FLOOR.FRAME- STONE",
    "UI.Building.floor.frame_metal": "FLOOR.FRAME- METAL",
    "UI.Building.floor.frame_toptier": "FLOOR.FRAME- TOPTIER",
    "UI.Building.floor.frame_count": "FLOOR.FRAME- COUNT",
    "UI.Building.floor.frame_none": "FLOOR.FRAME- NONE",
    "UI.Building.foundation_twigs": "FOUNDATION- TWIGS",
    "UI.Building.foundation_wood": "FOUNDATION- WOOD",
    "UI.Building.foundation_stone": "FOUNDATION- STONE",
    "UI.Building.foundation_metal": "FOUNDATION- METAL",
    "UI.Building.foundation_toptier": "FOUNDATION- TOPTIER",
    "UI.Building.foundation_count": "FOUNDATION- COUNT",
    "UI.Building.foundation_none": "FOUNDATION- NONE",
    "UI.Building.block.stair.spiral_twigs": "BLOCK.STAIR.SPIRAL- TWIGS",
    "UI.Building.block.stair.spiral_wood": "BLOCK.STAIR.SPIRAL- WOOD",
    "UI.Building.block.stair.spiral_stone": "BLOCK.STAIR.SPIRAL- STONE",
    "UI.Building.block.stair.spiral_metal": "BLOCK.STAIR.SPIRAL- METAL",
    "UI.Building.block.stair.spiral_toptier": "BLOCK.STAIR.SPIRAL- TOPTIER",
    "UI.Building.block.stair.spiral_count": "BLOCK.STAIR.SPIRAL- COUNT",
    "UI.Building.block.stair.spiral_none": "BLOCK.STAIR.SPIRAL- NONE",
    "UI.Building.block.stair.spiral.triangle_twigs": "BLOCK.STAIR.SPIRAL.TRIANGLE- TWIGS",
    "UI.Building.block.stair.spiral.triangle_wood": "BLOCK.STAIR.SPIRAL.TRIANGLE- WOOD",
    "UI.Building.block.stair.spiral.triangle_stone": "BLOCK.STAIR.SPIRAL.TRIANGLE- STONE",
    "UI.Building.block.stair.spiral.triangle_metal": "BLOCK.STAIR.SPIRAL.TRIANGLE- METAL",
    "UI.Building.block.stair.spiral.triangle_toptier": "BLOCK.STAIR.SPIRAL.TRIANGLE- TOPTIER",
    "UI.Building.block.stair.spiral.triangle_count": "BLOCK.STAIR.SPIRAL.TRIANGLE- COUNT",
    "UI.Building.block.stair.spiral.triangle_none": "BLOCK.STAIR.SPIRAL.TRIANGLE- NONE"
}
