{
    "Playtime": "<color=#838383>[</color><color=#f7432a>BestRust Servers</color><color=#838383>]</color> Bestrust 서버에서 특정 시간 플레이를 달성하면 <color=#7dda58>대기열 우선권</color>을 얻을 수 있습니다.\n\n당신의 플레이 시간을 확인하고 더 많은 정보를 보려면 <color=#ff5c45>/playtime</color> 명령어를 사용하세요.",
    "RustMagic": "<color=#838383>[</color><color=#f7432a>BestRust Servers</color><color=#838383>]</color> <color=#f5e942>3개의 무료 고가치 Rust 스킨</color>을 여기에 BESTRUST 코드를 사용하여 받으세요: https://splits.gg/r/BESTRUST",
    "Store": "<color=#838383>[</color><color=#f7432a>BestRust Servers</color><color=#838383>]</color> <color=#f5e942>VIP - 대기열 우선권을 단 1€에</color> 구매할 수 있습니다. 우리의 상점을 확인해보세요! 웹 페이지 보기를 클릭하여 상점에 방문하세요.<color=#ff5c45>https://store.bestrustservers.com/</color>",
    "Staff": "<color=#838383>[</color><color=#f7432a>BestRust Servers</color><color=#838383>]</color> <color=#f5e942>무료 VIP, 현금 또는 스킨</color>을 받고 싶으신가요?\n우리는 새로운 직원들을 찾고 있습니다. <color=#7dda58>모더레이터</color>, <color=#da5a5a>관리자</color>, <color=#cc6ce7>커뮤니티 매니저</color>, 또는 <color=#d49a17>콘텐츠 크리에이터</color>로 지원할 수 있습니다.\n\n관심이 있으시면, 디스코드의 #open-applications 채널을 방문하세요: <color=#ff5c45>discord.gg/bestrustservers</color>",
    "RustMagic2": "<color=#838383>[</color><color=#f7432a>BestRust Servers</color><color=#838383>]</color> <color=#f5e942>3개의 무료 고가치 Rust 스킨</color>을 여기에 BESTRUST 코드를 사용하여 받으세요: https://splits.gg/r/BESTRUST",
    "Store2": "<color=#838383>[</color><color=#f7432a>BestRust Servers</color><color=#838383>]</color> <color=#f5e942>VIP - 대기열 우선권을 단 1€에</color> 구매할 수 있습니다. 우리의 상점을 확인해보세요! 웹 페이지 보기를 클릭하여 상점에 방문하세요.<color=#ff5c45>https://store.bestrustservers.com/</color>",
    "Discord": "<color=#838383>[</color><color=#f7432a>BestRust Servers</color><color=#838383>]</color> 도움이 필요하거나 플레이어를 신고하고 싶으시면, 우리 디스코드에서 티켓을 생성하세요. 항상 도와드릴 준비가 되어 있습니다! <color=#ff5c45>discord.gg/bestrustservers</color>"
}