{
    "Store": "<color=#838383>[</color><color=#f7432a>BestRust Servers</color><color=#838383>]</color> 저희 상점은 아주 사용하기 쉽습니다. <color=#f5e942>VIP 등급과 키트</color>를 <color=#f5e942>1€부터</color> 구입할 수 있으며, 즉시 받을 수 있습니다. \n모든 결제 방식으로 결제가 가능하며, <color=#f5e942>Rust 스킨</color>과 <color=#f5e942>크립토</color>도 사용 가능합니다. <color=#f7432a>/kit</color>을 사용하여 키트를 확인해보세요.\n\nVIP 혜택에는 <color=#ff7763>키트</color>, <color=#ff7763>대기열 스킵</color>, <color=#ff7763>스킨박스</color>, <color=#ff7763>더 많은 체력, 물, 음식으로 스폰</color> 및 <color=#ff7763>많은 것들</color>이 포함되어 있으니 꼭 상점을 확인해보세요!\n\n서버를 지원해주시는 모든 분들께 감사드립니다.\n\n<color=#ff5c45>https://store.bestrustservers.com/</color>",
    "Splits": "<color=#838383>[</color><color=#f7432a>BestRust Servers</color><color=#838383>]</color> Get <color=#f5e942>Multiple Very OP kit rewards</color> for depositing on splits.gg with the <color=#f5e942>BESTRUST code</color>. </color>Check <color=#ff5c45>/kit</color> for the rewards and make sure you use the <color=#f5e942>BESTRUST code</color> when you deposit on splits.gg",
    "PlaytimeRewards": "<color=#838383>[</color><color=#f7432a>BestRust Servers</color><color=#838383>]</color> BestRust 서버에서 일정 시간 플레이를 하여 <color=#7dda58>무료 키트</color>와 <color=#e1c05f>보상</color>을 얻으세요.\n\n당신의 플레이타임을 확인하고 자세한 정보를 알아보려면 <color=#ff5c45>/playtime</color> 명령어를 사용하세요.",
    "Store2": "<color=#838383>[</color><color=#f7432a>BestRust Servers</color><color=#838383>]</color> 저희 상점은 아주 사용하기 쉬우며, <color=#f5e942>VIP 등급과 키트</color>를 <color=#f5e942>1€부터</color> 구매할 수 있고, 즉시 받을 수 있습니다. \n모든 결제 방식이 가능하며, <color=#f5e942>Rust 스킨</color>과 <color=#f5e942>크립토</color>도 가능합니다. <color=#f7432a>/kit</color>을 사용하여 키트를 확인해보세요.\n\nVIP 혜택에는 <color=#ff7763>키트</color>, <color=#ff7763>대기열 스킵</color>, <color=#ff7763>스킨박스</color>, <color=#ff7763>더 많은 체력, 물, 음식으로 스폰</color> 및 <color=#ff7763>많은 것들</color>이 있으니 꼭 상점을 확인하세요!\n\n서버를 지원해주시는 모든 분들께 감사드립니다.\n\n<color=#ff5c45>https://store.bestrustservers.com/</color>",
    "Splits2": "<color=#838383>[</color><color=#f7432a>BestRust Servers</color><color=#838383>]</color> Get <color=#f5e942>3 free high value rust skins and a free kit</color> by using the <color=#f5e942>BESTRUST code</color>on splits.gg",
    "Staff": "<color=#838383>[</color><color=#f7432a>BestRust Servers</color><color=#838383>]</color> <color=#f5e942>무료 VIP, 실제 돈, 스킨</color>을 얻고 싶으신가요?\n저희는 새로운 직원들을 찾고 있습니다. <color=#7dda58>모더레이터</color>, <color=#da5a5a>관리자</color>, <color=#cc6ce7>커뮤니티 매니저</color> 또는 <color=#d49a17>콘텐츠 제작자</color>에 지원하실 수 있습니다.\n\n관심이 있으시면 저희 디스코드의 #open-applications 채널을 방문하세요: <color=#ff5c45>discord.gg/bestrustservers</color>",
    "Store3": "<color=#838383>[</color><color=#f7432a>BestRust Servers</color><color=#838383>]</color> 저희 상점은 아주 사용하기 쉽습니다. <color=#f5e942>VIP 등급과 키트</color>를 <color=#f5e942>1€부터</color> 구입할 수 있으며, 즉시 받을 수 있습니다. \n모든 결제 방식이 가능하며, <color=#f5e942>Rust 스킨</color>과 <color=#f5e942>크립토</color>도 사용 가능합니다. <color=#f7432a>/kit</color>을 사용하여 키트를 확인해보세요.\n\nVIP 혜택에는 <color=#ff7763>키트</color>, <color=#ff7763>대기열 스킵</color>, <color=#ff7763>스킨박스</color>, <color=#ff7763>더 많은 체력, 물, 음식으로 스폰</color> 및 <color=#ff7763>많은 것들</color>이 포함되어 있으니 꼭 상점을 확인해보세요!\n\n서버를 지원해주시는 모든 분들께 감사드립니다.\n\n<color=#ff5c45>https://store.bestrustservers.com/</color>",
    "Splits3": "<color=#838383>[</color><color=#f7432a>BestRust Servers</color><color=#838383>]</color> Get <color=#f5e942>Multiple Very OP kit rewards</color> for depositing on splits.gg with the <color=#f5e942>BESTRUST code</color>. </color>Check <color=#ff5c45>/kit</color> for the rewards and make sure you use the <color=#f5e942>BESTRUST code</color> when you deposit on splits.gg",
    "Discord": "<color=#838383>[</color><color=#f7432a>BestRust Servers</color><color=#838383>]</color> 도움이 필요하거나 플레이어를 신고하고 싶으시면, 저희 디스코드에서 티켓을 생성하세요. 언제나 기쁜 마음으로 도와드리겠습니다! <color=#ff5c45>discord.gg/bestrustservers</color>"
}
