{
  "No Permission": "이 명령을 사용할 권한이 없습니다.",
  "No Reason": "알 수 없는 이유",
  "Muted": "{player}가 음소거되었습니다: {reason}.",
  "Muted Time": "{player}가 {time} 동안 음소거되었습니다: {reason}.",
  "Unmuted": "{player}의 음소거가 {initiator}에 의해 해제되었습니다.",
  "Not Muted": "{player}는 현재 음소거되지 않았습니다.",
  "Mute Expired": "{player}의 음소거가 해제되었습니다.",
  "Invalid Time Format": "잘못된 시간 형식입니다. 예: 1d2h3m4s = 1일, 2시간, 3분, 4초",
  "Nobody Muted": "현재 음소거된 플레이어가 없습니다.",
  "Invalid Syntax Mute": "/mute <player|steamid> \"[reason]\" [time: 1d1h1m1s]",
  "Invalid Syntax Unmute": "/unmute <player|steamid>",
  "Player Name Not Found": "'{name}'라는 이름의 플레이어를 찾을 수 없습니다.",
  "Player ID Not Found": "'{id}'라는 ID의 플레이어를 찾을 수 없습니다.",
  "Multiple Players Found": "여러 플레이어가 일치합니다: \n{matches}",
  "Time Muted Player Joined": "{player}가 일시적으로 음소거되었습니다. 남은 시간: {time}",
  "Time Muted Player Chat": "채팅할 수 없습니다. 일시적으로 음소거되었습니다. 남은 시간: {time}",
  "Muted Player Joined": "{player}가 영구적으로 음소거되었습니다.",
  "Muted Player Chat": "채팅할 수 없습니다. 영구적으로 음소거되었습니다.",
  "Global Mute Enabled": "전체 음소거가 활성화되었습니다. 전체 음소거 중에는 아무도 채팅할 수 없습니다.",
  "Global Mute Disabled": "전체 음소거가 비활성화되었습니다. 이제 모두 채팅할 수 있습니다.",
  "Global Mute Active": "전체 음소거가 활성화되어 있어 채팅할 수 없습니다."
}