{
  "Prefix": "<color=#D85540>[청사진 공유]</color> ",
  "ArgumentsError": "명령어 사용이 잘못되었습니다. <color=#ffff00>/bs help</color>를 시도해 보세요.",
  "Help": "<color=#D85540>청사진 공유 명령어:</color>\n<color=#D85540>/bs toggle</color> - 자동 청사진 공유 전환\n<color=#D85540>/bs share <player></color> - 배운 청사진을 플레이어와 공유\n<color=#D85540>/bs show <team|clan|friend> [name]</color> - 당신과 공유된 청사진 보기\n<color=#D85540>/bs help</color> - 도움말 메뉴 보기",
  "ToggleOn": "청사진 공유가 <color=#00ff00>활성화</color>되었습니다.",
  "ToggleOff": "청사진 공유가 <color=#ff0000>비활성화</color>되었습니다.",
  "NoPermission": "이 명령어를 사용할 권한이 없습니다.",
  "CannotShare": "이 플레이어와 청사진을 공유할 수 없습니다. 같은 팀, 클랜, 또는 친구 목록에 있어야 합니다.",
  "NoTarget": "공유할 플레이어를 지정해야 합니다.",
  "TargetEqualsPlayer": "자신과 청사진을 공유할 수 없습니다.",
  "PlayerNotFound": "플레이어를 찾을 수 없습니다.",
  "PlayerSharedBlueprints": "<color=#ffff00>{1}</color>와(과) <color=#ffff00>{0}</color>개의 청사진을 공유했습니다.",
  "TargetLearntBlueprints": "<color=#ffff00>{0}</color>님이 당신과 <color=#ffff00>{1}</color>개의 청사진을 공유했습니다.",
  "NoBlueprintsToShare": "<color=#ffff00>{0}</color>와(과) 공유할 새로운 청사진이 없습니다.",
  "PlayerSharedBlueprint": "<color=#ffff00>{0}</color> 청사진을 배우고 <color=#ffff00>{1}</color>명의 플레이어와 공유했습니다.",
  "TargetLearntBlueprint": "<color=#ffff00>{0}</color>님이 당신과 <color=#ffff00>{1}</color> 청사진을 공유했습니다.",
  "BlueprintBlocked": "<color=#ffff00>{0}</color> 청사진은 공유가 차단되었지만 여전히 배웠습니다.",
  "TargetSharingDisabled": "<color=#ffff00>{0}</color>와(과) 청사진을 공유할 수 없습니다. 해당 플레이어가 공유를 비활성화했습니다.",
  "BlueprintsRemoved": "<color=#ffff00>{0}</color>개의 청사진 접근 권한을 잃었습니다.",
  "ShowMissingArgument": "어떤 공유된 청사진을 볼지 지정해야 합니다. 옵션: <color=#ffff00>team</color>, <color=#ffff00>clan</color>, 또는 <color=#ffff00>friend</color>.",
  "ShowFriendArgumentMissing": "친구의 이름을 지정해야 합니다.",
  "NotFriends": "이 플레이어와 친구가 아닙니다.",
  "NoSharedBlueprints": "공유된 청사진이 없습니다.",
  "SharedBlueprintsTitle": "당신과 공유된 청사진:",
  "ShowSharedBlueprints": "<color=#ffff00>{0} 등급:</color> {1}",
  "LoseBlueprintsDisabled": "이 기능은 서버 관리자가 비활성화했습니다."
}