{
  "Notification.ClanInfo.Title": "<size=18><color=#ffa500>클랜</color></size><size=14><color=#ce422b> 리본</color></size>",
  "Notification.ClanInfo.Tag": "\n클랜태그: <color=#b2eece>{0}</color>",
  "Notification.ClanInfo.Description": "\n설명: <color=#b2eece>{0}</color>",
  "Notification.ClanInfo.Online": "\n온라인 멤버: {0}",
  "Notification.ClanInfo.Offline": "\n오프라인 멤버: {0}",
  "Notification.ClanInfo.Members": "\n멤버 수: {0}",
  "Notification.ClanInfo.Established": "\n설립일: <color=#b2eece>{0}</color>",
  "Notification.ClanInfo.LastOnline": "\n마지막 온라인: <color=#b2eece>{0}</color>",
  "Notification.ClanInfo.Alliances": "\n동맹: <color=#b2eece>{0}</color>",
  "Notification.ClanInfo.Alliances.None": "없음",
  "Notification.ClanInfo.TotalMembers": "\n멤버 수: <color=#b2eece>{0}</color>",
  "Notification.ClanInfo.TotalAlliances": "\n동맹: <color=#b2eece>{0}</color>",
  "Notification.Create.InExistingClan": "이미 클랜의 일원입니다",
  "Notification.Create.NoPermission": "클랜을 만들 권한이 없습니다",
  "Notification.Create.TagReserved1": "태그 {0}는 다른 플레이어에게 예약되어 있습니다",
  "Notification.Create.InvalidTagLength": "선택한 태그가 유효하지 않습니다. {0}에서 {1}자 사이여야 합니다",
  "Notification.Create.InvalidCharacters": "선택한 태그에 사용할 수 없는 단어나 문자가 포함되어 있습니다",
  "Notification.Create.ClanExists": "해당 태그의 클랜이 이미 존재합니다",
  "Notification.Create.NoNativeCreate": "/clan create <tag> <description> 명령어로 클랜을 만들어야 합니다",
  "Notification.Create.Success": "클랜 <color=#aaff55>[{0}]</color>를 결성했습니다",
  "Notification.Kick.IsOwner": "클랜 소유자를 추방할 수 없습니다",
  "Notification.Kick.NoPermissions": "클랜 멤버를 추방할 충분한 권한이 없습니다",
  "Notification.Kick.NotClanmember": "대상은 귀하의 클랜 멤버가 아닙니다",
  "Notification.Kick.Self": "자신을 추방할 수 없습니다",
  "Notification.Kick.NotEnoughRank": "다른 순위의 멤버를 추방할 수 있는 권한은 클랜 소유자만 있습니다",
  "Notification.Kick.NoPlayerFound": "지정된 이름 또는 ID의 플레이어를 찾을 수 없습니다",
  "Notification.Kick.Message": "{0}님이 {1}님을 클랜에서 추방했습니다!",
  "Notification.Kick.PlayerMessage": "{0}님이 당신을 클랜에서 추방했습니다!",
  "Notification.Kick.NoPermission": "클랜 멤버를 추방할 권한이 없습니다",
  "Notification.Leave.Message": "{0}님이 클랜을 떠났습니다!",
  "Notification.Leave.PlayerMessage": "클랜 <color=#aaff55>[{0}]</color>를 떠났습니다!",
  "Notification.Leave.NewOwner": "{0}님이 이제 클랜 리더입니다!",
  "Notification.Leave.NoPermission": "이 클랜을 떠날 권한이 없습니다",
  "Notification.Join.NoPermission": "클랜에 가입할 권한이 없습니다",
  "Notification.Join.ExpiredInvite": "{0}로부터 받은 초대가 만료되었습니다!",
  "Notification.Join.InExistingClan": "이미 다른 클랜의 일원입니다",
  "Notification.Join.Message": "{0}님이 클랜에 가입했습니다!",
  "Notification.Invite.NoPermissions": "다른 플레이어를 초대할 충분한 권한이 없습니다",
  "Notification.Invite.InviteLimit": "이미 허용된 최대 초대 건수를 초과했습니다",
  "Notification.Invite.InviteCooldown": "새로운 멤버를 초대하려면 {0}를 더 기다려야 합니다",
  "Notification.Invite.HasPending": "{0}님에게는 이미 대기 중인 클랜 초대장이 있습니다",
  "Notification.Invite.IsMember": "{0}님은 이미 클랜 멤버입니다",
  "Notification.Invite.InClan": "{0}님은 이미 다른 클랜의 일원입니다",
  "Notification.Invite.NoPermission": "{0}님은 클랜에 가입할 권한이 없습니다",
  "Notification.Invite.SuccesTarget": "클랜: <color=#aaff55>[{0}]</color> '{1}'에 초대되었습니다\n가입하려면 다음을 입력하세요: <color=#ffd479>/{2} accept {0}</color>",
  "Notification.Invite.SuccessClan": "{0}님이 {1}님을 클랜에 초대했습니다",
  "Notification.PendingInvites": "대기 중인 클랜 초대: {0}\n클랜에 가입하려면 다음을 입력하세요: <color=#ffd479>/{1} accept <tag></color>",
  "Notification.WithdrawInvite.NoPermissions": "멤버 초대를 철회할 충분한 권한이 없습니다",
  "Notification.WithdrawInvite.UnableToFind": "{0}님에 대한 초대를 찾을 수 없습니다",
  "Notification.WithdrawInvite.Success": "{0}님이 {1}님에 대한 초대를 철회했습니다",
  "Notification.RejectInvite.InvalidInvite": "<color=#aaff55>[{0}]</color>에 가입할 초대장이 없습니다",
  "Notification.RejectInvite.Message": "{0}님이 클랜 초대를 거부했습니다",
  "Notification.RejectInvite.PlayerMessage": "<color=#aaff55>[{0}]</color> 초대를 거부했습니다",
  "Notification.Promotion.NoPermissions": "다른 플레이어를 승진시킬 충분한 권한이 없습니다",
  "Notification.Promotion.TargetNoClan": "{0}님은 클랜 멤버가 아닙니다",
  "Notification.Promotion.IsOwner": "클랜 리더를 승진시킬 수 없습니다",
  "Notification.Promotion.IsCouncil": "최고 순위의 순회의원을 승진시킬 수 없습니다",
  "Notification.Promotion.CouncilTaken": "순회의원 순위는 이미 부여되었습니다",
  "Notification.Promotion.ModeratorLimit": "이미 최대 수의 총괄자리를 보유하고 있습니다",
  "Notification.Promotion.IsModerator": "총괄자 이상의 순위로 승진시킬 수 없습니다",
  "Notification.Promotion.Message": "{0}님이 {1}님을 {2} 순위로 승진시켰습니다",
  "Notification.Demotion.NoPermissions": "다른 플레이어를 강등시킬 충분한 권한이 없습니다",
  "Notification.Demotion.IsOwner": "클랜 리더를 강등시킬 수 없습니다",
  "Notification.Demotion.IsMember": "{0}님은 이미 최하위 순위에 있습니다",
  "Notification.Demotion.Message": "{0}님이 {1}님을 {2} 순위로 강등시켰습니다",
  "Notification.Alliance.NoPermissions": "동맹을 관리할 충분한 권한이 없습니다",
  "Notification.Alliance.PendingInvite": "<color=#aaff55>[{0}]</color> 님에게 대기 중인 동맹 초대장이 이미 있습니다",
  "Notification.Alliance.MaximumInvites": "이미 허용된 최대 동맹 초대 건수에 도달했습니다",
  "Notification.Alliance.MaximumAlliances": "이미 최대 수의 동맹이 형성되었습니다",
  "Notification.Alliance.InviteSent": "<color=#aaff55>[{0}]</color> 님께 클랜 동맹 초대를 보냈습니다\n초대가 만료되는 시간: {1}",
  "Notification.Alliance.InviteReceived": "<color=#aaff55>[{0}]</color> 님에게 클랜 동맹 초대를 받았습니다\n수락하려면 다음을 입력하세요: <color=#ffd479>/{2} accept {0}</color>\n초대가 만료되는 시간: {1}",
  "Notification.Alliance.NoActiveInvite": "<color=#aaff55>[{0}]</color> 님에게 대기 중인 동맹 초대장이 없습니다",
  "Notification.Alliance.NoActiveInviteFrom": "<color=#aaff55>[{0}]</color> 님에게 받은 대기 중인 동맹 초대장이 없습니다",
  "Notification.Alliance.WithdrawnClan": "{0}님이 <color=#aaff55>[{1}]</color> 님께 보낸 동맹 초대를 철회했습니다",
  "Notification.Alliance.WithdrawnTarget": "<color=#aaff55>[{0}]</color> 님이 자신의 동맹 초대를 철회했습니다",
  "Notification.Alliance.AtLimitTarget": "<color=#aaff55>[{0}]</color> 님이 현재 허용된 최대 동맹 수에 도달했습니다",
  "Notification.Alliance.AtLimitSelf": "귀하의 클랜이 현재 허용된 최대 동맹 수에 도달했습니다",
  "Notification.Alliance.AtLimitAlliedMembersTarget": "<color=#aaff55>[{0}]</color> 클랜 멤버 수와 동맹 멤버 수, 귀하의 클랜 멤버 수의 합이 허용된 수를 초과합니다",
  "Notification.Alliance.AtLimitAlliedMembersSelf": "귀하의 클랜 멤버 수와 동맹 멤버 수, 이 클랜의 멤버 수의 합이 허용된 수를 초과합니다",
  "Notification.Alliance.Formed": "<color=#aaff55>[{0}]</color> 님이 <color=#aaff55>[{1}]</color> 님과 동맹을 맺었습니다",
  "Notification.Alliance.Rejected": "<color=#aaff55>[{0}]</color> 님이 <color=#aaff55>[{1}]</color> 님과의 동맹 제의를 거부했습니다",
  "Notification.Alliance.Revoked": "<color=#aaff55>[{0}]</color> 님이 <color=#aaff55>[{1}]</color> 님과의 동맹을 철회했습니다",
  "Notification.Alliance.NoActiveAlliance": "현재 <color=#aaff55>[{0}]</color> 님과의 동맹이 없습니다",
  "Notification.FF.MemberEnabled": "클랜 동료가 <color=#ffd479>친한 공격</color>에서 피해를 입습니다",
  "Notification.FF.MemberDisabled": "클랜 동료가 <color=#ffd479>친한 공격</color>에서 피해를 입지 않습니다",
  "Notification.FF.AllyEnabled": "동맹이 <color=#ffd479>친한 공격</color>에서 피해를 입습니다",
  "Notification.FF.AllyDisabled": "동맹이 <color=#ffd479>친한 공격</color>에서 피해를 입지 않습니다",
  "Notification.FF.IsEnabled": "<color=#aaff55>활성화됨</color>",
  "Notification.FF.IsDisabled": "<color=#ce422b>비활성화됨</color>",
  "Notification.FF.OnHitClanMember": "{0}님은 클랜 멤버이며 피해를 입지 않습니다.\n클랜 친한 공격을 토글하려면: <color=#ffd479>/{1}</color>",
  "Notification.FF.OnHitAllyMember": "{0}님은 동맹 클랜 멤버이며 피해를 입지 않습니다.\n동맹 친한 공격을 토글하려면: <color=#ffd479>/{1}</color>",
  "Notification.FF.ToggleNotOwner": "클랜 소유자나 순회의원만 친한 공격을 토글할 수 있습니다",
  "Notification.FF.OwnerToggle": "{0}님이 친한 공격을 토글했습니다.\n{1}",
  "Notification.FF.OwnerAllyToggle": "{0}님이 동맹 친한 공격을 토글했습니다.\n{1}",
  "Notification.ClanHelp.NoClan": "\n사용 가능한 명령어:\n<color=#ffd479>/{0} create <tag> \"description\"</color> - 새 클랜 만들기\n<color=#ffd479>/{0} accept <tag></color> - 초대를 통해 클랜에 가입하기\n<color=#ffd479>/{0} reject <tag></color> - 클랜 초대 거부하기",
  "Notification.ClanHelp.Basic2": "\n사용 가능한 명령어:\n<color=#ffd479>/{0}</color> - 클랜 정보 표시하기\n<color=#ffd479>/{1} <message></color> - 클랜 채팅으로 메시지 보내기\n<color=#ffd479>/{0} leave</color> - 현재 클랜 떠나기",
  "Notification.ClanHelp.MFF": "\n<color=#ffd479>/{0}</color> - 다른 클랜 동료에 대한 친한 공격 토글",
  "Notification.ClanHelp.AFF": "\n<color=#ffd479>/{0}</color> - 동맹 클랜 멤버에 대한 친한 공격 토글",
  "Notification.ClanHelp.Alliance": "\n\n<color=#45b6fe><size=14>동맹 명령어:</size></color>\n<color=#ffd479>/{0} invite <tag></color> - 클랜을 동맹으로 초대하기\n<color=#ffd479>/{0} withdraw <tag></color> - 동맹 초대 철회하기\n<color=#ffd479>/{0} accept <tag></color> - 동맹 초대 수락하기\n<color=#ffd479>/{0} reject <tag></color> - 동맹 초대 거부하기\n<color=#ffd479>/{0} revoke <tag></color> - 동맹 철회하기",
  "Notification.ClanHelp.Moderator": "\n\n<color=#b573ff><size=14>총괄 명령어:</size></color>\n<color=#ffd479>/{0} invite <name or ID></color> - 플레이어를 클랜으로 초대하기\n<color=#ffd479>/{0} withdraw <name or ID></color> - 초대 철회하기\n<color=#ffd479>/{0} kick <name or ID></color> - 클랜에서 멤버 추방하기",
  "Notification.ClanHelp.Owner": "\n\n<color=#a1ff46><size=14>소유자 명령어:</size></color>\n<color=#ffd479>/{0} promote <name or ID></color> - 클랜 멤버 승진시키기\n<color=#ffd479>/{0} demote <name or ID></color> - 클랜 멤버 강등시키기\n<color=#ffd479>/{0} disband forever</color> - 클랜 해산하기",
  "Notification.ClanHelp.TagColor": "\n<color=#ffd479>/{0} tagcolor <hex></color> - 사용자 지정 클랜 태그 색상 설정하기\n<color=#ffd479>/{0} tagcolor reset</color> - 기본 클랜 태그 색상으로 복원하기",
  "Notification.Clan.NotInAClan": "\n현재 클랜의 멤버가 아닙니다",
  "Notification.Clan.Help": "\n사용 가능한 명령어를 보려면: <color=#ffd479>/{0}</color>",
  "Notification.Clan.OwnerOf": "\n당신은 다음 클랜의 소유자입니다: <color=#aaff55>{0}</color> ({1}/{2})",
  "Notification.Clan.CouncilOf": "\n당신은 다음 클랜의 순회의원입니다: <color=#aaff55>{0}</color> ({1}/{2})",
  "Notification.Clan.ModeratorOf": "\n당신은 다음 클랜의 총괄입니다: <color=#aaff55>{0}</color> ({1}/{2})",
  "Notification.Clan.MemberOf": "\n당신은 다음 클랜의 멤버입니다: <color=#aaff55>{0}</color> ({1}/{2})",
  "Notification.Clan.MembersOnline": "\n온라인 멤버: {0}",
  "Notification.Clan.MFF": "\n클랜 FF 상태: {0} (<color=#ffd479>/{1}</color>)",
  "Notification.Clan.AFF": "\n동맹 FF 상태: {0} (<color=#ffd479>/{1}</color>)",
  "Notification.Clan.CreateSyntax": "<color=#ffd479>/{0} create <tag> \"description\"</color> - 새 클랜 만들기",
  "Notification.Clan.InviteSyntax": "<color=#ffd479>/{0} invite <partialNameOrID></color> - 플레이어를 클랜으로 초대하기",
  "Notification.Clan.WithdrawSyntax": "<color=#ffd479>/{0} withdraw <partialNameOrID></color> - 멤버 초대 철회하기",
  "Notification.Clan.AcceptSyntax": "<color=#ffd479>/{0} accept <tag></color> - 초대를 통해 클랜에 가입하기",
  "Notification.Clan.RejectSyntax": "<color=#ffd479>/{0} reject <tag></color> - 클랜 초대 거부하기",
  "Notification.Clan.PromoteSyntax": "<color=#ffd479>/{0} promote <partialNameOrID></color> - 클랜 멤버를 다음 순위로 승진시키기",
  "Notification.Clan.DemoteSyntax": "<color=#ffd479>/{0} demote <partialNameOrID></color> - 클랜 멤버를 다음 순위로 강등시키기",
  "Notification.Clan.DisbandSyntax": "<color=#ffd479>/{0} disband forever</color> - 클랜 해산하기 (취소할 수 없음)",
  "Notification.Clan.KickSyntax": "<color=#ffd479>/{0} kick <partialNameOrID></color> - 클랜에서 멤버 추방하기",
  "Notification.Clan.TagColorSyntax": "<color=#ffd479>/{0} tagcolor <hex (XXXXXX)></color> - 사용자 지정 클랜 태그 색상 설정하기",
  "Notification.Clan.TagColorFormat": "<color=#ffd479>헥스 문자열은 6자 길이여야 하고 올바른 헥스 색상이어야 합니다</color>",
  "Notification.Clan.TagColorReset": "<color=#ffd479>클랜의 태그 색상을 기본값으로 재설정했습니다</color>",
  "Notification.Clan.TagColorSet": "<color=#ffd479>클랜의 태그 색상을 다음으로 설정했습니다:</color> <color=#{0}>{0}</color>",
  "Notification.Clan.TagColorDisabled": "<color=#ffd479>사용자 지정 태그 색상은 이 서버에서 비활성화되어 있습니다</color>",
  "Notification.Clan.TagColorBlocked": "<color=#ffd479>클랜에서 사용할 수 없도록 블랙리스트 처리된 색상 <color=#{0}>{0}</color>.</color>",
  "Notification.Clan.TagColorOutOfRange": "<color=#ffd479>색상 <color=#{0}>{0}</color>이 허용된 범위를 벗어났습니다. <color=#{1}>{1}</color>와 <color=#{2}>{2}</color> 사이의 색상을 선택해야 합니다</color>",
  "Notification.Disband.NotOwner": "이 명령어를 사용하려면 클랜 소유자여야 합니다",
  "Notification.Disband.Success": "클랜 <color=#aaff55>[{0}]</color>를 해산했습니다",
  "Notification.Disband.Message": "클랜이 해산되었습니다",
  "Notification.Disband.NoPermission": "이 클랜을 해산할 권한이 없습니다",
  "Notification.Generic.ClanFull": "클랜이 이미 최대 수용 인원에 도달했습니다",
  "Notification.Generic.NoClan": "클랜 멤버가 아닙니다",
  "Notification.Generic.InvalidClan": "클랜 <color=#aaff55>[{0}]</color>이 존재하지 않습니다!",
  "Notification.Generic.NoPermissions": "이 명령어를 사용할 충분한 권한이 없습니다",
  "Notification.Generic.SpecifyClanTag": "클랜 태그를 지정해 주세요",
  "Notification.Generic.UnableToFindPlayer": "{0} 님의 이름이나 ID를 가진 플레이어를 찾을 수 없습니다",
  "Notification.Generic.CommandSelf": "자신에게 이 명령어를 사용할 수 없습니다",
  "Chat.IsMuted": "현재 음소거 상태입니다",
  "Chat.Alliance.Prefix": "<color=#a1ff46>[동맹 채팅]</color>: {0}",
  "Chat.Clan.Prefix": "<color=#a1ff46>[클랜 채팅]</color>: {0}",
  "Chat.Alliance.Format": "[{0}] <color={1}>{2}</color>: {3}",
  "Admin.BroadcastToClan": "<color=#ff3333>[관리자]</color>: {0}",
  "Admin.Rename": "관리자가 클랜 태그를 <color=#aaff55>[{0}]</color>로 변경했습니다",
  "Admin.Disband": "관리자가 귀하의 클랜을 해산했습니다",
  "Admin.Invite": "관리자가 {0}님을 클랜에 초대했습니다",
  "Admin.Join": "관리자가 강제로 <color=#aaff55>[{0}]</color>에 가입시켰습니다",
  "Admin.Kick": "관리자가 <color=#aaff55>[{0}]</color>로부터 당신을 추방했습니다",
  "Admin.SetOwner": "관리자가 {0}님을 클랜 리더로 설정했습니다",
  "Admin.Promote": "관리자가 {0}님을 {1} 순위로 승진시켰습니다",
  "Admin.Demote": "관리자가 {0}님을 {1} 순위로 강등시켰습니다"
}