{
  "PMTo": "[#00FFFF]{0}님에게 귓속말[/#]: {1}",
  "PMFrom": "[#00FFFF]{0}님으로부터 귓속말[/#]: {1}",
  "PlayerNotOnline": "{0}님은 온라인이 아닙니다.",
  "NotOnlineAnymore": "마지막으로 대화한 사람이 더 이상 온라인이 아닙니다.",
  "NotMessaged": "메시지를 주고받은 사람이 없습니다.",
  "IgnoreYou": "[#FF0000]{0}님이 당신을 차단하여 귓속말을 받을 수 없습니다[/#]",
  "SelfPM": "스스로에게 메시지를 보낼 수 없습니다.",
  "SyntaxR": "잘못된 명령어 사용법: /r <메시지>",
  "HistorySyntax": "잘못된 명령어 사용법: /pmhistory <이름>",
  "SyntaxPM": "잘못된 명령어 사용법: /{0} <이름> <메시지>",
  "NotAllowedToChat": "여기서 채팅할 수 없습니다",
  "History": "당신의 기록:\n{0}",
  "CooldownMessage": "{0}초 후에 개인 메시지를 보낼 수 있습니다.",
  "NoHistory": "이 플레이어와 저장된 귓속말 기록이 없습니다.",
  "CannotFindUser": "해당 사용자를 찾을 수 없습니다.",
  "CommandDisabled": "이 명령어는 비활성화되어 있습니다.",
  "IsMuted": "현재 음소거 상태이며 개인 메시지를 보낼 수 없습니다.",
  "TargetMuted": "이 사람은 음소거 상태여서 당신의 개인 메시지를 받을 수 없습니다.",
  "NoPermission": "이 명령어를 실행할 권한이 없습니다.",
  "HistoryPM": "[#00FFFF]{0}[/#]: {1}",
  "Logging": "[PM]{0}->{1}:{2}"
}