{
  "CommandUsageExtLoad": "사용법: oxide.ext.load <extname>+",
  "CommandUsageExtUnload": "사용법: oxide.ext.unload <extname>+",
  "CommandUsageExtReload": "사용법: oxide.ext.reload <extname>+",
  "CommandUsageGrant": "사용법: oxide.grant <group|user> <name|id> <permission>",
  "CommandUsageGroup": "사용법: oxide.group <add|set> <name> [title] [rank]",
  "CommandUsageGroupParent": "사용법: oxide.group <parent> <name> <parentName>",
  "CommandUsageGroupRemove": "사용법: oxide.group <remove> <name>",
  "CommandUsageLang": "사용법: oxide.lang <two-letter language code>",
  "CommandUsageLoad": "사용법: oxide.load *|<pluginname>+",
  "CommandUsageReload": "사용법: oxide.reload *|<pluginname>+",
  "CommandUsageRevoke": "사용법: oxide.revoke <group|user> <name|id> <permission>",
  "CommandUsageShow": "사용법: oxide.show <groups|perms>",
  "CommandUsageShowName": "사용법: oxide.show <group|user> <name>",
  "CommandUsageUnload": "사용법: oxide.unload *|<pluginname>+",
  "CommandUsageUserGroup": "사용법: oxide.usergroup <add|remove> <username> <groupname>",
  "ConnectionRejected": "연결이 거부되었습니다",
  "DataSaved": "Oxide 데이터를 저장 중...",
  "GroupAlreadyExists": "그룹 '{0}'가 이미 존재합니다",
  "GroupAlreadyHasPermission": "그룹 '{0}'에 이미 권한 '{1}'가 있습니다",
  "GroupDoesNotHavePermission": "그룹 '{0}'에 권한 '{1}'이 없습니다",
  "GroupChanged": "그룹 '{0}' 변경됨",
  "GroupCreated": "그룹 '{0}' 생성됨",
  "GroupDeleted": "그룹 '{0}' 삭제됨",
  "GroupNotFound": "그룹 '{0}'가 존재하지 않습니다",
  "GroupParentChanged": "그룹 '{0}'의 부모가 '{1}'로 변경되었습니다",
  "GroupParentNotChanged": "그룹 '{0}'의 부모가 변경되지 않았습니다",
  "GroupParentNotFound": "부모 그룹 '{0}'가 존재하지 않습니다",
  "GroupPermissionGranted": "그룹 '{0}'에 권한 '{1}'가 부여되었습니다",
  "GroupPermissionRevoked": "그룹 '{0}'의 권한 '{1}'가 취소되었습니다",
  "GroupPermissions": "그룹 '{0}'의 권한",
  "GroupPlayers": "그룹 '{0}'의 플레이어",
  "Groups": "그룹들",
  "InvalidLanguageName": "잘못된 언어 이름: '{0}'",
  "NoGroupPermissions": "현재 부여된 권한이 없습니다",
  "NoPermissionGroups": "이 권한을 가진 그룹이 없습니다",
  "NoPermissionPlayers": "이 권한을 가진 플레이어가 없습니다",
  "NoPluginsFound": "현재 사용 가능한 플러그인이 없습니다",
  "NoPlayerGroups": "플레이어가 할당된 그룹이 없습니다",
  "NoPlayerPermissions": "현재 부여된 권한이 없습니다",
  "NoPlayersInGroup": "현재 그룹에 플레이어가 없습니다",
  "NotAllowed": "'{0}' 명령어를 사용할 수 없습니다",
  "ParentGroupPermissions": "부모 그룹 '{0}'의 권한",
  "PermissionGroups": "권한 '{0}' 그룹",
  "PermissionPlayers": "권한 '{0}' 플레이어",
  "PermissionNotFound": "권한 '{0}'가 존재하지 않습니다",
  "Permissions": "권한",
  "PermissionsNotLoaded": "권한 파일을 로드할 수 없습니다! 해결될 때까지 권한이 작동하지 않습니다.\n => {0}",
  "PlayerLanguage": "플레이어 언어가 {0}(으)로 설정되었습니다",
  "PluginNotLoaded": "플러그인 '{0}'가 로드되지 않았습니다.",
  "PluginReloaded": "플러그인 {0} v{1}이(가) {2}에 의해 다시 로드되었습니다",
  "PluginUnloaded": "플러그인 {0} v{1}이(가) {2}에 의해 언로드되었습니다",
  "ServerLanguage": "서버 언어가 {0}(으)로 설정되었습니다",
  "Unknown": "알 수 없음",
  "UnknownCommand": "알 수 없는 명령어: {0}",
  "PlayerAddedToGroup": "플레이어 '{0}'가 그룹 '{1}'에 추가되었습니다",
  "PlayerAlreadyHasPermission": "플레이어 '{0}'에게 이미 권한 '{1}'가 있습니다",
  "PlayerDoesNotHavePermission": "플레이어 '{0}'에게 권한 '{1}'이 없습니다",
  "PlayerNotFound": "플레이어 '{0}'를 찾을 수 없습니다",
  "PlayerGroups": "플레이어 '{0}'의 그룹",
  "PlayerPermissions": "플레이어 '{0}'의 권한",
  "PlayerPermissionGranted": "플레이어 '{0}'에게 권한 '{1}'가 부여되었습니다",
  "PlayerPermissionRevoked": "플레이어 '{0}'의 권한 '{1}'가 취소되었습니다",
  "PlayerRemovedFromGroup": "플레이어 '{0}'가 그룹 '{1}'에서 제거되었습니다",
  "PlayersFound": "여러 플레이어가 발견되었습니다, 구체적으로 지정하십시오: {0}",
  "Version": "서버가 [#ffb658]Oxide {0}[/#] 및 [#ee715c]{1} {2} ({3})[/#]를 실행 중입니다",
  "YouAreNotAdmin": "당신은 관리자가 아닙니다"
}