{
  "WebErrorOccurred": "이미지 다운로드 실패! 오류 {0}.",
  "FileTooLarge": "파일이 최대 크기인 {0}Mb를 초과했습니다.",
  "ErrorOccurred": "알 수 없는 오류가 발생했습니다. 오류가 계속되면 서버 관리자에게 알려주세요.",
  "RestoreErrorOccurred": "텍스처가 지정되지 않아 간판을 복원할 수 없습니다.",
  "DownloadQueued": "이미지가 다운로드 대기열에 추가되었습니다!",
  "RestoreQueued": "간판이 복원 대기열에 추가되었습니다!",
  "RestoreBatchQueued": "총 {0}개의 간판을 복원 대기열에 추가했습니다!",
  "ImageLoaded": "이미지가 간판에 성공적으로 로드되었습니다!",
  "ImageRestored": "이미지가 간판에 성공적으로 복원되었습니다!",
  "LogEntry": "플레이어 `{0}` (SteamId: {1})이(가) {3}에 {2}를 {4}로부터 로드했습니다",
  "NoSignFound": "간판을 찾을 수 없습니다! 너무 멀리 떨어져 있지 않은지 확인하세요.",
  "Cooldown": "아직 명령어를 사용할 수 없습니다! 남은 대기 시간: {0}.",
  "SignNotOwned": "이 간판은 도구 캐비닛으로 보호되어 수정할 수 없습니다.",
  "NoItemHeld": "아이템을 들고 있지 않습니다.",
  "ActionQueuedAlready": "이 간판에 대한 작업이 이미 대기 중입니다. 완료될 때까지 기다려주세요.",
  "SyntaxSilCommand": "문법 오류!\n문법: /sil <url> [raw]",
  "SyntaxSilCommandMulti": "문법 오류!\n문법: /sil <1-{0}> <url> [raw]",
  "SyntaxSiltCommand": "문법 오류!\n문법: /silt <message> [<fontsize:number>] [<color:hex value>] [<bgcolor:hex value>] [raw]",
  "SyntaxSiltCommandMulti": "문법 오류!\n문법: /silt <1-{0}> <message> [<fontsize:number>] [<color:hex value>] [<bgcolor:hex value>] [raw]",
  "SyntaxSiliCommandMulti": "문법 오류!\n문법: /sili <1-{0}>",
  "NoPermission": "이 명령어를 사용할 권한이 없습니다.",
  "NoPermissionFile": "서버 파일 시스템에서 이미지를 사용할 권한이 없습니다.",
  "NoPermissionRaw": "raw 이미지를 사용할 권한이 없습니다. 정상적으로 로드합니다.",
  "NoPermissionRestoreAll": "모든 간판을 한꺼번에 복원할 권한이 없습니다.",
  "day": "일",
  "days": "일",
  "hour": "시간",
  "hours": "시간",
  "minute": "분",
  "minutes": "분",
  "second": "초",
  "seconds": "초",
  "and": "및"
}