{
    "NoPermToUse": "이 작업을 수행할 권한이 없습니다",
    "NoILError": "플러그인이 제대로 작동하지 않습니다. 관리자에게 문의하세요!",
    "UI.Plugin.Title": "랭킹",
    "UI.Leaderboard.Awards.Title": "최고 보상",
    "UI.Leaderboard.Awards.Place": "{0}위",
    "UI.Search.Players.Title": "플레이어 검색 (이름 또는 SteamID)",
    "UI.Search.Input.Placeholder": "이름 또는 SteamID 입력",
    "UI.Players.List.Title": "서버에 있는 플레이어 목록",
    "UI.Players.NoPlayers": "이용 가능한 플레이어가 없습니다 :(",
    "UI.HitRate.Title": "타격률",
    "UI.HitRate.Description": "여기에서 신체 부위에 대한 타격 횟수를 볼 수 있습니다",
    "UI.Building.Title": "건축 통계",
    "UI.Building.Description": "여기에서 건축 통계를 볼 수 있습니다",
    "UI.Stat.Value.Total": "총: {0}",
    "UI.Stat.Value.Today": "오늘: {0}",
    "UI.Stat.Value.KD": "킬: {0} / 데스: {1}",
    "UI.Stat.Value.None": "없음",
    "UI.Stat.Value.Unknown": "알 수 없음",
    "UI.Time.Years": "{0}y",
    "UI.Time.Months": "{0}m",
    "UI.Time.Days": "{0}d",
    "UI.Time.Hours": "{0}h",
    "UI.Time.Minutes": "{0}m",
    "UI.Time.Seconds": "{0}s",
    "MSG.Profile.Already.Loading": "이 프로필은 이미 로드 중입니다. 잠시 기다려 주세요.",
    "MSG.Profile.Wait.Before.Another": "새 프로필을 열기 전에 잠시 기다려 주세요.",
    "UI.Leaderboard.Loading": "로딩 중...",
    "Msg.Player.NotFound": "플레이어 통계를 찾을 수 없습니다",
    "Msg.Invalid.SteamID": "잘못된 Steam ID 형식",
    "Msg.Hide.Self.Hidden": "이제 랭킹에서 숨겨집니다",
    "Msg.Hide.Self.Visible": "이제 랭킹에서 보입니다",
    "UI.Category.MY STATISTICS": "내 통계",
    "UI.Category.TOP 10 PLAYERS": "Top 10 플레이어",
    "UI.Category.SEARCH": "검색",
    "UI.Awards.TOP scorers": "최고 득점자",
    "UI.Awards.Place.Frontiersman Pack": "프론티어맨 패키지",
    "UI.Awards.Place.Lumberjack Pack": "나무꾼 패키지",
    "UI.Awards.Place.Artic Pack": "극지 패키지",
    "UI.Awards.Place.Abyss Pack": "심연 패키지",
    "UI.Awards.Place.Retro Tool Cupboard": "레트로 도구 찬장",
    "UI.Awards.TOP killers": "최고 킬러",
    "UI.Awards.TOP time played": "최고 플레이 시간",
    "UI.Tabs.GENERAL": "일반",
    "UI.Field.Profile": "프로필",
    "UI.Field.name": "이름",
    "UI.Field.K/D": "킬/데스",
    "UI.Field.kd": "kd",
    "UI.Field.Time": "시간",
    "UI.Field.current_playtime": "현재 플레이 시간",
    "UI.Field.Longest Kill Distance": "최장 킬 거리",
    "UI.Field.longest_kill_distance": "longest_kill_distance",
    "UI.Field.Total Resources Gathered": "총 채집 자원",
    "UI.Field.total_resources": "total_resources",
    "UI.Field.Favorite Resource": "가장 선호하는 자원",
    "UI.Field.favorite_resource": "favorite_resource",
    "UI.Field.Total Items Crafted": "총 제작 아이템",
    "UI.Field.total_items_crafted": "total_items_crafted",
    "UI.Field.Structures Built": "건축물",
    "UI.Field.structures_built": "structures_built",
    "UI.Field.Upgrades Performed": "업그레이드 수행",
    "UI.Field.upgrades_performed": "upgrades_performed",
    "UI.Field.Favorite Building Material": "가장 선호하는 건축 자재",
    "UI.Field.favorite_building_material": "favorite_building_material",
    "UI.Field.Events Won": "승리한 이벤트",
    "UI.Field.events_won": "events_won",
    "UI.Field.Favorite Event": "가장 좋아하는 이벤트",
    "UI.Field.favorite_event": "favorite_event",
    "UI.Column.EVENTS": "이벤트",
    "UI.Field.Convoy": "호송대",
    "UI.Field.Sputnik": "스푸트니크",
    "UI.Field.Caravan": "대상단",
    "UI.Field.GasStation": "주유소",
    "UI.Field.GasStationEvent": "주유소 이벤트",
    "UI.Field.Air": "항공",
    "UI.Field.AirEvent": "항공 이벤트",
    "UI.Field.SatDish": "위성 접시",
    "UI.Field.SatDishEvent": "위성 접시 이벤트",
    "UI.Field.Triangulation": "삼각측량",
    "UI.Field.Water": "물",
    "UI.Field.WaterEvent": "물 이벤트",
    "UI.Field.Harbor": "항구",
    "UI.Field.HarborEvent": "항구 이벤트",
    "UI.Field.ArcticBase": "북극 기지",
    "UI.Field.ArcticBaseEvent": "북극 기지 이벤트",
    "UI.Field.Junkyard": "고철장",
    "UI.Field.JunkyardEvent": "고철장 이벤트",
    "UI.Field.Supermarket": "슈퍼마켓",
    "UI.Field.SupermarketEvent": "슈퍼마켓 이벤트",
    "UI.Field.PowerPlant": "발전소",
    "UI.Field.PowerPlantEvent": "발전소 이벤트",
    "UI.Field.Paintball Team": "페인트볼 팀",
    "UI.Field.PaintballTeam": "PaintballTeam",
    "UI.Field.Paintball FFA": "페인트볼 개인전",
    "UI.Field.PaintballFFA": "PaintballFFA",
    "UI.Field.Survival Arena": "생존 아레나",
    "UI.Field.SurvivalArena": "SurvivalArena",
    "UI.Field.Gun Game": "총 게임",
    "UI.Field.GunGame": "GunGame",
    "UI.Field.Zombie Infection": "좀비 감염",
    "UI.Field.ZombieInfection": "ZombieInfection",
    "UI.Field.Tugboat Pirates": "예인선 해적",
    "UI.Field.TugboatPirates": "TugboatPirates",
    "UI.Tabs.RESOURCES": "자원",
    "UI.Column.RESOURCES": "자원",
    "UI.Field.Stone": "돌",
    "UI.Field.stones": "stones",
    "UI.Field.Wood": "나무",
    "UI.Field.wood": "wood",
    "UI.Field.Sulfur Ore": "황철광",
    "UI.Field.sulfur.ore": "sulfur.ore",
    "UI.Field.Metal Ore": "금속 광석",
    "UI.Field.metal.ore": "metal.ore",
    "UI.Field.High Quality Metal Ore": "고품질 금속 광석",
    "UI.Field.hq.metal.ore": "hq.metal.ore",
    "UI.Field.Leather": "가죽",
    "UI.Field.leather": "leather",
    "UI.Field.Bone Fragments": "뼈 조각",
    "UI.Field.bone.fragments": "bone.fragments",
    "UI.Field.Animal Fat": "동물 지방",
    "UI.Field.fat.animal": "fat.animal",
    "UI.Field.Scrap": "고철",
    "UI.Field.scrap": "scrap",
    "UI.Column.FARMING": "농업",
    "UI.Field.Hemp": "삼",
    "UI.Field.hemp-collectable": "hemp-collectable",
    "UI.Field.Blue Berry": "블루 베리",
    "UI.Field.blue.berry": "blue.berry",
    "UI.Field.Red Berry": "레드 베리",
    "UI.Field.red.berry": "red.berry",
    "UI.Field.Yellow Berry": "옐로 베리",
    "UI.Field.yellow.berry": "yellow.berry",
    "UI.Field.Black Berry": "블랙 베리",
    "UI.Field.black.berry": "black.berry",
    "UI.Field.Green Berry": "그린 베리",
    "UI.Field.green.berry": "green.berry",
    "UI.Field.White Berry": "화이트 베리",
    "UI.Field.white.berry": "white.berry",
    "UI.Field.Potato": "감자",
    "UI.Field.potato": "potato",
    "UI.Field.Cloth": "천",
    "UI.Field.cloth": "cloth",
    "UI.Field.Mushroom": "버섯",
    "UI.Field.mushroom": "mushroom",
    "UI.Field.Corn": "옥수수",
    "UI.Field.corn": "corn",
    "UI.Field.Pumpkin": "호박",
    "UI.Field.pumpkin": "pumpkin",
    "UI.Field.Orchid": "난초",
    "UI.Field.orchid": "orchid",
    "UI.Field.Rose": "장미",
    "UI.Field.rose": "rose",
    "UI.Field.Sunflower": "해바라기",
    "UI.Field.sunflower": "sunflower",
    "UI.Field.Wheat": "밀",
    "UI.Field.wheat": "wheat",
    "UI.Column.MISC": "기타",
    "UI.Field.Bears": "곰",
    "UI.Field.bear": "bear",
    "UI.Field.Polar Bears": "북극곰",
    "UI.Field.polarbear": "polarbear",
    "UI.Field.Boars": "멧돼지",
    "UI.Field.boar": "boar",
    "UI.Field.Chicken": "닭",
    "UI.Field.chicken": "chicken",
    "UI.Field.Stag": "수사슴",
    "UI.Field.stag": "stag",
    "UI.Field.Wolf": "늑대",
    "UI.Field.wolf2": "wolf2",
    "UI.Field.Panther": "표범",
    "UI.Field.panther": "panther",
    "UI.Field.Crocodile": "악어",
    "UI.Field.crocodile": "crocodile",
    "UI.Field.Snake": "뱀",
    "UI.Field.snake.entity": "snake.entity",
    "UI.Field.Tiger": "호랑이",
    "UI.Field.tiger": "tiger",
    "UI.Field.Shark": "상어",
    "UI.Field.simpleshark": "simpleshark",
    "UI.Field.Bradley": "브래들리",
    "UI.Field.bradleyapc": "bradleyapc",
    "UI.Field.Helicopter": "헬리콥터",
    "UI.Field.helicopter": "helicopter",
    "UI.Field.Scientist": "과학자",
    "UI.Field.npc_underwaterdweller|scientistnpc_arena|scientistnpc_bradley|scientistnpc_bradley_heavy|scientistnpc_cargo|scientistnpc_cargo_turret_any|scientistnpc_cargo_turret_lr300|scientistnpc_ch47_gunner|scientistnpc_excavator|scientistnpc_full_any|scientistnpc_full_lr300|scientistnpc_full_mp5|scientistnpc_full_pistol|scientistnpc_full_shotgun|scientistnpc_junkpile_pistol|scientistnpc_oilrig|scientistnpc_patrol|scientistnpc_patrol_arctic|scientistnpc_peacekeeper|scientistnpc_roam|scientistnpc_roam_nvg_variant|scientistnpc_roamtethered": "npc_underwaterdweller|scientistnpc_arena|scientistnpc_bradley|scientistnpc_bradley_heavy|scientistnpc_cargo|scientistnpc_cargo_turret_any|scientistnpc_cargo_turret_lr300|scientistnpc_ch47_gunner|scientistnpc_excavator|scientistnpc_full_any|scientistnpc_full_lr300|scientistnpc_full_mp5|scientistnpc_full_pistol|scientistnpc_full_shotgun|scientistnpc_junkpile_pistol|scientistnpc_oilrig|scientistnpc_patrol|scientistnpc_patrol_arctic|scientistnpc_peacekeeper|scientistnpc_roam|scientistnpc_roam_nvg_variant|scientistnpc_roamtethered",
    "UI.Field.Heavy Scientist": "중무장 과학자",
    "UI.Field.scientistnpc_heavy": "scientistnpc_heavy",
    "UI.Field.Tunnel Dweller": "터널 거주자",
    "UI.Field.npc_tunneldweller|npc_tunneldwellerspawned": "npc_tunneldweller|npc_tunneldwellerspawned",
    "UI.Field.Underwater Lab Dweller": "수중 실험실 거주자",
    "UI.Field.npc_underwaterdweller": "npc_underwaterdweller",
    "UI.Column.RAID": "공습",
    "UI.Field.Satchel": "주머니 (폭발물)",
    "UI.Field.explosive.satchel": "explosive.satchel",
    "UI.Field.Molotov": "몰로토프",
    "UI.Field.grenade.molotov": "grenade.molotov",
    "UI.Field.Flashbang": "섬광탄",
    "UI.Field.grenade.flashbang": "grenade.flashbang",
    "UI.Field.Survey Charge": "조사 폭발물",
    "UI.Field.surveycharge": "surveycharge",
    "UI.Field.Grenade": "수류탄",
    "UI.Field.grenade.f1": "grenade.f1",
    "UI.Field.Beancan": "콩깡통 폭탄",
    "UI.Field.grenade.beancan": "grenade.beancan",
    "UI.Field.Rocket": "로켓",
    "UI.Field.ammo.rocket.basic": "ammo.rocket.basic",
    "UI.Field.Incendiary Rocket": "소이탄 로켓",
    "UI.Field.ammo.rocket.fire": "ammo.rocket.fire",
    "UI.Field.Rocket HV": "고속 로켓",
    "UI.Field.ammo.rocket.hv": "ammo.rocket.hv",
    "UI.Field.Explosive 5.56 Rifle Ammo": "폭발성 5.56 소총 탄약",
    "UI.Field.ammo.rifle.explosive": "ammo.rifle.explosive",
    "UI.Field.GL HE": "GL HE",
    "UI.Field.ammo.grenadelauncher.he": "ammo.grenadelauncher.he",
    "UI.Field.C4": "C4",
    "UI.Field.explosive.timed": "explosive.timed",
    "UI.Field.MLRS Rocket": "다련장 로켓",
    "UI.Field.ammo.rocket.mlrs": "ammo.rocket.mlrs",
    "UI.Column.RECYCLED": "재활용",
    "UI.Field.Propane Tanks": "프로판 탱크",
    "UI.Field.propanetank": "propanetank",
    "UI.Field.Gears": "기어",
    "UI.Field.gears": "gears",
    "UI.Field.Metal Pipe": "금속 파이프",
    "UI.Field.metalpipe": "metalpipe",
    "UI.Field.Rifle Body": "소총 본체",
    "UI.Field.riflebody": "riflebody",
    "UI.Field.Semi Body": "반자동 본체",
    "UI.Field.semibody": "semibody",
    "UI.Field.Metal Springs": "금속 스프링",
    "UI.Field.metalspring": "metalspring",
    "UI.Field.Road Signs": "도로 표지판",
    "UI.Field.roadsigns": "roadsigns",
    "UI.Field.Sewing Kits": "재봉 세트",
    "UI.Field.sewingkit": "sewingkit",
    "UI.Field.Tarp": "타폴린",
    "UI.Field.tarp": "tarp",
    "UI.Field.Rope": "밧줄",
    "UI.Field.rope": "rope",
    "UI.Field.Sheet Metal": "금속판",
    "UI.Field.sheetmetal": "sheetmetal",
    "UI.Field.Fuse": "퓨즈",
    "UI.Field.fuse": "fuse",
    "UI.Field.Metal Blade": "금속날",
    "UI.Field.metalblade": "metalblade",
    "UI.Field.SMG Body": "기관단총 본체",
    "UI.Field.smgbody": "smgbody",
    "UI.Field.Tech Parts": "기술 부품",
    "UI.Field.techparts": "techparts",
    "UI.Field.Targeting Computer": "타겟팅 컴퓨터",
    "UI.Field.targeting.computer": "targeting.computer",
    "UI.Field.CCTV Camera": "CCTV 카메라",
    "UI.Field.cctv.camera": "cctv.camera",
    "UI.Column.FIRED": "발사된",
    "UI.Field.Pistol": "권총",
    "UI.Field.ammo.pistol": "ammo.pistol",
    "UI.Field.Pistol Incendiary": "권총 (소이탄)",
    "UI.Field.ammo.pistol.fire": "ammo.pistol.fire",
    "UI.Field.Pistol HV": "권총 (고속탄)",
    "UI.Field.ammo.pistol.hv": "ammo.pistol.hv",
    "UI.Field.Nailguns": "네일건",
    "UI.Field.ammo.nailgun.nails": "ammo.nailgun.nails",
    "UI.Field.Rifle": "소총",
    "UI.Field.ammo.rifle": "ammo.rifle",
    "UI.Field.Rifle HV": "소총 (고속탄)",
    "UI.Field.ammo.rifle.hv": "ammo.rifle.hv",
    "UI.Field.Rifle Incendiary": "소총 (소이탄)",
    "UI.Field.ammo.rifle.incendiary": "ammo.rifle.incendiary",
    "UI.Field.HandMades": "수제품",
    "UI.Field.ammo.handmade.shell": "ammo.handmade.shell",
    "UI.Field.GL Buckshot": "GL 산탄",
    "UI.Field.ammo.grenadelauncher.buckshot": "ammo.grenadelauncher.buckshot",
    "UI.Field.Shotgun Slug": "산탄총 탄",
    "UI.Field.ammo.shotgun.slug": "ammo.shotgun.slug",
    "UI.Field.Shotgun Fire": "산탄총 (소이탄)",
    "UI.Field.ammo.shotgun.fire": "ammo.shotgun.fire",
    "UI.Field.Shotgun": "산탄총",
    "UI.Field.ammo.shotgun": "ammo.shotgun",
    "UI.Field.SnowBall": "눈덩이",
    "UI.Field.snowball": "snowball",
    "UI.Field.Wooden Arrow": "나무 화살",
    "UI.Field.arrow.wooden": "arrow.wooden",
    "UI.Field.Fire Arrow": "불화살",
    "UI.Field.arrow.fire": "arrow.fire",
    "UI.Field.Bone Arrow": "뼈 화살",
    "UI.Field.arrow.bone": "arrow.bone",
    "UI.Field.High Velocity Arrow": "고속 화살",
    "UI.Field.arrow.hv": "arrow.hv",
    "UI.Column.FISHING": "낚시",
    "UI.Field.Anchovy": "멸치",
    "UI.Field.fish.anchovy": "fish.anchovy",
    "UI.Field.Catfish": "메기",
    "UI.Field.fish.catfish": "fish.catfish",
    "UI.Field.Herring": "청어",
    "UI.Field.fish.herring": "fish.herring",
    "UI.Field.Orange Roughy": "오렌지 러피",
    "UI.Field.fish.orangeroughy": "fish.orangeroughy",
    "UI.Field.Salmon": "연어",
    "UI.Field.fish.salmon": "fish.salmon",
    "UI.Field.Sardine": "정어리",
    "UI.Field.fish.sardine": "fish.sardine",
    "UI.Field.Small Shark": "작은 상어",
    "UI.Field.fish.smallshark": "fish.smallshark",
    "UI.Field.Small Trout": "작은 송어",
    "UI.Field.fish.troutsmall": "fish.troutsmall",
    "UI.Field.Yellow Perch": "노랑 퍼치",
    "UI.Field.fish.yellowperch": "fish.yellowperch",
    "UI.Field.Minnows": "미노우",
    "UI.Field.fish.minnows": "fish.minnows",
    "UI.Column.CRAFTED": "제작된",
    "UI.Field.Garage Door": "차고 문",
    "UI.Field.wall.frame.garagedoor": "wall.frame.garagedoor",
    "UI.Field.Sheet Metal Double Door": "이중 금속 문",
    "UI.Field.door.double.hinged.metal": "door.double.hinged.metal",
    "UI.Field.Armored Double Door": "이중 장갑문",
    "UI.Field.door.double.hinged.toptier": "door.double.hinged.toptier",
    "UI.Field.Wood Double Door": "이중 나무 문",
    "UI.Field.door.double.hinged.wood": "door.double.hinged.wood",
    "UI.Field.Sheet Metal Door": "금속 문",
    "UI.Field.door.hinged.metal": "door.hinged.metal",
    "UI.Field.Armored Door": "장갑문",
    "UI.Field.door.hinged.toptier": "door.hinged.toptier",
    "UI.Field.Wood Door": "나무 문",
    "UI.Field.door.hinged.wood": "door.hinged.wood",
    "UI.Field.Large Wood Box": "큰 나무 상자",
    "UI.Field.box.wooden.large": "box.wooden.large",
    "UI.Field.Wood Storage Box": "나무 보관함",
    "UI.Field.box.wooden": "box.wooden",
    "UI.Field.Flame Turret": "화염 포탑",
    "UI.Field.flameturret": "flameturret",
    "UI.Field.Shotgun Trap": "산탄총 덫",
    "UI.Field.guntrap": "guntrap",
    "UI.Field.Auto Turret": "자동 포탑",
    "UI.Field.autoturret": "autoturret",
    "UI.Field.Code Lock": "디지털 자물쇠",
    "UI.Field.lock.code": "lock.code",
    "UI.Field.Key Lock": "키 자물쇠",
    "UI.Field.lock.key": "lock.key",
    "UI.Field.Wooden Ladder": "나무 사다리",
    "UI.Field.ladder.wooden.wall": "ladder.wooden.wall",
    "UI.Field.Medical Syringe": "의료 주사기",
    "UI.Field.syringe.medical": "syringe.medical",
    "UI.Field.Bandage": "붕대",
    "UI.Field.bandage": "bandage",
    "UI.Field.Large Medkit": "대형 구급상자",
    "UI.Field.largemedkit": "largemedkit",
    "UI.Field.Rocket Launcher": "로켓 발사기",
    "UI.Field.rocket.launcher": "rocket.launcher",
    "UI.Field.HV Rocket": "고속 로켓",
    "UI.Field.Explosives": "폭발물",
    "UI.Field.explosives": "explosives",
    "UI.Field.Gun Powder": "화약",
    "UI.Field.gunpowder": "gunpowder",
    "UI.Field.Low Grade Fuel": "저품질 연료",
    "UI.Field.lowgradefuel": "lowgradefuel",
    "UI.Column.LOOTED": "약탈된",
    "UI.Field.Normal Crate": "일반 상자",
    "UI.Field.crate_normal_2": "crate_normal_2",
    "UI.Field.Basic Crate": "기본 상자",
    "UI.Field.crate_basic": "crate_basic",
    "UI.Field.Elite Crate": "엘리트 상자",
    "UI.Field.crate_elite": "crate_elite",
    "UI.Field.Military Crate": "군사 상자",
    "UI.Field.crate_normal": "crate_normal",
    "UI.Field.Tools Crate": "도구 상자",
    "UI.Field.crate_tools": "crate_tools",
    "UI.Field.Supply Drop": "보급품 투하",
    "UI.Field.supply_drop": "supply_drop",
    "UI.Field.Locked Crate": "잠긴 상자",
    "UI.Field.codelockedhackablecrate|codelockedhackablecrate_oilrig": "codelockedhackablecrate|codelockedhackablecrate_oilrig",
    "UI.Tabs.BUILDING": "건축",
    "UI.Tabs.HITRATE": "타격률",
    "UI.Field.Head kills": "헤드샷 킬",
    "UI.Field.HEAD": "머리",
    "UI.Leaderboard.Column.Nickname": "닉네임",
    "UI.Leaderboard.Column.Kills": "킬",
    "UI.Leaderboard.Column.Deaths": "데스",
    "UI.Leaderboard.Column.KDR": "킬/데스 비율",
    "UI.Leaderboard.Column.NPC Kills": "NPC 킬",
    "UI.Leaderboard.Column.Total online": "총 온라인",
    "UI.Leaderboard.Column.Scores": "점수",
    "UI.BodyParts.HEAD": "머리",
    "UI.BodyParts.ARM": "팔",
    "UI.BodyParts.CHEST": "가슴",
    "UI.BodyParts.HIP": "엉덩이",
    "UI.BodyParts.BODY": "몸",
    "UI.BodyParts.NECK": "목",
    "UI.Building.wall.frame_twigs": "벽.프레임- 가지",
    "UI.Grade.twigs": "가지",
    "UI.Building.wall.frame_wood": "벽.프레임- 나무",
    "UI.Grade.wood": "나무",
    "UI.Building.wall.frame_stone": "벽.프레임- 돌",
    "UI.Grade.stone": "돌",
    "UI.Building.wall.frame_metal": "벽.프레임- 금속",
    "UI.Grade.metal": "금속",
    "UI.Building.wall.frame_toptier": "벽.프레임- 최상급",
    "UI.Grade.toptier": "최상급",
    "UI.Building.wall.frame_count": "벽.프레임- 개수",
    "UI.Grade.count": "개수",
    "UI.Building.wall.frame_none": "벽.프레임- 없음",
    "UI.Grade.none": "없음",
    "UI.Building.block.stair.ushape_twigs": "블록.계단.U자형- 가지",
    "UI.Building.block.stair.ushape_wood": "블록.계단.U자형- 나무",
    "UI.Building.block.stair.ushape_stone": "블록.계단.U자형- 돌",
    "UI.Building.block.stair.ushape_metal": "블록.계단.U자형- 금속",
    "UI.Building.block.stair.ushape_toptier": "블록.계단.U자형- 최상급",
    "UI.Building.block.stair.ushape_count": "블록.계단.U자형- 개수",
    "UI.Building.block.stair.ushape_none": "블록.계단.U자형- 없음",
    "UI.Building.roof_twigs": "지붕- 가지",
    "UI.Building.roof_wood": "지붕- 나무",
    "UI.Building.roof_stone": "지붕- 돌",
    "UI.Building.roof_metal": "지붕- 금속",
    "UI.Building.roof_toptier": "지붕- 최상급",
    "UI.Building.roof_count": "지붕- 개수",
    "UI.Building.roof_none": "지붕- 없음",
    "UI.Building.wall.window_twigs": "벽.창문- 가지",
    "UI.Building.wall.window_wood": "벽.창문- 나무",
    "UI.Building.wall.window_stone": "벽.창문- 돌",
    "UI.Building.wall.window_metal": "벽.창문- 금속",
    "UI.Building.wall.window_toptier": "벽.창문- 최상급",
    "UI.Building.wall.window_count": "벽.창문- 개수",
    "UI.Building.wall.window_none": "벽.창문- 없음",
    "UI.Building.floor.triangle.frame_twigs": "바닥.삼각형.프레임- 가지",
    "UI.Building.floor.triangle.frame_wood": "바닥.삼각형.프레임- 나무",
    "UI.Building.floor.triangle.frame_stone": "바닥.삼각형.프레임- 돌",
    "UI.Building.floor.triangle.frame_metal": "바닥.삼각형.프레임- 금속",
    "UI.Building.floor.triangle.frame_toptier": "바닥.삼각형.프레임- 최상급",
    "UI.Building.floor.triangle.frame_count": "바닥.삼각형.프레임- 개수",
    "UI.Building.floor.triangle.frame_none": "바닥.삼각형.프레임- 없음",
    "UI.Building.wall.low_twigs": "벽.낮은- 가지",
    "UI.Building.wall.low_wood": "벽.낮은- 나무",
    "UI.Building.wall.low_stone": "벽.낮은- 돌",
    "UI.Building.wall.low_metal": "벽.낮은- 금속",
    "UI.Building.wall.low_toptier": "벽.낮은- 최상급",
    "UI.Building.wall.low_count": "벽.낮은- 개수",
    "UI.Building.wall.low_none": "벽.낮은- 없음",
    "UI.Building.wall.half_twigs": "벽.반- 가지",
    "UI.Building.wall.half_wood": "벽.반- 나무",
    "UI.Building.wall.half_stone": "벽.반- 돌",
    "UI.Building.wall.half_metal": "벽.반- 금속",
    "UI.Building.wall.half_toptier": "벽.반- 최상급",
    "UI.Building.wall.half_count": "벽.반- 개수",
    "UI.Building.wall.half_none": "벽.반- 없음",
    "UI.Building.roof.triangle_twigs": "지붕.삼각형- 가지",
    "UI.Building.roof.triangle_wood": "지붕.삼각형- 나무",
    "UI.Building.roof.triangle_stone": "지붕.삼각형- 돌",
    "UI.Building.roof.triangle_metal": "지붕.삼각형- 금속",
    "UI.Building.roof.triangle_toptier": "지붕.삼각형- 최상급",
    "UI.Building.roof.triangle_count": "지붕.삼각형- 개수",
    "UI.Building.roof.triangle_none": "지붕.삼각형- 없음",
    "UI.Building.foundation.steps_twigs": "기초.계단- 가지",
    "UI.Building.foundation.steps_wood": "기초.계단- 나무",
    "UI.Building.foundation.steps_stone": "기초.계단- 돌",
    "UI.Building.foundation.steps_metal": "기초.계단- 금속",
    "UI.Building.foundation.steps_toptier": "기초.계단- 최상급",
    "UI.Building.foundation.steps_count": "기초.계단- 개수",
    "UI.Building.foundation.steps_none": "기초.계단- 없음",
    "UI.Building.floor_twigs": "바닥- 가지",
    "UI.Building.floor_wood": "바닥- 나무",
    "UI.Building.floor_stone": "바닥- 돌",
    "UI.Building.floor_metal": "바닥- 금속",
    "UI.Building.floor_toptier": "바닥- 최상급",
    "UI.Building.floor_count": "바닥- 개수",
    "UI.Building.floor_none": "바닥- 없음",
    "UI.Building.ramp_twigs": "경사로- 가지",
    "UI.Building.ramp_wood": "경사로- 나무",
    "UI.Building.ramp_stone": "경사로- 돌",
    "UI.Building.ramp_metal": "경사로- 금속",
    "UI.Building.ramp_toptier": "경사로- 최상급",
    "UI.Building.ramp_count": "경사로- 개수",
    "UI.Building.ramp_none": "경사로- 없음",
    "UI.Building.wall_twigs": "벽- 가지",
    "UI.Building.wall_wood": "벽- 나무",
    "UI.Building.wall_stone": "벽- 돌",
    "UI.Building.wall_metal": "벽- 금속",
    "UI.Building.wall_toptier": "벽- 최상급",
    "UI.Building.wall_count": "벽- 개수",
    "UI.Building.wall_none": "벽- 없음",
    "UI.Building.wall.doorway_twigs": "벽.문- 가지",
    "UI.Building.wall.doorway_wood": "벽.문- 나무",
    "UI.Building.wall.doorway_stone": "벽.문- 돌",
    "UI.Building.wall.doorway_metal": "벽.문- 금속",
    "UI.Building.wall.doorway_toptier": "벽.문- 최상급",
    "UI.Building.wall.doorway_count": "벽.문- 개수",
    "UI.Building.wall.doorway_none": "벽.문- 없음",
    "UI.Building.block.stair.lshape_twigs": "블록.계단.L자형- 가지",
    "UI.Building.block.stair.lshape_wood": "블록.계단.L자형- 나무",
    "UI.Building.block.stair.lshape_stone": "블록.계단.L자형- 돌",
    "UI.Building.block.stair.lshape_metal": "블록.계단.L자형- 금속",
    "UI.Building.block.stair.lshape_toptier": "블록.계단.L자형- 최상급",
    "UI.Building.block.stair.lshape_count": "블록.계단.L자형- 개수",
    "UI.Building.block.stair.lshape_none": "블록.계단.L자형- 없음",
    "UI.Building.foundation.triangle_twigs": "기초.삼각형- 가지",
    "UI.Building.foundation.triangle_wood": "기초.삼각형- 나무",
    "UI.Building.foundation.triangle_stone": "기초.삼각형- 돌",
    "UI.Building.foundation.triangle_metal": "기초.삼각형- 금속",
    "UI.Building.foundation.triangle_toptier": "기초.삼각형- 최상급",
    "UI.Building.foundation.triangle_count": "기초.삼각형- 개수",
    "UI.Building.foundation.triangle_none": "기초.삼각형- 없음",
    "UI.Building.floor.triangle_twigs": "바닥.삼각형- 가지",
    "UI.Building.floor.triangle_wood": "바닥.삼각형- 나무",
    "UI.Building.floor.triangle_stone": "바닥.삼각형- 돌",
    "UI.Building.floor.triangle_metal": "바닥.삼각형- 금속",
    "UI.Building.floor.triangle_toptier": "바닥.삼각형- 최상급",
    "UI.Building.floor.triangle_count": "바닥.삼각형- 개수",
    "UI.Building.floor.triangle_none": "바닥.삼각형- 없음",
    "UI.Building.floor.frame_twigs": "바닥.프레임- 가지",
    "UI.Building.floor.frame_wood": "바닥.프레임- 나무",
    "UI.Building.floor.frame_stone": "바닥.프레임- 돌",
    "UI.Building.floor.frame_metal": "바닥.프레임- 금속",
    "UI.Building.floor.frame_toptier": "바닥.프레임- 최상급",
    "UI.Building.floor.frame_count": "바닥.프레임- 개수",
    "UI.Building.floor.frame_none": "바닥.프레임- 없음",
    "UI.Building.foundation_twigs": "기초- 가지",
    "UI.Building.foundation_wood": "기초- 나무",
    "UI.Building.foundation_stone": "기초- 돌",
    "UI.Building.foundation_metal": "기초- 금속",
    "UI.Building.foundation_toptier": "기초- 최상급",
    "UI.Building.foundation_count": "기초- 개수",
    "UI.Building.foundation_none": "기초- 없음",
    "UI.Building.block.stair.spiral_twigs": "블록.계단.나선형- 가지",
    "UI.Building.block.stair.spiral_wood": "블록.계단.나선형- 나무",
    "UI.Building.block.stair.spiral_stone": "블록.계단.나선형- 돌",
    "UI.Building.block.stair.spiral_metal": "블록.계단.나선형- 금속",
    "UI.Building.block.stair.spiral_toptier": "블록.계단.나선형- 최상급",
    "UI.Building.block.stair.spiral_count": "블록.계단.나선형- 개수",
    "UI.Building.block.stair.spiral_none": "블록.계단.나선형- 없음",
    "UI.Building.block.stair.spiral.triangle_twigs": "블록.계단.나선형.삼각형- 가지",
    "UI.Building.block.stair.spiral.triangle_wood": "블록.계단.나선형.삼각형- 나무",
    "UI.Building.block.stair.spiral.triangle_stone": "블록.계단.나선형.삼각형- 돌",
    "UI.Building.block.stair.spiral.triangle_metal": "블록.계단.나선형.삼각형- 금속",
    "UI.Building.block.stair.spiral.triangle_toptier": "블록.계단.나선형.삼각형- 최상급",
    "UI.Building.block.stair.spiral.triangle_count": "블록.계단.나선형.삼각형- 개수",
    "UI.Building.block.stair.spiral.triangle_none": "블록.계단.나선형.삼각형- 없음"
}
