{
  "ConnectionError": "연결 오류가 발생했습니다. 다시 시도하거나 문제가 지속되면 관리자에게 문의하세요.",
  "RemovedMsg": "계정을 연결 해제했기 때문에 인증된 그룹에서 제외되었습니다.\n연결 해제하지 않았다면 관리자에게 문의하세요.",
  "RemovedNitroMsg": "부스트가 제거되어 니트로 그룹에서 제외되었습니다.\n문제가 있으면 관리자에게 문의하세요.",
  "VerifyMsg": "안녕하세요, {0}에서 인증하여 멋진 보상을 받으세요.",
  "ThanksMsg": "성공적으로 계정이 인증되고 연결되었습니다. 감사합니다!",
  "SteamNotVerified": "Steam 그룹에 있지만 인증되지 않았습니다. 웹사이트에서 인증하세요.",
  "ThanksNitroMsg": "디스코드를 부스트해 주셔서 감사합니다!",
  "RemovedSteamMsg": "Steam 그룹에서 나가서 Steam 보상 그룹에서 제외되었습니다.",
  "ThanksSteamMsg": "Steam 그룹에 가입해주셔서 감사합니다!",
  "NotClient": "이 명령어는 클라이언트에서 실행해야 하며, 콘솔에서는 사용할 수 없습니다.",
  "OnCooldown": "현재 이 명령어를 사용하는 대기 시간 중입니다.",
  "NoUsers": "UniversalLink: 응답에 사용자가 포함되어 있지 않습니다."
}