{
    "Playtime": "<color=#838383>[</color><color=#f7432a>BestRust Servers</color><color=#838383>]</color> Puoi ottenere <color=#7dda58>salta la fila</color> raggiungendo un certo tempo di gioco sui server di Bestrust.\n\nPuoi controllare il tuo tempo giocato e leggere ulteriori info con il comando <color=#ff5c45>/playtime</color>.",
    "RustMagic": "<color=#838383>[</color><color=#f7432a>BestRust Servers</color><color=#838383>]</color> Ottieni <color=#f5e942>3 skin di alto valore per Rust gratuite</color> qui usando il <color=#f5e942>codice BESTRUST</color>: https://splits.gg/r/BESTRUST",
    "Store": "<color=#838383>[</color><color=#f7432a>BestRust Servers</color><color=#838383>]</color> Puoi acquistare <color=#f5e942>VIP - Salta la fila per solo 1€</color>, dai un'occhiata al nostro store! Clicca su visualizza pagina web per raggiungere il nostro store.<color=#ff5c45>https://store.bestrustservers.com/</color>",
    "Staff": "<color=#838383>[</color><color=#f7432a>BestRust Servers</color><color=#838383>]</color> Vuoi guadagnare <color=#f5e942>VIP gratuito, soldi veri o skin</color>?\nStiamo cercando nuovi membri dello staff. Puoi candidarti come <color=#7dda58>Moderatore</color>, <color=#da5a5a>Admin</color>, <color=#cc6ce7>Community Manager</color> o <color=#d49a17>Creatore di Contenuti</color>.\n\nSe sei interessato, visita il canale #open-applications sul nostro discord: <color=#ff5c45>discord.gg/bestrustservers</color>",
    "RustMagic2": "<color=#838383>[</color><color=#f7432a>BestRust Servers</color><color=#838383>]</color> Ottieni <color=#f5e942>3 skin di alto valore per Rust gratuite</color> qui usando il <color=#f5e942>codice BESTRUST</color>: https://splits.gg/r/BESTRUST",
    "Store2": "<color=#838383>[</color><color=#f7432a>BestRust Servers</color><color=#838383>]</color> Puoi acquistare <color=#f5e942>VIP - Salta la fila per solo 1€</color>, dai un'occhiata al nostro store! Clicca su visualizza pagina web per raggiungere il nostro store.<color=#ff5c45>https://store.bestrustservers.com/</color>",
    "Discord": "<color=#838383>[</color><color=#f7432a>BestRust Servers</color><color=#838383>]</color> Se hai bisogno di aiuto o vuoi segnalare un giocatore, per favore crea un ticket sul nostro discord. Siamo sempre felici di aiutarti! <color=#ff5c45>discord.gg/bestrustservers</color>"
}