{
    "Store": "<color=#838383>[</color><color=#f7432a>BestRust Servers</color><color=#838383>]</color> Il nostro negozio è facilissimo da usare, puoi acquistare <color=#f5e942>VIP Ranks e Kits</color> a partire da <color=#f5e942>solo 1€</color> e li riceverai immediatamente. \nPuoi pagare con <color=#ff7763>tutti i metodi di pagamento</color>, anche con <color=#f5e942>Rust skins</color> e <color=#f5e942>crypto</color>. Usa <color=#f7432a>/kit</color> e scopri i kit.\n\nI benefici VIP includono <color=#ff7763>Kits</color>, <color=#ff7763>Salta la coda</color>, <color=#ff7763>Skinbox</color>, <color=#ff7763>Apparire con più salute, acqua e cibo</color> e <color=#ff7763>molto altro</color>, quindi assicurati di visitare il nostro negozio!\n\nGrazie a tutti coloro che supportano i nostri server e ci aiutano a tenerli attivi!\n\n<color=#ff5c45>https://store.bestrustservers.com/</color>",
    "Splits": "<color=#838383>[</color><color=#f7432a>BestRust Servers</color><color=#838383>]</color> Get <color=#f5e942>Multiple Very OP kit rewards</color> for depositing on splits.gg with the <color=#f5e942>BESTRUST code</color>. </color>Check <color=#ff5c45>/kit</color> for the rewards and make sure you use the <color=#f5e942>BESTRUST code</color> when you deposit on splits.gg",
    "PlaytimeRewards": "<color=#838383>[</color><color=#f7432a>BestRust Servers</color><color=#838383>]</color> Puoi guadagnare <color=#7dda58>kit gratuiti</color> e <color=#e1c05f>ricompense</color> raggiungendo un certo tempo di gioco sui server Bestrust.\n\nPuoi controllare il tuo tempo di gioco e leggere ulteriori informazioni con il comando <color=#ff5c45>/playtime</color>.",
    "Store2": "<color=#838383>[</color><color=#f7432a>BestRust Servers</color><color=#838383>]</color> Il nostro negozio è facilissimo da usare, puoi acquistare <color=#f5e942>VIP Ranks e Kits</color> a partire da <color=#f5e942>solo 1€</color> e li riceverai immediatamente. \nPuoi pagare con <color=#ff7763>tutti i metodi di pagamento</color>, anche con <color=#f5e942>Rust skins</color> e <color=#f5e942>crypto</color>. Usa <color=#f7432a>/kit</color> e scopri i kit.\n\nI benefici VIP includono <color=#ff7763>Kits</color>, <color=#ff7763>Salta la coda</color>, <color=#ff7763>Skinbox</color>, <color=#ff7763>Apparire con più salute, acqua e cibo</color> e <color=#ff7763>molto altro</color>, quindi assicurati di visitare il nostro negozio!\n\nGrazie a tutti coloro che supportano i nostri server e ci aiutano a tenerli attivi!\n\n<color=#ff5c45>https://store.bestrustservers.com/</color>",
    "Splits2": "<color=#838383>[</color><color=#f7432a>BestRust Servers</color><color=#838383>]</color> Get <color=#f5e942>3 free high value rust skins and a free kit</color> by using the <color=#f5e942>BESTRUST code</color>on splits.gg",
    "Staff": "<color=#838383>[</color><color=#f7432a>BestRust Servers</color><color=#838383>]</color> Vuoi guadagnare <color=#f5e942>VIP gratuito, soldi veri o skins</color>?\nStiamo cercando nuovi membri dello staff. Puoi candidarti come <color=#7dda58>Moderatore</color>, <color=#da5a5a>Admin</color>, <color=#cc6ce7>Community Manager</color> o <color=#d49a17>Content Creator</color>.\n\nSe sei interessato, visita il canale #open-applications sul nostro discord: <color=#ff5c45>discord.gg/bestrustservers</color>",
    "Store3": "<color=#838383>[</color><color=#f7432a>BestRust Servers</color><color=#838383>]</color> Il nostro negozio è facilissimo da usare, puoi acquistare <color=#f5e942>VIP Ranks e Kits</color> a partire da <color=#f5e942>solo 1€</color> e li riceverai immediatamente. \nPuoi pagare con <color=#ff7763>tutti i metodi di pagamento</color>, anche con <color=#f5e942>Rust skins</color> e <color=#f5e942>crypto</color>. Usa <color=#f7432a>/kit</color> e scopri i kit.\n\nI benefici VIP includono <color=#ff7763>Kits</color>, <color=#ff7763>Salta la coda</color>, <color=#ff7763>Skinbox</color>, <color=#ff7763>Apparire con più salute, acqua e cibo</color> e <color=#ff7763>molto altro</color>, quindi assicurati di visitare il nostro negozio!\n\nGrazie a tutti coloro che supportano i nostri server e ci aiutano a tenerli attivi!\n\n<color=#ff5c45>https://store.bestrustservers.com/</color>",
    "Splits3": "<color=#838383>[</color><color=#f7432a>BestRust Servers</color><color=#838383>]</color> Get <color=#f5e942>Multiple Very OP kit rewards</color> for depositing on splits.gg with the <color=#f5e942>BESTRUST code</color>. </color>Check <color=#ff5c45>/kit</color> for the rewards and make sure you use the <color=#f5e942>BESTRUST code</color> when you deposit on splits.gg",
    "Discord": "<color=#838383>[</color><color=#f7432a>BestRust Servers</color><color=#838383>]</color> Se hai bisogno di aiuto o vuoi segnalare un giocatore, per favore crea un ticket sul nostro discord. Siamo sempre felici di aiutarti! <color=#ff5c45>discord.gg/bestrustservers</color>"
}
