{
  "Prefix": "<color=#D85540>[Condivisione Progetti]</color> ",
  "ArgumentsError": "Utilizzo del comando errato. Prova <color=#ffff00>/bs help</color>.",
  "Help": "<color=#D85540>Comandi Condivisione Progetti:</color>\n<color=#D85540>/bs toggle</color> - Attiva/disattiva condivisione automatica dei progetti\n<color=#D85540>/bs share <giocatore></color> - Condividi i tuoi progetti appresi con un giocatore\n<color=#D85540>/bs show <team|clan|friend> [nome]</color> - Visualizza i progetti condivisi con te\n<color=#D85540>/bs help</color> - Mostra questo menu di aiuto",
  "ToggleOn": "La condivisione dei progetti è ora <color=#00ff00>attivata</color>.",
  "ToggleOff": "La condivisione dei progetti è ora <color=#ff0000>disattivata</color>.",
  "NoPermission": "Non hai il permesso di usare questo comando.",
  "CannotShare": "Non puoi condividere progetti con questo giocatore, deve essere nel tuo team, clan o lista amici.",
  "NoTarget": "Devi specificare un giocatore con cui condividere.",
  "TargetEqualsPlayer": "Non puoi condividere progetti con te stesso.",
  "PlayerNotFound": "Giocatore non trovato.",
  "PlayerSharedBlueprints": "Hai condiviso <color=#ffff00>{0}</color> progetto/i con <color=#ffff00>{1}</color>.",
  "TargetLearntBlueprints": "<color=#ffff00>{0}</color> ha condiviso <color=#ffff00>{1}</color> progetto/i con te.",
  "NoBlueprintsToShare": "Non hai nuovi progetti da condividere con <color=#ffff00>{0}</color>.",
  "PlayerSharedBlueprint": "Hai appreso il progetto <color=#ffff00>{0}</color> e lo hai condiviso con <color=#ffff00>{1}</color> giocatore/i.",
  "TargetLearntBlueprint": "<color=#ffff00>{0}</color> ha condiviso il progetto <color=#ffff00>{1}</color> con te.",
  "BlueprintBlocked": "Il progetto <color=#ffff00>{0}</color> è bloccato dalla condivisione, ma lo hai comunque appreso.",
  "TargetSharingDisabled": "Non è possibile condividere progetti con <color=#ffff00>{0}</color> - hanno disattivato la condivisione.",
  "BlueprintsRemoved": "Hai perso l'accesso a <color=#ffff00>{0}</color> progetto/i.",
  "ShowMissingArgument": "Devi specificare quali progetti condivisi visualizzare. Opzioni: <color=#ffff00>team</color>, <color=#ffff00>clan</color> o <color=#ffff00>friend</color>.",
  "ShowFriendArgumentMissing": "Devi specificare il nome di un amico.",
  "NotFriends": "Non sei amico di questo giocatore.",
  "NoSharedBlueprints": "Non hai ricevuto progetti condivisi.",
  "SharedBlueprintsTitle": "Progetti Condivisi Con Te:",
  "ShowSharedBlueprints": "<color=#ffff00>Livello {0}:</color> {1}",
  "LoseBlueprintsDisabled": "Questa funzione è stata disattivata dall'amministratore del server."
}