{
  "Notification.ClanInfo.Title": "<size=18><color=#ffa500>Clan</color></size><size=14><color=#ce422b> RINATO</color></size>",
  "Notification.ClanInfo.Tag": "\nTag Clan: <color=#b2eece>{0}</color>",
  "Notification.ClanInfo.Description": "\nDescrizione: <color=#b2eece>{0}</color>",
  "Notification.ClanInfo.Online": "\nMembri Online: {0}",
  "Notification.ClanInfo.Offline": "\nMembri Offline: {0}",
  "Notification.ClanInfo.Members": "\nMembri: {0}",
  "Notification.ClanInfo.Established": "\nFondato: <color=#b2eece>{0}</color>",
  "Notification.ClanInfo.LastOnline": "\nUltimo Online: <color=#b2eece>{0}</color>",
  "Notification.ClanInfo.Alliances": "\nAlleanze: <color=#b2eece>{0}</color>",
  "Notification.ClanInfo.Alliances.None": "Nessuno",
  "Notification.ClanInfo.TotalMembers": "\nMembri: <color=#b2eece>{0}</color>",
  "Notification.ClanInfo.TotalAlliances": "\nAlleanze: <color=#b2eece>{0}</color>",
  "Notification.Create.InExistingClan": "Sei già membro di un clan",
  "Notification.Create.NoPermission": "Non hai il permesso per creare un clan",
  "Notification.Create.TagReserved1": "Il tag {0} è riservato per un altro giocatore",
  "Notification.Create.InvalidTagLength": "Il tag scelto non è valido. Deve contenere tra {0} e {1} caratteri",
  "Notification.Create.InvalidCharacters": "Il tag scelto contiene parole/caratteri non consentiti",
  "Notification.Create.ClanExists": "Esiste già un clan con quel tag",
  "Notification.Create.NoNativeCreate": "Devi creare un clan usando /clan create <tag> <descrizione>",
  "Notification.Create.Success": "Hai fondato il clan <color=#aaff55>[{0}]</color>",
  "Notification.Kick.IsOwner": "Non puoi espellere il proprietario del clan",
  "Notification.Kick.NoPermissions": "Non hai il permesso sufficiente per espellere membri del clan",
  "Notification.Kick.NotClanmember": "Il bersaglio non è un membro del tuo clan",
  "Notification.Kick.Self": "Non puoi espellere te stesso",
  "Notification.Kick.NotEnoughRank": "Solo il proprietario del clan può espellere un altro membro con rango",
  "Notification.Kick.NoPlayerFound": "Impossibile trovare un giocatore con il nome o l'ID specificato",
  "Notification.Kick.Message": "{0} ha espulso {1} dal clan!",
  "Notification.Kick.PlayerMessage": "{0} ti ha espulso dal clan!",
  "Notification.Kick.NoPermission": "Non hai il permesso per espellere membri del clan",
  "Notification.Leave.Message": "{0} ha lasciato il clan!",
  "Notification.Leave.PlayerMessage": "Hai lasciato il clan <color=#aaff55>[{0}]</color>!",
  "Notification.Leave.NewOwner": "{0} è ora il leader del clan!",
  "Notification.Leave.NoPermission": "Non hai il permesso per lasciare questo clan",
  "Notification.Join.NoPermission": "Non hai il permesso per unirti a un clan",
  "Notification.Join.ExpiredInvite": "Il tuo invito per {0} è scaduto!",
  "Notification.Join.InExistingClan": "Sei già membro di un altro clan",
  "Notification.Join.Message": "{0} si è unito al clan!",
  "Notification.Invite.NoPermissions": "Non hai il permesso sufficiente per invitare altri giocatori",
  "Notification.Invite.InviteLimit": "Hai già il numero massimo di inviti consentiti",
  "Notification.Invite.InviteCooldown": "Devi attendere altri {0} prima di poter invitare nuovi membri",
  "Notification.Invite.HasPending": "{0} ha già un invito in sospeso",
  "Notification.Invite.IsMember": "{0} è già membro del clan",
  "Notification.Invite.InClan": "{0} è già membro di un altro clan",
  "Notification.Invite.NoPermission": "{0} non ha il permesso necessario per unirsi a un clan",
  "Notification.Invite.SuccesTarget": "Sei stato invitato a unirti al clan: <color=#aaff55>[{0}]</color> '{1}'\nPer unirti, digita: <color=#ffd479>/{2} accept {0}</color>",
  "Notification.Invite.SuccessClan": "{0} ha invitato {1} a unirsi al clan",
  "Notification.PendingInvites": "Hai inviti in sospeso dai clan: {0}\nPer unirti, digita: <color=#ffd479>/{1} accept <tag></color>",
  "Notification.WithdrawInvite.NoPermissions": "Non hai il permesso sufficiente per ritirare gli inviti",
  "Notification.WithdrawInvite.UnableToFind": "Impossibile trovare un invito per il giocatore {0}",
  "Notification.WithdrawInvite.Success": "{0} ha revocato l'invito per {1}",
  "Notification.RejectInvite.InvalidInvite": "Non hai un invito a unirti a <color=#aaff55>[{0}]</color>",
  "Notification.RejectInvite.Message": "{0} ha rifiutato l'invito a unirsi al tuo clan",
  "Notification.RejectInvite.PlayerMessage": "Hai rifiutato l'invito a unirti a <color=#aaff55>[{0}]</color>",
  "Notification.Promotion.NoPermissions": "Non hai il permesso sufficiente per promuovere altri giocatori",
  "Notification.Promotion.TargetNoClan": "{0} non è un membro del tuo clan",
  "Notification.Promotion.IsOwner": "Non puoi promuovere il leader del clan",
  "Notification.Promotion.IsCouncil": "Non puoi promuovere oltre il grado di consiglio",
  "Notification.Promotion.CouncilTaken": "Il grado di consiglio è già stato assegnato",
  "Notification.Promotion.ModeratorLimit": "Hai già il numero massimo di moderatori",
  "Notification.Promotion.IsModerator": "Non puoi promuovere oltre il grado di moderatore",
  "Notification.Promotion.Message": "{0} è stato promosso al grado di {1} da {2}",
  "Notification.Demotion.NoPermissions": "Non hai il permesso sufficiente per retrocedere altri giocatori",
  "Notification.Demotion.IsOwner": "Non puoi retrocedere il leader del clan",
  "Notification.Demotion.IsMember": "{0} è già al grado più basso",
  "Notification.Demotion.Message": "{0} è stato retrocesso al grado di {1} da {2}",
  "Notification.Alliance.NoPermissions": "Non hai il permesso sufficiente per gestire le alleanze",
  "Notification.Alliance.PendingInvite": "<color=#aaff55>[{0}]</color> ha già un invito all'alleanza in sospeso",
  "Notification.Alliance.MaximumInvites": "Hai già il numero massimo di inviti all'alleanza consentiti",
  "Notification.Alliance.MaximumAlliances": "Hai già formato il numero massimo di alleanze",
  "Notification.Alliance.InviteSent": "Hai inviato un invito all'alleanza al clan <color=#aaff55>[{0}]</color>\nL'invito scadrà in: {1}",
  "Notification.Alliance.InviteReceived": "Hai ricevuto un invito all'alleanza dal clan <color=#aaff55>[{0}]</color>\nPer accettare, digita: <color=#ffd479>/{2} accept {0}</color>\nL'invito scadrà in: {1}",
  "Notification.Alliance.NoActiveInvite": "Non hai un invito all'alleanza attivo per <color=#aaff55>[{0}]</color>",
  "Notification.Alliance.NoActiveInviteFrom": "Non hai un invito all'alleanza attivo da <color=#aaff55>[{0}]</color>",
  "Notification.Alliance.WithdrawnClan": "{0} ha ritirato un invito all'alleanza a <color=#aaff55>[{1}]</color>",
  "Notification.Alliance.WithdrawnTarget": "<color=#aaff55>[{0}]</color> ha ritirato il suo invito all'alleanza",
  "Notification.Alliance.AtLimitTarget": "<color=#aaff55>[{0}]</color> ha attualmente il massimo delle alleanze consentite",
  "Notification.Alliance.AtLimitSelf": "Il tuo clan ha attualmente il massimo delle alleanze consentite",
  "Notification.Alliance.AtLimitAlliedMembersTarget": "<color=#aaff55>[{0}]</color> conta il numero di membri del clan più i membri dell'alleanza più i membri del tuo clan, maggiore del consentito",
  "Notification.Alliance.AtLimitAlliedMembersSelf": "Il numero di membri del tuo clan più i membri dell'alleanza più i membri di questo clan è maggiore del consentito",
  "Notification.Alliance.Formed": "<color=#aaff55>[{0}]</color> ha formato un'alleanza con <color=#aaff55>[{1}]</color>",
  "Notification.Alliance.Rejected": "<color=#aaff55>[{0}]</color> ha rifiutato di formare un'alleanza con <color=#aaff55>[{1}]</color>",
  "Notification.Alliance.Revoked": "<color=#aaff55>[{0}]</color> ha revocato la sua alleanza con <color=#aaff55>[{1}]</color>",
  "Notification.Alliance.NoActiveAlliance": "Non hai attualmente un'alleanza con <color=#aaff55>[{0}]</color>",
  "Notification.FF.MemberEnabled": "I compagni di clan <color=#ffd479>prenderanno</color> danno da fuoco amico",
  "Notification.FF.MemberDisabled": "I compagni di clan <color=#ffd479>non prenderanno</color> danno da fuoco amico",
  "Notification.FF.AllyEnabled": "Gli alleati <color=#ffd479>prenderanno</color> danno da fuoco amico",
  "Notification.FF.AllyDisabled": "Gli alleati <color=#ffd479>non prenderanno</color> danno da fuoco amico",
  "Notification.FF.IsEnabled": "<color=#aaff55>Attivato</color>",
  "Notification.FF.IsDisabled": "<color=#ce422b>Disattivato</color>",
  "Notification.FF.OnHitClanMember": "{0} è un membro del clan e non può essere ferito.\nPer attivare/disattivare il fuoco amico, digita: <color=#ffd479>/{1}</color>",
  "Notification.FF.OnHitAllyMember": "{0} è un membro di un clan alleato e non può essere ferito.\nPer attivare/disattivare il fuoco amico tra alleati, digita: <color=#ffd479>/{1}</color>",
  "Notification.FF.ToggleNotOwner": "Solo il Proprietario del clan o il Consiglio possono attivare/disattivare il fuoco amico",
  "Notification.FF.OwnerToggle": "{0} ha attivato/disattivato il fuoco amico.\n{1}",
  "Notification.FF.OwnerAllyToggle": "{0} ha attivato/disattivato il fuoco amico tra alleati.\n{1}",
  "Notification.ClanHelp.NoClan": "\nComandi Disponibili:\n<color=#ffd479>/{0} create <tag> \"descrizione\"</color> - Crea un nuovo clan\n<color=#ffd479>/{0} accept <tag></color> - Unisciti a un clan tramite invito\n<color=#ffd479>/{0} reject <tag></color> - Rifiuta un invito al clan",
  "Notification.ClanHelp.Basic2": "\nComandi Disponibili:\n<color=#ffd479>/{0}</color> - Visualizza le informazioni del tuo clan\n<color=#ffd479>/{1} <messaggio></color> - Invia un messaggio tramite la chat del clan\n<color=#ffd479>/{0} leave</color> - Lascia il tuo attuale clan",
  "Notification.ClanHelp.MFF": "\n<color=#ffd479>/{0}</color> - Attiva/disattiva il fuoco amico contro altri membri del clan",
  "Notification.ClanHelp.AFF": "\n<color=#ffd479>/{0}</color> - Attiva/disattiva il fuoco amico contro membri dei clan alleati",
  "Notification.ClanHelp.Alliance": "\n\n<color=#45b6fe><size=14>Comandi Alleanza:</size></color>\n<color=#ffd479>/{0} invite <tag></color> - Invita un clan a diventare alleato\n<color=#ffd479>/{0} withdraw <tag></color> - Ritira un invito all'alleanza\n<color=#ffd479>/{0} accept <tag></color> - Accetta un invito all'alleanza\n<color=#ffd479>/{0} reject <tag></color> - Rifiuta un invito all'alleanza\n<color=#ffd479>/{0} revoke <tag></color> - Revoca un'alleanza",
  "Notification.ClanHelp.Moderator": "\n\n<color=#b573ff><size=14>Comandi Moderatore:</size></color>\n<color=#ffd479>/{0} invite <nome o ID></color> - Invita un giocatore al tuo clan\n<color=#ffd479>/{0} withdraw <nome o ID></color> - Revoca un invito\n<color=#ffd479>/{0} kick <nome o ID></color> - Espelli un membro dal tuo clan",
  "Notification.ClanHelp.Owner": "\n\n<color=#a1ff46><size=14>Comandi Proprietario:</size></color>\n<color=#ffd479>/{0} promote <nome o ID></color> - Promuovi un membro del clan\n<color=#ffd479>/{0} demote <nome o ID></color> - Retrocedi un membro del clan\n<color=#ffd479>/{0} disband forever</color> - Sciogli il tuo clan",
  "Notification.ClanHelp.TagColor": "\n<color=#ffd479>/{0} tagcolor <hex></color> - Imposta un colore personalizzato per il tag del clan\n<color=#ffd479>/{0} tagcolor reset</color> - Ripristina il colore predefinito del tag del clan",
  "Notification.Clan.NotInAClan": "\nAttualmente non sei membro di un clan",
  "Notification.Clan.Help": "\nPer vedere i comandi disponibili digita: <color=#ffd479>/{0}</color>",
  "Notification.Clan.OwnerOf": "\nSei il proprietario di: <color=#aaff55>{0}</color> ({1}/{2})",
  "Notification.Clan.CouncilOf": "\nSei nel consiglio di: <color=#aaff55>{0}</color> ({1}/{2})",
  "Notification.Clan.ModeratorOf": "\nSei un moderatore di: <color=#aaff55>{0}</color> ({1}/{2})",
  "Notification.Clan.MemberOf": "\nSei un membro di: <color=#aaff55>{0}</color> ({1}/{2})",
  "Notification.Clan.MembersOnline": "\nMembri Online: {0}",
  "Notification.Clan.MFF": "\nStato FF del Clan: {0} (<color=#ffd479>/{1}</color>)",
  "Notification.Clan.AFF": "\nStato FF degli Alleati: {0} (<color=#ffd479>/{1}</color>)",
  "Notification.Clan.CreateSyntax": "<color=#ffd479>/{0} create <tag> \"descrizione\"</color> - Crea un nuovo clan",
  "Notification.Clan.InviteSyntax": "<color=#ffd479>/{0} invite <nomeParzialeOId></color> - Invita un giocatore al tuo clan",
  "Notification.Clan.WithdrawSyntax": "<color=#ffd479>/{0} withdraw <nomeParzialeOId></color> - Revoca un invito",
  "Notification.Clan.AcceptSyntax": "<color=#ffd479>/{0} accept <tag></color> - Unisciti a un clan tramite invito",
  "Notification.Clan.RejectSyntax": "<color=#ffd479>/{0} reject <tag></color> - Rifiuta un invito al clan",
  "Notification.Clan.PromoteSyntax": "<color=#ffd479>/{0} promote <nomeParzialeOId></color> - Promuovi un membro del clan al grado successivo",
  "Notification.Clan.DemoteSyntax": "<color=#ffd479>/{0} demote <nomeParzialeOId></color> - Retrocedi un membro del clan al grado inferiore",
  "Notification.Clan.DisbandSyntax": "<color=#ffd479>/{0} disband forever</color> - Sciogli il tuo clan (non può essere annullato)",
  "Notification.Clan.KickSyntax": "<color=#ffd479>/{0} kick <nomeParzialeOId></color> - Espelli un membro dal tuo clan",
  "Notification.Clan.TagColorSyntax": "<color=#ffd479>/{0} tagcolor <hex (XXXXXX)></color> - Imposta un colore personalizzato per il tag del clan",
  "Notification.Clan.TagColorFormat": "<color=#ffd479>La stringa hex deve essere lunga 6 caratteri e essere un colore hex valido</color>",
  "Notification.Clan.TagColorReset": "<color=#ffd479>Hai ripristinato il colore del tag del tuo clan</color>",
  "Notification.Clan.TagColorSet": "<color=#ffd479>Hai impostato il colore del tag del tuo clan a</color> <color=#{0}>{0}</color>",
  "Notification.Clan.TagColorDisabled": "<color=#ffd479>I colori personalizzati per i tag sono disabilitati su questo server</color>",
  "Notification.Clan.TagColorBlocked": "<color=#ffd479>Il colore <color=#{0}>{0}</color> è stato bloccato per l'uso dai clan.</color>",
  "Notification.Clan.TagColorOutOfRange": "<color=#ffd479>Il colore <color=#{0}>{0}</color> è fuori dal range dei colori consentiti. Devi scegliere un colore tra <color=#{1}>{1}</color> e <color=#{2}>{2}</color></color>",
  "Notification.Disband.NotOwner": "Devi essere il proprietario del clan per usare questo comando",
  "Notification.Disband.Success": "Hai sciolto il clan <color=#aaff55>[{0}]</color>",
  "Notification.Disband.Message": "Il clan è stato sciolto",
  "Notification.Disband.NoPermission": "Non hai il permesso di sciogliere questo clan",
  "Notification.Generic.ClanFull": "Il clan è già al massimo della capacità",
  "Notification.Generic.NoClan": "Non sei membro di un clan",
  "Notification.Generic.InvalidClan": "Il clan <color=#aaff55>[{0}]</color> non esiste!",
  "Notification.Generic.NoPermissions": "Non hai il permesso sufficiente per usare questo comando",
  "Notification.Generic.SpecifyClanTag": "Per favore specifica un tag di clan",
  "Notification.Generic.UnableToFindPlayer": "Impossibile trovare un giocatore con il nome o l'ID {0}",
  "Notification.Generic.CommandSelf": "Non puoi usare questo comando su te stesso",
  "Chat.IsMuted": "Sei attualmente mutato",
  "Chat.Alliance.Prefix": "<color=#a1ff46>[CHAT ALLEANZA]</color>: {0}",
  "Chat.Clan.Prefix": "<color=#a1ff46>[CHAT CLAN]</color>: {0}",
  "Chat.Alliance.Format": "[{0}] <color={1}>{2}</color>: {3}",
  "Admin.BroadcastToClan": "<color=#ff3333>[ADMIN]</color>: {0}",
  "Admin.Rename": "Un amministratore ha cambiato il tuo tag clan in <color=#aaff55>[{0}]</color>",
  "Admin.Disband": "Un amministratore ha sciolto il tuo clan",
  "Admin.Invite": "Un amministratore ha invitato {0} a unirsi al tuo clan",
  "Admin.Join": "Un amministratore ti ha forzato a unirti a <color=#aaff55>[{0}]</color>",
  "Admin.Kick": "Un amministratore ti ha espulso da <color=#aaff55>[{0}]</color>",
  "Admin.SetOwner": "Un amministratore ha impostato {0} come leader del clan",
  "Admin.Promote": "Un amministratore ha promosso {0} al grado di {1}",
  "Admin.Demote": "Un amministratore ha retrocesso {0} al grado di {1}"
}