{
  "CommandUsageExtLoad": "Utilizzo: oxide.ext.load <extname>+",
  "CommandUsageExtUnload": "Utilizzo: oxide.ext.unload <extname>+",
  "CommandUsageExtReload": "Utilizzo: oxide.ext.reload <extname>+",
  "CommandUsageGrant": "Utilizzo: oxide.grant <group|user> <name|id> <permission>",
  "CommandUsageGroup": "Utilizzo: oxide.group <add|set> <name> [title] [rank]",
  "CommandUsageGroupParent": "Utilizzo: oxide.group <parent> <name> <parentName>",
  "CommandUsageGroupRemove": "Utilizzo: oxide.group <remove> <name>",
  "CommandUsageLang": "Utilizzo: oxide.lang <codice lingua a due lettere>",
  "CommandUsageLoad": "Utilizzo: oxide.load *|<pluginname>+",
  "CommandUsageReload": "Utilizzo: oxide.reload *|<pluginname>+",
  "CommandUsageRevoke": "Utilizzo: oxide.revoke <group|user> <name|id> <permission>",
  "CommandUsageShow": "Utilizzo: oxide.show <groups|perms>",
  "CommandUsageShowName": "Utilizzo: oxide.show <group|user> <name>",
  "CommandUsageUnload": "Utilizzo: oxide.unload *|<pluginname>+",
  "CommandUsageUserGroup": "Utilizzo: oxide.usergroup <add|remove> <username> <groupname>",
  "ConnectionRejected": "Connessione rifiutata",
  "DataSaved": "Salvataggio dati Oxide in corso...",
  "GroupAlreadyExists": "Il gruppo '{0}' esiste già",
  "GroupAlreadyHasPermission": "Il gruppo '{0}' ha già il permesso '{1}'",
  "GroupDoesNotHavePermission": "Il gruppo '{0}' non ha il permesso '{1}'",
  "GroupChanged": "Gruppo '{0}' modificato",
  "GroupCreated": "Gruppo '{0}' creato",
  "GroupDeleted": "Gruppo '{0}' eliminato",
  "GroupNotFound": "Il gruppo '{0}' non esiste",
  "GroupParentChanged": "Gruppo padre di '{0}' cambiato in '{1}'",
  "GroupParentNotChanged": "Gruppo padre di '{0}' non cambiato",
  "GroupParentNotFound": "Il gruppo padre '{0}' non esiste",
  "GroupPermissionGranted": "Permesso '{1}' concesso al gruppo '{0}'",
  "GroupPermissionRevoked": "Permesso '{1}' revocato al gruppo '{0}'",
  "GroupPermissions": "Permessi del gruppo '{0}'",
  "GroupPlayers": "Giocatori del gruppo '{0}'",
  "Groups": "Gruppi",
  "InvalidLanguageName": "Nome lingua non valido: '{0}'",
  "NoGroupPermissions": "Nessun permesso attualmente concesso",
  "NoPermissionGroups": "Nessun gruppo con questo permesso",
  "NoPermissionPlayers": "Nessun giocatore con questo permesso",
  "NoPluginsFound": "Nessun plugin attualmente disponibile",
  "NoPlayerGroups": "Il giocatore non è assegnato a nessun gruppo",
  "NoPlayerPermissions": "Nessun permesso attualmente concesso",
  "NoPlayersInGroup": "Nessun giocatore attualmente nel gruppo",
  "NotAllowed": "Non ti è permesso utilizzare il comando '{0}'",
  "ParentGroupPermissions": "Permessi del gruppo padre '{0}'",
  "PermissionGroups": "Gruppi del permesso '{0}'",
  "PermissionPlayers": "Giocatori con il permesso '{0}'",
  "PermissionNotFound": "Il permesso '{0}' non esiste",
  "Permissions": "Permessi",
  "PermissionsNotLoaded": "Impossibile caricare i file dei permessi! I permessi non funzioneranno finché non viene risolto.\n => {0}",
  "PlayerLanguage": "Lingua del giocatore impostata su {0}",
  "PluginNotLoaded": "Plugin '{0}' non caricato.",
  "PluginReloaded": "Plugin {0} v{1} di {2} ricaricato",
  "PluginUnloaded": "Plugin {0} v{1} di {2} scaricato",
  "ServerLanguage": "Lingua del server impostata su {0}",
  "Unknown": "Sconosciuto",
  "UnknownCommand": "Comando sconosciuto: {0}",
  "PlayerAddedToGroup": "Giocatore '{0}' aggiunto al gruppo: {1}",
  "PlayerAlreadyHasPermission": "Il giocatore '{0}' ha già il permesso '{1}'",
  "PlayerDoesNotHavePermission": "Il giocatore '{0}' non ha il permesso '{1}'",
  "PlayerNotFound": "Giocatore '{0}' non trovato",
  "PlayerGroups": "Gruppi del giocatore '{0}'",
  "PlayerPermissions": "Permessi del giocatore '{0}'",
  "PlayerPermissionGranted": "Permesso '{1}' concesso al giocatore '{0}'",
  "PlayerPermissionRevoked": "Permesso '{1}' revocato al giocatore '{0}'",
  "PlayerRemovedFromGroup": "Giocatore '{0}' rimosso dal gruppo '{1}'",
  "PlayersFound": "Trovati più giocatori, specifica per favore: {0}",
  "Version": "Il server sta eseguendo [#ffb658]Oxide {0}[/#] e [#ee715c]{1} {2} ({3})[/#]",
  "YouAreNotAdmin": "Non sei un admin"
}