{
  "WebErrorOccurred": "Impossibile scaricare l'immagine! Errore {0}.",
  "FileTooLarge": "Il file supera la dimensione massima di {0}Mb.",
  "ErrorOccurred": "Si è verificato un errore sconosciuto, se continua a verificarsi informa l'admin del server.",
  "RestoreErrorOccurred": "Impossibile ripristinare il cartello perché non è assegnata alcuna texture.",
  "DownloadQueued": "La tua immagine è stata aggiunta alla waiting line per il download!",
  "RestoreQueued": "Il tuo cartello è stato aggiunto alla waiting line per il ripristino!",
  "RestoreBatchQueued": "Hai aggiunto tutti i {0} cartelli alla waiting line per il ripristino!",
  "ImageLoaded": "L'immagine è stata caricata con successo sul cartello!",
  "ImageRestored": "L'immagine è stata ripristinata con successo sul cartello!",
  "LogEntry": "Giocatore `{0}` (SteamId: {1}) ha caricato {2} in {3} da {4}",
  "NoSignFound": "Impossibile trovare un cartello! Assicurati di guardarne uno e di non essere troppo lontano.",
  "Cooldown": "Non puoi ancora usare il comando! Tempo di attesa rimasto: {0}.",
  "SignNotOwned": "Non puoi cambiare questo cartello perché è protetto da un armadietto degli attrezzi.",
  "NoItemHeld": "Non stai tenendo un oggetto.",
  "ActionQueuedAlready": "C'è già un'azione in attesa per questo cartello, aspetta che sia completata.",
  "SyntaxSilCommand": "Errore di sintassi!\nSintassi: /sil <url> [raw]",
  "SyntaxSilCommandMulti": "Errore di sintassi!\nSintassi: /sil <1-{0}> <url> [raw]",
  "SyntaxSiltCommand": "Errore di sintassi!\nSintassi: /silt <messaggio> [<fontsize:number>] [<color:hex value>] [<bgcolor:hex value>] [raw]",
  "SyntaxSiltCommandMulti": "Errore di sintassi!\nSintassi: /silt <1-{0}> <messaggio> [<fontsize:number>] [<color:hex value>] [<bgcolor:hex value>] [raw]",
  "SyntaxSiliCommandMulti": "Errore di sintassi!\nSintassi: /sili <1-{0}>",
  "NoPermission": "Non hai il permesso di usare questo comando.",
  "NoPermissionFile": "Non hai il permesso di usare immagini dal filesystem del server.",
  "NoPermissionRaw": "Non hai il permesso di usare immagini raw, caricamento normale invece.",
  "NoPermissionRestoreAll": "Non hai il permesso di ripristinare tutti i cartelli in una volta.",
  "day": "giorno",
  "days": "giorni",
  "hour": "ora",
  "hours": "ore",
  "minute": "minuto",
  "minutes": "minuti",
  "second": "secondo",
  "seconds": "secondi",
  "and": "e"
}