{
    "NoPermToUse": "Non hai il permesso di farlo",
    "NoILError": "Il plugin non funziona correttamente, contatta l'amministratore!",
    "UI.Plugin.Title": "CLASSIFICA",
    "UI.Leaderboard.Awards.Title": "Migliori premi",
    "UI.Leaderboard.Awards.Place": "{0}° posto",
    "UI.Search.Players.Title": "CERCA GIOCATORE PER NOME O STEAMID",
    "UI.Search.Input.Placeholder": "DIGITA IL NOME O LO STEAMID",
    "UI.Players.List.Title": "LISTA DEI GIOCATORI SUL SERVER",
    "UI.Players.NoPlayers": "Nessun giocatore disponibile :(",
    "UI.HitRate.Title": "PRECISIONE",
    "UI.HitRate.Description": "Puoi vedere qui il numero di colpi alle diverse parti del corpo",
    "UI.Building.Title": "COSTRUZIONE",
    "UI.Building.Description": "Puoi vedere qui le statistiche di costruzione",
    "UI.Stat.Value.Total": "Totale: {0}",
    "UI.Stat.Value.Today": "Oggi: {0}",
    "UI.Stat.Value.KD": "Uccisioni: {0} / Morti: {1}",
    "UI.Stat.Value.None": "Nessuno",
    "UI.Stat.Value.Unknown": "Sconosciuto",
    "UI.Time.Years": "{0}a",
    "UI.Time.Months": "{0}m",
    "UI.Time.Days": "{0}g",
    "UI.Time.Hours": "{0}h",
    "UI.Time.Minutes": "{0}m",
    "UI.Time.Seconds": "{0}s",
    "MSG.Profile.Already.Loading": "Questo profilo è già in caricamento, attendi.",
    "MSG.Profile.Wait.Before.Another": "Attendi un attimo prima di aprire un altro profilo.",
    "UI.Leaderboard.Loading": "Caricamento...",
    "Msg.Player.NotFound": "Statistiche del giocatore non trovate",
    "Msg.Invalid.SteamID": "Formato Steam ID non valido",
    "Msg.Hide.Self.Hidden": "Ora sei nascosto in classifica",
    "Msg.Hide.Self.Visible": "Ora sei visibile in classifica",
    "UI.Category.MY STATISTICS": "LE MIE STATISTICHE",
    "UI.Category.TOP 10 PLAYERS": "TOP 10 GIOCATORI",
    "UI.Category.SEARCH": "CERCA",
    "UI.Awards.TOP scorers": "MIGLIORI marcatori",
    "UI.Awards.Place.Frontiersman Pack": "Pacchetto Uomo di Frontiera",
    "UI.Awards.Place.Lumberjack Pack": "Pacchetto Boscaiolo",
    "UI.Awards.Place.Artic Pack": "Pacchetto Artico",
    "UI.Awards.Place.Abyss Pack": "Pacchetto Abisso",
    "UI.Awards.Place.Retro Tool Cupboard": "Armadio degli attrezzi retrò",
    "UI.Awards.TOP killers": "MIGLIORI assassini",
    "UI.Awards.TOP time played": "MIGLIOR tempo di gioco",
    "UI.Tabs.GENERAL": "GENERALE",
    "UI.Field.Profile": "Profilo",
    "UI.Field.name": "nome",
    "UI.Field.K/D": "K/D",
    "UI.Field.kd": "kd",
    "UI.Field.Time": "Tempo",
    "UI.Field.current_playtime": "gioco_corrente",
    "UI.Field.Longest Kill Distance": "Distanza di uccisione più lunga",
    "UI.Field.longest_kill_distance": "distanza_uccisione_più_lunga",
    "UI.Field.Total Resources Gathered": "Totale risorse raccolte",
    "UI.Field.total_resources": "totale_risorse",
    "UI.Field.Favorite Resource": "Risorsa preferita",
    "UI.Field.favorite_resource": "risorsa_preferita",
    "UI.Field.Total Items Crafted": "Totale oggetti creati",
    "UI.Field.total_items_crafted": "totale_oggetti_creati",
    "UI.Field.Structures Built": "Strutture costruite",
    "UI.Field.structures_built": "strutture_costruite",
    "UI.Field.Upgrades Performed": "Upgrade eseguiti",
    "UI.Field.upgrades_performed": "upgrade_esperti",
    "UI.Field.Favorite Building Material": "Materiale da costruzione preferito",
    "UI.Field.favorite_building_material": "materiale_costruzione_preferito",
    "UI.Field.Events Won": "Eventi vinti",
    "UI.Field.events_won": "eventi_vinti",
    "UI.Field.Favorite Event": "Evento preferito",
    "UI.Field.favorite_event": "evento_preferito",
    "UI.Column.EVENTS": "EVENTI",
    "UI.Field.Convoy": "Convoglio",
    "UI.Field.Sputnik": "Sputnik",
    "UI.Field.Caravan": "Carovana",
    "UI.Field.GasStation": "Stazione di servizio",
    "UI.Field.GasStationEvent": "Evento stazione di servizio",
    "UI.Field.Air": "Aereo",
    "UI.Field.AirEvent": "Evento aereo",
    "UI.Field.SatDish": "Antenna satellitare",
    "UI.Field.SatDishEvent": "Evento antenna satellitare",
    "UI.Field.Triangulation": "Triangolazione",
    "UI.Field.Water": "Acqua",
    "UI.Field.WaterEvent": "Evento acqua",
    "UI.Field.Harbor": "Porto",
    "UI.Field.HarborEvent": "Evento porto",
    "UI.Field.ArcticBase": "Base artica",
    "UI.Field.ArcticBaseEvent": "Evento base artica",
    "UI.Field.Junkyard": "Rottamaio",
    "UI.Field.JunkyardEvent": "Evento rottamaio",
    "UI.Field.Supermarket": "Supermercato",
    "UI.Field.SupermarketEvent": "Evento supermercato",
    "UI.Field.PowerPlant": "Centrale elettrica",
    "UI.Field.PowerPlantEvent": "Evento centrale elettrica",
    "UI.Field.Paintball Team": "Squadra paintball",
    "UI.Field.PaintballTeam": "PaintballTeam",
    "UI.Field.Paintball FFA": "Paintball tutti contro tutti",
    "UI.Field.PaintballFFA": "PaintballFFA",
    "UI.Field.Survival Arena": "Arena di sopravvivenza",
    "UI.Field.SurvivalArena": "SurvivalArena",
    "UI.Field.Gun Game": "Gioco delle armi",
    "UI.Field.GunGame": "GunGame",
    "UI.Field.Zombie Infection": "Infezione zombie",
    "UI.Field.ZombieInfection": "ZombieInfection",
    "UI.Field.Tugboat Pirates": "Pirati rimorchiatore",
    "UI.Field.TugboatPirates": "TugboatPirates",
    "UI.Tabs.RESOURCES": "RISORSE",
    "UI.Column.RESOURCES": "RISORSE",
    "UI.Field.Stone": "Pietra",
    "UI.Field.stones": "pietre",
    "UI.Field.Wood": "Legno",
    "UI.Field.wood": "legno",
    "UI.Field.Sulfur Ore": "Minerale di zolfo",
    "UI.Field.sulfur.ore": "minerale.zolfo",
    "UI.Field.Metal Ore": "Minerale di metallo",
    "UI.Field.metal.ore": "minerale.metallo",
    "UI.Field.High Quality Metal Ore": "Minerale di metallo di alta qualità",
    "UI.Field.hq.metal.ore": "hq.minerale.metallo",
    "UI.Field.Leather": "Pelle",
    "UI.Field.leather": "pelle",
    "UI.Field.Bone Fragments": "Frammenti di osso",
    "UI.Field.bone.fragments": "frammenti.osso",
    "UI.Field.Animal Fat": "Grasso animale",
    "UI.Field.fat.animal": "grasso.animale",
    "UI.Field.Scrap": "Rottami",
    "UI.Field.scrap": "rottami",
    "UI.Column.FARMING": "COLTIVAZIONE",
    "UI.Field.Hemp": "Canapa",
    "UI.Field.hemp-collectable": "canapa-raccoglibile",
    "UI.Field.Blue Berry": "Bacca blu",
    "UI.Field.blue.berry": "bacca.blu",
    "UI.Field.Red Berry": "Bacca rossa",
    "UI.Field.red.berry": "bacca.rossa",
    "UI.Field.Yellow Berry": "Bacca gialla",
    "UI.Field.yellow.berry": "bacca.gialla",
    "UI.Field.Black Berry": "Bacca nera",
    "UI.Field.black.berry": "bacca.nera",
    "UI.Field.Green Berry": "Bacca verde",
    "UI.Field.green.berry": "bacca.verde",
    "UI.Field.White Berry": "Bacca bianca",
    "UI.Field.white.berry": "bacca.bianca",
    "UI.Field.Potato": "Patata",
    "UI.Field.potato": "patata",
    "UI.Field.Cloth": "Tessuto",
    "UI.Field.cloth": "tessuto",
    "UI.Field.Mushroom": "Fungo",
    "UI.Field.mushroom": "fungo",
    "UI.Field.Corn": "Mais",
    "UI.Field.corn": "mais",
    "UI.Field.Pumpkin": "Zucca",
    "UI.Field.pumpkin": "zucca",
    "UI.Field.Orchid": "Orchidea",
    "UI.Field.orchid": "orchidea",
    "UI.Field.Rose": "Rosa",
    "UI.Field.rose": "rosa",
    "UI.Field.Sunflower": "Girasole",
    "UI.Field.sunflower": "girasole",
    "UI.Field.Wheat": "Grano",
    "UI.Field.wheat": "grano",
    "UI.Column.MISC": "VARIE",
    "UI.Field.Bears": "Orsi",
    "UI.Field.bear": "orso",
    "UI.Field.Polar Bears": "Orsi polari",
    "UI.Field.polarbear": "orsopolare",
    "UI.Field.Boars": "Cinghiali",
    "UI.Field.boar": "cinghiale",
    "UI.Field.Chicken": "Pollo",
    "UI.Field.chicken": "pollo",
    "UI.Field.Stag": "Cervo",
    "UI.Field.stag": "cervo",
    "UI.Field.Wolf": "Lupo",
    "UI.Field.wolf2": "lupo2",
    "UI.Field.Panther": "Pantera",
    "UI.Field.panther": "pantera",
    "UI.Field.Crocodile": "Coccodrillo",
    "UI.Field.crocodile": "coccodrillo",
    "UI.Field.Snake": "Serpente",
    "UI.Field.snake.entity": "serpente.entity",
    "UI.Field.Tiger": "Tigre",
    "UI.Field.tiger": "tigre",
    "UI.Field.Shark": "Squalo",
    "UI.Field.simpleshark": "squalo",
    "UI.Field.Bradley": "Bradley",
    "UI.Field.bradleyapc": "bradleyapc",
    "UI.Field.Helicopter": "Elicottero",
    "UI.Field.helicopter": "elicottero",
    "UI.Field.Scientist": "Scienziato",
    "UI.Field.npc_underwaterdweller|scientistnpc_arena|scientistnpc_bradley|scientistnpc_bradley_heavy|scientistnpc_cargo|scientistnpc_cargo_turret_any|scientistnpc_cargo_turret_lr300|scientistnpc_ch47_gunner|scientistnpc_excavator|scientistnpc_full_any|scientistnpc_full_lr300|scientistnpc_full_mp5|scientistnpc_full_pistol|scientistnpc_full_shotgun|scientistnpc_junkpile_pistol|scientistnpc_oilrig|scientistnpc_patrol|scientistnpc_patrol_arctic|scientistnpc_peacekeeper|scientistnpc_roam|scientistnpc_roam_nvg_variant|scientistnpc_roamtethered": "npc_underwaterdweller|scientistnpc_arena|scientistnpc_bradley|scientistnpc_bradley_heavy|scientistnpc_cargo|scientistnpc_cargo_turret_any|scientistnpc_cargo_turret_lr300|scientistnpc_ch47_gunner|scientistnpc_excavator|scientistnpc_full_any|scientistnpc_full_lr300|scientistnpc_full_mp5|scientistnpc_full_pistol|scientistnpc_full_shotgun|scientistnpc_junkpile_pistol|scientistnpc_oilrig|scientistnpc_patrol|scientistnpc_patrol_arctic|scientistnpc_peacekeeper|scientistnpc_roam|scientistnpc_roam_nvg_variant|scientistnpc_roamtethered",
    "UI.Field.Heavy Scientist": "Scienziato pesante",
    "UI.Field.scientistnpc_heavy": "scientistnpc_heavy",
    "UI.Field.Tunnel Dweller": "Abitante del tunnel",
    "UI.Field.npc_tunneldweller|npc_tunneldwellerspawned": "npc_tunneldweller|npc_tunneldwellerspawned",
    "UI.Field.Underwater Lab Dweller": "Abitante del laboratorio sott'acqua",
    "UI.Field.npc_underwaterdweller": "npc_underwaterdweller",
    "UI.Column.RAID": "RAID",
    "UI.Field.Satchel": "Cartella (esplosiva)",
    "UI.Field.explosive.satchel": "explosive.satchel",
    "UI.Field.Molotov": "Molotov",
    "UI.Field.grenade.molotov": "grenade.molotov",
    "UI.Field.Flashbang": "Granata stordente",
    "UI.Field.grenade.flashbang": "grenade.flashbang",
    "UI.Field.Survey Charge": "Carica da rilevamento",
    "UI.Field.surveycharge": "surveycharge",
    "UI.Field.Grenade": "Granata",
    "UI.Field.grenade.f1": "grenade.f1",
    "UI.Field.Beancan": "Bomba barattolo di fagioli",
    "UI.Field.grenade.beancan": "grenade.beancan",
    "UI.Field.Rocket": "Razzo",
    "UI.Field.ammo.rocket.basic": "ammo.rocket.basic",
    "UI.Field.Incendiary Rocket": "Razzo incendiario",
    "UI.Field.ammo.rocket.fire": "ammo.rocket.fire",
    "UI.Field.Rocket HV": "Razzo ad alta velocità",
    "UI.Field.ammo.rocket.hv": "ammo.rocket.hv",
    "UI.Field.Explosive 5.56 Rifle Ammo": "Munizioni esplosive per fucile 5.56",
    "UI.Field.ammo.rifle.explosive": "ammo.rifle.explosive",
    "UI.Field.GL HE": "GL HE",
    "UI.Field.ammo.grenadelauncher.he": "ammo.grenadelauncher.he",
    "UI.Field.C4": "C4",
    "UI.Field.explosive.timed": "explosive.timed",
    "UI.Field.MLRS Rocket": "Razzo MLRS",
    "UI.Field.ammo.rocket.mlrs": "ammo.rocket.mlrs",
    "UI.Column.RECYCLED": "RICICLATI",
    "UI.Field.Propane Tanks": "Serbatoi di propano",
    "UI.Field.propanetank": "propanetank",
    "UI.Field.Gears": "Ingranaggi",
    "UI.Field.gears": "gears",
    "UI.Field.Metal Pipe": "Tubo metallico",
    "UI.Field.metalpipe": "metalpipe",
    "UI.Field.Rifle Body": "Corpo del fucile",
    "UI.Field.riflebody": "riflebody",
    "UI.Field.Semi Body": "Corpo semiautomatico",
    "UI.Field.semibody": "semibody",
    "UI.Field.Metal Springs": "Molle metalliche",
    "UI.Field.metalspring": "metalspring",
    "UI.Field.Road Signs": "Segnali stradali",
    "UI.Field.roadsigns": "roadsigns",
    "UI.Field.Sewing Kits": "Kit da cucito",
    "UI.Field.sewingkit": "sewingkit",
    "UI.Field.Tarp": "Telo",
    "UI.Field.tarp": "telo",
    "UI.Field.Rope": "Corda",
    "UI.Field.rope": "corda",
    "UI.Field.Sheet Metal": "Lamiera",
    "UI.Field.sheetmetal": "lamiera",
    "UI.Field.Fuse": "Fusibile",
    "UI.Field.fuse": "fusibile",
    "UI.Field.Metal Blade": "Lama metallica",
    "UI.Field.metalblade": "lama.metallica",
    "UI.Field.SMG Body": "Corpo mitraglietta",
    "UI.Field.smgbody": "smgbody",
    "UI.Field.Tech Parts": "Componenti tecniche",
    "UI.Field.techparts": "techparts",
    "UI.Field.Targeting Computer": "Computer di puntamento",
    "UI.Field.targeting.computer": "targeting.computer",
    "UI.Field.CCTV Camera": "Telecamera di sorveglianza",
    "UI.Field.cctv.camera": "cctv.camera",
    "UI.Column.FIRED": "SPARATO",
    "UI.Field.Pistol": "Pistola",
    "UI.Field.ammo.pistol": "ammo.pistol",
    "UI.Field.Pistol Incendiary": "Pistola (incendiaria)",
    "UI.Field.ammo.pistol.fire": "ammo.pistol.fire",
    "UI.Field.Pistol HV": "Pistola (alta velocità)",
    "UI.Field.ammo.pistol.hv": "ammo.pistol.hv",
    "UI.Field.Nailguns": "Pistole sparachiodi",
    "UI.Field.ammo.nailgun.nails": "ammo.nailgun.nails",
    "UI.Field.Rifle": "Fucile",
    "UI.Field.ammo.rifle": "ammo.rifle",
    "UI.Field.Rifle HV": "Fucile (alta velocità)",
    "UI.Field.ammo.rifle.hv": "ammo.rifle.hv",
    "UI.Field.Rifle Incendiary": "Fucile (incendiario)",
    "UI.Field.ammo.rifle.incendiary": "ammo.rifle.incendiary",
    "UI.Field.HandMades": "Fatti a mano",
    "UI.Field.ammo.handmade.shell": "ammo.handmade.shell",
    "UI.Field.GL Buckshot": "GL cartuccia",
    "UI.Field.ammo.grenadelauncher.buckshot": "ammo.grenadelauncher.buckshot",
    "UI.Field.Shotgun Slug": "Proiettile per fucile a pompa",
    "UI.Field.ammo.shotgun.slug": "ammo.shotgun.slug",
    "UI.Field.Shotgun Fire": "Fucile a pompa (incendiario)",
    "UI.Field.ammo.shotgun.fire": "ammo.shotgun.fire",
    "UI.Field.Shotgun": "Fucile a pompa",
    "UI.Field.ammo.shotgun": "ammo.shotgun",
    "UI.Field.SnowBall": "Palla di neve",
    "UI.Field.snowball": "palla_di_neve",
    "UI.Field.Wooden Arrow": "Freccia di legno",
    "UI.Field.arrow.wooden": "freccia.legno",
    "UI.Field.Fire Arrow": "Freccia infuocata",
    "UI.Field.arrow.fire": "freccia.infuocata",
    "UI.Field.Bone Arrow": "Freccia di osso",
    "UI.Field.arrow.bone": "freccia.di.osso",
    "UI.Field.High Velocity Arrow": "Freccia ad alta velocità",
    "UI.Field.arrow.hv": "freccia.hv",
    "UI.Column.FISHING": "PESCA",
    "UI.Field.Anchovy": "Acciuga",
    "UI.Field.fish.anchovy": "pesce.acciuga",
    "UI.Field.Catfish": "Pesce gatto",
    "UI.Field.fish.catfish": "pesce.pesce_gatto",
    "UI.Field.Herring": "Aringa",
    "UI.Field.fish.herring": "pesce.aringa",
    "UI.Field.Orange Roughy": "Pesce d'oro",
    "UI.Field.fish.orangeroughy": "pesce.oro",
    "UI.Field.Salmon": "Salmone",
    "UI.Field.fish.salmon": "pesce.salmone",
    "UI.Field.Sardine": "Sardina",
    "UI.Field.fish.sardine": "pesce.sardina",
    "UI.Field.Small Shark": "Piccolo squalo",
    "UI.Field.fish.smallshark": "pesce.piccolo_squalo",
    "UI.Field.Small Trout": "Piccola trota",
    "UI.Field.fish.troutsmall": "pesce.piccola_trota",
    "UI.Field.Yellow Perch": "Persico giallo",
    "UI.Field.fish.yellowperch": "pesce.persico_giallo",
    "UI.Field.Minnows": "Alborelle",
    "UI.Field.fish.minnows": "pesce.alborelle",
    "UI.Column.CRAFTED": "CRAFTATO",
    "UI.Field.Garage Door": "Porta del garage",
    "UI.Field.wall.frame.garagedoor": "struttura.muro.porta_garage",
    "UI.Field.Sheet Metal Double Door": "Porta doppia di metallo",
    "UI.Field.door.double.hinged.metal": "porta.doppia.cerniera.metallo",
    "UI.Field.Armored Double Door": "Porta doppia blindata",
    "UI.Field.door.double.hinged.toptier": "porta.doppia.cerniera.blindata",
    "UI.Field.Wood Double Door": "Porta doppia di legno",
    "UI.Field.door.double.hinged.wood": "porta.doppia.cerniera.legno",
    "UI.Field.Sheet Metal Door": "Porta di metallo",
    "UI.Field.door.hinged.metal": "porta.cerniera.metallo",
    "UI.Field.Armored Door": "Porta blindata",
    "UI.Field.door.hinged.toptier": "porta.cerniera.blindata",
    "UI.Field.Wood Door": "Porta di legno",
    "UI.Field.door.hinged.wood": "porta.cerniera.legno",
    "UI.Field.Large Wood Box": "Grande cassa di legno",
    "UI.Field.box.wooden.large": "cassa.legno.grande",
    "UI.Field.Wood Storage Box": "Contenitore di legno",
    "UI.Field.box.wooden": "cassa.legno",
    "UI.Field.Flame Turret": "Torretta lanciafiamme",
    "UI.Field.flameturret": "torrettalanciafiamme",
    "UI.Field.Shotgun Trap": "Trappola fucile a pompa",
    "UI.Field.guntrap": "trappola.fucilopompa",
    "UI.Field.Auto Turret": "Torretta automatica",
    "UI.Field.autoturret": "torrettautomatica",
    "UI.Field.Code Lock": "Lucchetto a combinazione",
    "UI.Field.lock.code": "lucchetto.codice",
    "UI.Field.Key Lock": "Lucchetto a chiave",
    "UI.Field.lock.key": "lucchetto.chiave",
    "UI.Field.Wooden Ladder": "Scala di legno",
    "UI.Field.ladder.wooden.wall": "scala.legno.muro",
    "UI.Field.Medical Syringe": "Siringa medica",
    "UI.Field.syringe.medical": "siringa.medica",
    "UI.Field.Bandage": "Benda",
    "UI.Field.bandage": "benda",
    "UI.Field.Large Medkit": "Grande kit medico",
    "UI.Field.largemedkit": "kitmedico.grande",
    "UI.Field.Rocket Launcher": "Lanciarazzi",
    "UI.Field.rocket.launcher": "lanciarazzi",
    "UI.Field.HV Rocket": "Razzo ad alta velocità",
    "UI.Field.Explosives": "Esplosivi",
    "UI.Field.explosives": "esplosivi",
    "UI.Field.Gun Powder": "Polvere da sparo",
    "UI.Field.gunpowder": "polveredasparo",
    "UI.Field.Low Grade Fuel": "Carburante di bassa qualità",
    "UI.Field.lowgradefuel": "carburante.bassa.qualità",
    "UI.Column.LOOTED": "SACCHEGGIATO",
    "UI.Field.Normal Crate": "Cassa normale",
    "UI.Field.crate_normal_2": "cassa_normale_2",
    "UI.Field.Basic Crate": "Cassa base",
    "UI.Field.crate_basic": "cassa_base",
    "UI.Field.Elite Crate": "Cassa élite",
    "UI.Field.crate_elite": "cassa_elite",
    "UI.Field.Military Crate": "Cassa militare",
    "UI.Field.crate_normal": "cassa_normale",
    "UI.Field.Tools Crate": "Cassa degli attrezzi",
    "UI.Field.crate_tools": "cassa_attrezzi",
    "UI.Field.Supply Drop": "Rifornimento paracadutato",
    "UI.Field.supply_drop": "rifornimento_paracadutato",
    "UI.Field.Locked Crate": "Cassa chiusa",
    "UI.Field.codelockedhackablecrate|codelockedhackablecrate_oilrig": "codelockedhackablecrate|codelockedhackablecrate_oilrig",
    "UI.Tabs.BUILDING": "COSTRUZIONE",
    "UI.Tabs.HITRATE": "PRECISIONE",
    "UI.Field.Head kills": "Uccisioni alla testa",
    "UI.Field.HEAD": "TESTA",
    "UI.Leaderboard.Column.Nickname": "Soprannome",
    "UI.Leaderboard.Column.Kills": "Uccisioni",
    "UI.Leaderboard.Column.Deaths": "Morti",
    "UI.Leaderboard.Column.KDR": "Rapporto K/D",
    "UI.Leaderboard.Column.NPC Kills": "Uccisioni NPC",
    "UI.Leaderboard.Column.Total online": "Totale online",
    "UI.Leaderboard.Column.Scores": "Punteggi",
    "UI.BodyParts.HEAD": "TESTA",
    "UI.BodyParts.ARM": "BRACCIO",
    "UI.BodyParts.CHEST": "PETTO",
    "UI.BodyParts.HIP": "FIANCHI",
    "UI.BodyParts.BODY": "CORPO",
    "UI.BodyParts.NECK": "COLLO",
    "UI.Building.wall.frame_twigs": "MURO.TELAIO-RAMI",
    "UI.Grade.twigs": "RAMI",
    "UI.Building.wall.frame_wood": "MURO.TELAIO-LEGNO",
    "UI.Grade.wood": "LEGNO",
    "UI.Building.wall.frame_stone": "MURO.TELAIO-PIETRA",
    "UI.Grade.stone": "PIETRA",
    "UI.Building.wall.frame_metal": "MURO.TELAIO-METALLO",
    "UI.Grade.metal": "METALLO",
    "UI.Building.wall.frame_toptier": "MURO.TELAIO-ALTA GAMMA",
    "UI.Grade.toptier": "ALTA GAMMA",
    "UI.Building.wall.frame_count": "MURO.TELAIO-CONTA",
    "UI.Grade.count": "CONTA",
    "UI.Building.wall.frame_none": "MURO.TELAIO-NESSUNO",
    "UI.Grade.none": "NESSUNO",
    "UI.Building.block.stair.ushape_twigs": "BLOCCO.SCALE.UFORMA-RAMI",
    "UI.Building.block.stair.ushape_wood": "BLOCCO.SCALE.UFORMA-LEGNO",
    "UI.Building.block.stair.ushape_stone": "BLOCCO.SCALE.UFORMA-PIETRA",
    "UI.Building.block.stair.ushape_metal": "BLOCCO.SCALE.UFORMA-METALLO",
    "UI.Building.block.stair.ushape_toptier": "BLOCCO.SCALE.UFORMA-ALTA GAMMA",
    "UI.Building.block.stair.ushape_count": "BLOCCO.SCALE.UFORMA-CONTA",
    "UI.Building.block.stair.ushape_none": "BLOCCO.SCALE.UFORMA-NESSUNO",
    "UI.Building.roof_twigs": "TETTO-RAMI",
    "UI.Building.roof_wood": "TETTO-LEGNO",
    "UI.Building.roof_stone": "TETTO-PIETRA",
    "UI.Building.roof_metal": "TETTO-METALLO",
    "UI.Building.roof_toptier": "TETTO-ALTA GAMMA",
    "UI.Building.roof_count": "TETTO-CONTA",
    "UI.Building.roof_none": "TETTO-NESSUNO",
    "UI.Building.wall.window_twigs": "MURO.FINES.RAMI",
    "UI.Building.wall.window_wood": "MURO.FINES.LEGNO",
    "UI.Building.wall.window_stone": "MURO.FINES.PIETRA",
    "UI.Building.wall.window_metal": "MURO.FINES.METALLO",
    "UI.Building.wall.window_toptier": "MURO.FINES.ALTA GAMMA",
    "UI.Building.wall.window_count": "MURO.FINES.CONTA",
    "UI.Building.wall.window_none": "MURO.FINES.NESSUNO",
    "UI.Building.floor.triangle.frame_twigs": "PAVIMENTO.TRIANGOLO.TELAIO-RAMI",
    "UI.Building.floor.triangle.frame_wood": "PAVIMENTO.TRIANGOLO.TELAIO-LEGNO",
    "UI.Building.floor.triangle.frame_stone": "PAVIMENTO.TRIANGOLO.TELAIO-PIETRA",
    "UI.Building.floor.triangle.frame_metal": "PAVIMENTO.TRIANGOLO.TELAIO-METALLO",
    "UI.Building.floor.triangle.frame_toptier": "PAVIMENTO.TRIANGOLO.TELAIO-ALTA GAMMA",
    "UI.Building.floor.triangle.frame_count": "PAVIMENTO.TRIANGOLO.TELAIO-CONTA",
    "UI.Building.floor.triangle.frame_none": "PAVIMENTO.TRIANGOLO.TELAIO-NESSUNO",
    "UI.Building.wall.low_twigs": "MURO.BASSO-RAMI",
    "UI.Building.wall.low_wood": "MURO.BASSO-LEGNO",
    "UI.Building.wall.low_stone": "MURO.BASSO-PIETRA",
    "UI.Building.wall.low_metal": "MURO.BASSO-METALLO",
    "UI.Building.wall.low_toptier": "MURO.BASSO-ALTA GAMMA",
    "UI.Building.wall.low_count": "MURO.BASSO-CONTA",
    "UI.Building.wall.low_none": "MURO.BASSO-NESSUNO",
    "UI.Building.wall.half_twigs": "MURO.METÀ-RAMI",
    "UI.Building.wall.half_wood": "MURO.METÀ-LEGNO",
    "UI.Building.wall.half_stone": "MURO.METÀ-PIETRA",
    "UI.Building.wall.half_metal": "MURO.METÀ-METALLO",
    "UI.Building.wall.half_toptier": "MURO.METÀ-ALTA GAMMA",
    "UI.Building.wall.half_count": "MURO.METÀ-CONTA",
    "UI.Building.wall.half_none": "MURO.METÀ-NESSUNO",
    "UI.Building.roof.triangle_twigs": "TETTO.TRIANGOLO-RAMI",
    "UI.Building.roof.triangle_wood": "TETTO.TRIANGOLO-LEGNO",
    "UI.Building.roof.triangle_stone": "TETTO.TRIANGOLO-PIETRA",
    "UI.Building.roof.triangle_metal": "TETTO.TRIANGOLO-METALLO",
    "UI.Building.roof.triangle_toptier": "TETTO.TRIANGOLO-ALTA GAMMA",
    "UI.Building.roof.triangle_count": "TETTO.TRIANGOLO-CONTA",
    "UI.Building.roof.triangle_none": "TETTO.TRIANGOLO-NESSUNO",
    "UI.Building.foundation.steps_twigs": "FONDAMENTA.SCALA-RAMI",
    "UI.Building.foundation.steps_wood": "FONDAMENTA.SCALA-LEGNO",
    "UI.Building.foundation.steps_stone": "FONDAMENTA.SCALA-PIETRA",
    "UI.Building.foundation.steps_metal": "FONDAMENTA.SCALA-METALLO",
    "UI.Building.foundation.steps_toptier": "FONDAMENTA.SCALA-ALTA GAMMA",
    "UI.Building.foundation.steps_count": "FONDAMENTA.SCALA-CONTA",
    "UI.Building.foundation.steps_none": "FONDAMENTA.SCALA-NESSUNO",
    "UI.Building.floor_twigs": "PAVIMENTO-RAMI",
    "UI.Building.floor_wood": "PAVIMENTO-LEGNO",
    "UI.Building.floor_stone": "PAVIMENTO-PIETRA",
    "UI.Building.floor_metal": "PAVIMENTO-METALLO",
    "UI.Building.floor_toptier": "PAVIMENTO-ALTA GAMMA",
    "UI.Building.floor_count": "PAVIMENTO-CONTA",
    "UI.Building.floor_none": "PAVIMENTO-NESSUNO",
    "UI.Building.ramp_twigs": "RAMP-RAMI",
    "UI.Building.ramp_wood": "RAMP-LEGNO",
    "UI.Building.ramp_stone": "RAMP-PIETRA",
    "UI.Building.ramp_metal": "RAMP-METALLO",
    "UI.Building.ramp_toptier": "RAMP-ALTA GAMMA",
    "UI.Building.ramp_count": "RAMP-CONTA",
    "UI.Building.ramp_none": "RAMP-NESSUNO",
    "UI.Building.wall_twigs": "MURO-RAMI",
    "UI.Building.wall_wood": "MURO-LEGNO",
    "UI.Building.wall_stone": "MURO-PIETRA",
    "UI.Building.wall_metal": "MURO-METALLO",
    "UI.Building.wall_toptier": "MURO-ALTA GAMMA",
    "UI.Building.wall_count": "MURO-CONTA",
    "UI.Building.wall_none": "MURO-NESSUNO",
    "UI.Building.wall.doorway_twigs": "MURO.PORTA-RAMI",
    "UI.Building.wall.doorway_wood": "MURO.PORTA-LEGNO",
    "UI.Building.wall.doorway_stone": "MURO.PORTA-PIETRA",
    "UI.Building.wall.doorway_metal": "MURO.PORTA-METALLO",
    "UI.Building.wall.doorway_toptier": "MURO.PORTA-ALTA GAMMA",
    "UI.Building.wall.doorway_count": "MURO.PORTA-CONTA",
    "UI.Building.wall.doorway_none": "MURO.PORTA-NESSUNO",
    "UI.Building.block.stair.lshape_twigs": "BLOCCO.SCALE.LFORMA-RAMI",
    "UI.Building.block.stair.lshape_wood": "BLOCCO.SCALE.LFORMA-LEGNO",
    "UI.Building.block.stair.lshape_stone": "BLOCCO.SCALE.LFORMA-PIETRA",
    "UI.Building.block.stair.lshape_metal": "BLOCCO.SCALE.LFORMA-METALLO",
    "UI.Building.block.stair.lshape_toptier": "BLOCCO.SCALE.LFORMA-ALTA GAMMA",
    "UI.Building.block.stair.lshape_count": "BLOCCO.SCALE.LFORMA-CONTA",
    "UI.Building.block.stair.lshape_none": "BLOCCO.SCALE.LFORMA-NESSUNO",
    "UI.Building.foundation.triangle_twigs": "FONDAMENTA.TRIANGOLO-RAMI",
    "UI.Building.foundation.triangle_wood": "FONDAMENTA.TRIANGOLO-LEGNO",
    "UI.Building.foundation.triangle_stone": "FONDAMENTA.TRIANGOLO-PIETRA",
    "UI.Building.foundation.triangle_metal": "FONDAMENTA.TRIANGOLO-METALLO",
    "UI.Building.foundation.triangle_toptier": "FONDAMENTA.TRIANGOLO-ALTA GAMMA",
    "UI.Building.foundation.triangle_count": "FONDAMENTA.TRIANGOLO-CONTA",
    "UI.Building.foundation.triangle_none": "FONDAMENTA.TRIANGOLO-NESSUNO",
    "UI.Building.floor.triangle_twigs": "PAVIMENTO.TRIANGOLO-RAMI",
    "UI.Building.floor.triangle_wood": "PAVIMENTO.TRIANGOLO-LEGNO",
    "UI.Building.floor.triangle_stone": "PAVIMENTO.TRIANGOLO-PIETRA",
    "UI.Building.floor.triangle_metal": "PAVIMENTO.TRIANGOLO-METALLO",
    "UI.Building.floor.triangle_toptier": "PAVIMENTO.TRIANGOLO-ALTA GAMMA",
    "UI.Building.floor.triangle_count": "PAVIMENTO.TRIANGOLO-CONTA",
    "UI.Building.floor.triangle_none": "PAVIMENTO.TRIANGOLO-NESSUNO",
    "UI.Building.floor.frame_twigs": "PAVIMENTO.TELAIO-RAMI",
    "UI.Building.floor.frame_wood": "PAVIMENTO.TELAIO-LEGNO",
    "UI.Building.floor.frame_stone": "PAVIMENTO.TELAIO-PIETRA",
    "UI.Building.floor.frame_metal": "PAVIMENTO.TELAIO-METALLO",
    "UI.Building.floor.frame_toptier": "PAVIMENTO.TELAIO-ALTA GAMMA",
    "UI.Building.floor.frame_count": "PAVIMENTO.TELAIO-CONTA",
    "UI.Building.floor.frame_none": "PAVIMENTO.TELAIO-NESSUNO",
    "UI.Building.foundation_twigs": "FONDAMENTA-RAMI",
    "UI.Building.foundation_wood": "FONDAMENTA-LEGNO",
    "UI.Building.foundation_stone": "FONDAMENTA-PIETRA",
    "UI.Building.foundation_metal": "FONDAMENTA-METALLO",
    "UI.Building.foundation_toptier": "FONDAMENTA-ALTA GAMMA",
    "UI.Building.foundation_count": "FONDAMENTA-CONTA",
    "UI.Building.foundation_none": "FONDAMENTA-NESSUNO",
    "UI.Building.block.stair.spiral_twigs": "BLOCCO.SCALE.SPIRALE-RAMI",
    "UI.Building.block.stair.spiral_wood": "BLOCCO.SCALE.SPIRALE-LEGNO",
    "UI.Building.block.stair.spiral_stone": "BLOCCO.SCALE.SPIRALE-PIETRA",
    "UI.Building.block.stair.spiral_metal": "BLOCCO.SCALE.SPIRALE-METALLO",
    "UI.Building.block.stair.spiral_toptier": "BLOCCO.SCALE.SPIRALE-ALTA GAMMA",
    "UI.Building.block.stair.spiral_count": "BLOCCO.SCALE.SPIRALE-CONTA",
    "UI.Building.block.stair.spiral_none": "BLOCCO.SCALE.SPIRALE-NESSUNO",
    "UI.Building.block.stair.spiral.triangle_twigs": "BLOCCO.SCALE.TR.SPIRALE-RAMI",
    "UI.Building.block.stair.spiral.triangle_wood": "BLOCCO.SCALE.TR.SPIRALE-LEGNO",
    "UI.Building.block.stair.spiral.triangle_stone": "BLOCCO.SCALE.TR.SPIRALE-PIETRA",
    "UI.Building.block.stair.spiral.triangle_metal": "BLOCCO.SCALE.TR.SPIRALE-METALLO",
    "UI.Building.block.stair.spiral.triangle_toptier": "BLOCCO.SCALE.TR.SPIRALE-ALTA GAMMA",
    "UI.Building.block.stair.spiral.triangle_count": "BLOCCO.SCALE.TR.SPIRALE-CONTA",
    "UI.Building.block.stair.spiral.triangle_none": "BLOCCO.SCALE.TR.SPIRALE-NESSUNO"
}
