{
    "Playtime": "<color=#838383>[</color><color=#f7432a>BestRust Servers</color><color=#838383>]</color> אתם יכולים לקבל <color=#7dda58>דילוג על התור</color> על ידי הגעה לזמן משחק מסוים בשרתים של Bestrust.\n\nאפשר לבדוק את זמן המשחק שלכם ולקרוא עוד מידע עם הפקודה <color=#ff5c45>/playtime</color>.",
    "RustMagic": "<color=#838383>[</color><color=#f7432a>BestRust Servers</color><color=#838383>]</color> קבלו <color=#f5e942>3 סקינים בראסט בעלי ערך גבוה בחינם</color> כאן על ידי שימוש בקוד <color=#f5e942>BESTRUST</color>: https://splits.gg/r/BESTRUST",
    "Store": "<color=#838383>[</color><color=#f7432a>BestRust Servers</color><color=#838383>]</color> אתם יכולים לקנות <color=#f5e942>VIP - דילוג על התור רק ב-1€</color>, תבדקו את החנות שלנו! לחצו על 'הצג דף אינטרנט' כדי להגיע לחנות שלנו.<color=#ff5c45>https://store.bestrustservers.com/</color>",
    "Staff": "<color=#838383>[</color><color=#f7432a>BestRust Servers</color><color=#838383>]</color> רוצים להרוויח <color=#f5e942>VIP בחינם, כסף אמיתי או סקינים</color>?\nאנחנו מחפשים חברי צוות חדשים. אתם יכולים להגיש טופס מעומדות ל-<color=#7dda58>מוד</color>, <color=#da5a5a>מנהל</color>, <color=#cc6ce7>מנהל קהילתי</color> או <color=#d49a17>יוצר תוכן</color>.\n\nאם אתם מעוניינים, בקרו בעמוד #open-applications בדיסקורד שלנו: <color=#ff5c45>discord.gg/bestrustservers</color>",
    "RustMagic2": "<color=#838383>[</color><color=#f7432a>BestRust Servers</color><color=#838383>]</color> קבלו <color=#f5e942>3 סקינים בראסט בעלי ערך גבוה בחינם</color> כאן על ידי שימוש בקוד <color=#f5e942>BESTRUST</color>: https://splits.gg/r/BESTRUST",
    "Store2": "<color=#838383>[</color><color=#f7432a>BestRust Servers</color><color=#838383>]</color> אתם יכולים לקנות <color=#f5e942>VIP - דילוג על התור רק ב-1€</color>, תבדקו את החנות שלנו! לחצו על 'הצג דף אינטרנט' כדי להגיע לחנות שלנו.<color=#ff5c45>https://store.bestrustservers.com/</color>",
    "Discord": "<color=#838383>[</color><color=#f7432a>BestRust Servers</color><color=#838383>]</color> !אם אתם זקוקים לעזרה או רוצים לדווח על שחקן, פתחו כרטיס בדיסקורד שלנו ונשמח לעזור לכם! <color=#ff5c45>discord.gg/bestrustservers</color>" }