{
    "Store": "<color=#838383>[</color><color=#f7432a>BestRust Servers</color><color=#838383>]</color> החנות שלנו פשוטה מאוד ונוחה לשימוש, ניתן לקנות <color=#f5e942>דרגות VIP ו-קיטים במשחק</color> ב-<color=#f5e942>רק 1€</color> ולקבל אותם מיד. \nאפשר לשלם עם <color=#ff7763>כל אמצעי התשלום</color>, אפילו <color=#f5e942>סקינים של ראסט</color> ו-<color=#f5e942>קריפטו</color>. השתמשו ב-<color=#f7432a>/kit</color> כדי לבדוק את כל הקיטים.\n\nהיתרונות של VIP כוללים <color=#ff7763>קיטים</color>, <color=#ff7763>דילוג על תור</color>, <color=#ff7763>קופסאת סקינים</color>, <color=#ff7763>התחלה עם יותר חיים, מים ואוכל</color> & <color=#ff7763>הרבה יותר</color>, אז אל תשכחו לבדוק את החנות שלנו!\n\nתודה לכל מי שתומך בשרתים שלנו ועוזר לנו להמשיך להפעיל אותם!\n\n<color=#ff5c45>https://store.bestrustservers.com/</color>",
    "Splits": "<color=#838383>[</color><color=#f7432a>BestRust Servers</color><color=#838383>]</color> Get <color=#f5e942>Multiple Very OP kit rewards</color> for depositing on splits.gg with the <color=#f5e942>BESTRUST code</color>. </color>Check <color=#ff5c45>/kit</color> for the rewards and make sure you use the <color=#f5e942>BESTRUST code</color> when you deposit on splits.gg",
    "PlaytimeRewards": "<color=#838383>[</color><color=#f7432a>BestRust Servers</color><color=#838383>]</color> אתם יכולים להרוויח <color=#7dda58>קיטים בחינם</color> ו-<color=#e1c05f>פרסים</color> בהישג זמן משחק מסוים בשרתים שלנו.\n\nבאפשרותכם לבדוק את זמן המשחק שלכם ולקבל מידע נוסף עם הפקודה <color=#ff5c45>/playtime</color>.",
    "Store2": "<color=#838383>[</color><color=#f7432a>BestRust Servers</color><color=#838383>]</color> החנות שלנו פשוטה מאוד ונוחה לשימוש, ניתן לקנות <color=#f5e942>דרגות VIP ו-קיטים</color> ב-<color=#f5e942>רק 1€</color> ולקבל אותם מיד. \nאפשר לשלם עם <color=#ff7763>כל אמצעי התשלום</color>, אפילו <color=#f5e942>סקינים בראסט</color> ו-<color=#f5e942>קריפטו</color>. השתמשו ב-<color=#f7432a>/kit</color> ובדקו את כל הקיטים.\n\nהיתרונות של VIP כוללים <color=#ff7763>קיטים</color>, <color=#ff7763>דילוג על התור</color>, <color=#ff7763>Skinbox</color>, <color=#ff7763>התחלה עם יותר חיים, מים ואוכל</color> & <color=#ff7763>הרבה יותר</color>, אז אל תשכחו לבדוק את החנות שלנו!\n\nתודה לכל מי שתומך בשרתים שלנו ועוזר לנו להמשיך להפעיל אותם!\n\n<color=#ff5c45>https://store.bestrustservers.com/</color>",
    "Splits2": "<color=#838383>[</color><color=#f7432a>BestRust Servers</color><color=#838383>]</color> Get <color=#f5e942>3 free high value rust skins and a free kit</color> by using the <color=#f5e942>BESTRUST code</color>on splits.gg",
    "Staff": "<color=#838383>[</color><color=#f7432a>BestRust Servers</color><color=#838383>]</color> רוצים להרוויח <color=#f5e942>VIP חינם, כסף אמיתי או Skins</color>?\nאנחנו מחפשים חברי צוות חדשים. אפשר להגיש מועמדות ל-<color=#7dda58>Moderator</color>, <color=#da5a5a>Admin</color>, <color=#cc6ce7>Community Manager</color> או <color=#d49a17>Content Creator</color>.\n\nאם זה מעניין אתכם, בקרו בערוץ #open-applications בשרת הדיסקורד שלנו: <color=#ff5c45>discord.gg/bestrustservers</color>",
    "Store3": "<color=#838383>[</color><color=#f7432a>BestRust Servers</color><color=#838383>]</color> החנות שלנו פשוטה ונוחה מאוד לשימוש, ניתן לקנות <color=#f5e942>דרגות VIP ו-קיטים</color> ב-<color=#f5e942>רק 1€</color> ולקבל אותם מיד. \nאפשר לשלם עם <color=#ff7763>כל אמצעי התשלום</color>, אפילו <color=#f5e942>סקינים בראסט</color> ו-<color=#f5e942>קריפטו</color>. השתמשו ב-<color=#f7432a>/kit</color> ובדקו את כל הקיטים.\n\nהיתרונות של VIP כוללים <color=#ff7763>קיטים</color>, <color=#ff7763>דילוג על התור</color>, <color=#ff7763>Skinbox</color>, <color=#ff7763>התחלה עם יותר חיים, מים ואוכל</color> & <color=#ff7763>הרבה יותר</color>, אז אל תשכחו לבדוק את החנות שלנו!\n\nתודה לכל מי שתומך בשרתים שלנו ועוזר לנו להמשיך להפעיל אותם!\n\n<color=#ff5c45>https://store.bestrustservers.com/</color>",
    "Splits3": "<color=#838383>[</color><color=#f7432a>BestRust Servers</color><color=#838383>]</color> Get <color=#f5e942>Multiple Very OP kit rewards</color> for depositing on splits.gg with the <color=#f5e942>BESTRUST code</color>. </color>Check <color=#ff5c45>/kit</color> for the rewards and make sure you use the <color=#f5e942>BESTRUST code</color> when you deposit on splits.gg",
    "Discord": "<color=#838383>[</color><color=#f7432a>BestRust Servers</color><color=#838383>]</color> !אם אתם זקוקים לעזרה או רוצים לדווח על שחקן, פתחו כרטיס בדיסקורד שלנו ונשמח לעזור לכם! <color=#ff5c45>discord.gg/bestrustservers</color>"
}
