{
  "Prefix": "<color=#D85540>[שיתוף תוכניות]</color> ",
  "ArgumentsError": "שימוש לא נכון בפקודה. נסה <color=#ffff00>/bs help</color>.",
  "Help": "<color=#D85540>פקודות שיתוף תוכניות:</color>\n<color=#D85540>/bs toggle</color> - הפעלה/כיבוי של שיתוף אוטומטי\n<color=#D85540>/bs share <player></color> - שיתוף התוכניות שלמדת עם שחקן\n<color=#D85540>/bs show <team|clan|friend> [name]</color> - הצגת תוכניות ששיתפו איתך\n<color=#D85540>/bs help</color> - הצגת תפריט עזרה זה",
  "ToggleOn": "שיתוף תוכניות <color=#00ff00>מופעל</color>.",
  "ToggleOff": "שיתוף תוכניות <color=#ff0000>מושבת</color>.",
  "NoPermission": "אין לך הרשאה להשתמש בפקודה זו.",
  "CannotShare": "לא ניתן לשתף תוכניות עם שחקן זה. עליו להיות בקבוצה, שבט או רשימת החברים שלך.",
  "NoTarget": "עליך לציין שחקן לשיתוף.",
  "TargetEqualsPlayer": "לא ניתן לשתף תוכניות עם עצמך.",
  "PlayerNotFound": "שחקן לא נמצא.",
  "PlayerSharedBlueprints": "שיתפת <color=#ffff00>{0}</color> תוכניות עם <color=#ffff00>{1}</color>.",
  "TargetLearntBlueprints": "<color=#ffff00>{0}</color> שיתף איתך <color=#ffff00>{1}</color> תוכניות.",
  "NoBlueprintsToShare": "אין לך תוכניות חדשות לשתף עם <color=#ffff00>{0}</color>.",
  "PlayerSharedBlueprint": "למדת את התוכנית <color=#ffff00>{0}</color> ושיתפת אותה עם <color=#ffff00>{1}</color> שחקנים.",
  "TargetLearntBlueprint": "<color=#ffff00>{0}</color> שיתף איתך את התוכנית <color=#ffff00>{1}</color>.",
  "BlueprintBlocked": "התוכנית <color=#ffff00>{0}</color> חסומה לשיתוף, אבל למדת אותה בכל זאת.",
  "TargetSharingDisabled": "לא ניתן לשתף תוכניות עם <color=#ffff00>{0}</color> — הם השביתו שיתוף.",
  "BlueprintsRemoved": "איבדת גישה ל-<color=#ffff00>{0}</color> תוכניות.",
  "ShowMissingArgument": "עליך לציין אילו תוכניות להציג. אפשרויות: <color=#ffff00>team</color>, <color=#ffff00>clan</color>, <color=#ffff00>friend</color>.",
  "ShowFriendArgumentMissing": "עליך לציין את שם החבר.",
  "NotFriends": "אתה לא חבר עם השחקן הזה.",
  "NoSharedBlueprints": "אין תוכניות ששיתפו איתך.",
  "SharedBlueprintsTitle": "תוכניות ששיתפו איתך:",
  "ShowSharedBlueprints": "<color=#ffff00>Tier {0}:</color> {1}",
  "LoseBlueprintsDisabled": "אפשרות זו הושבתה על ידי מנהל השרת."
}
