{
  "Notification.ClanInfo.Title": "<size=18><color=#ffa500>שבטים</color></size><size=14><color=#ce422b> לידה מחדש</color></size>",
  "Notification.ClanInfo.Tag": "\nתג שבט: <color=#b2eece>{0}</color>",
  "Notification.ClanInfo.Description": "\nתיאור: <color=#b2eece>{0}</color>",
  "Notification.ClanInfo.Online": "\nחברים מקוונים: {0}",
  "Notification.ClanInfo.Offline": "\nחברים לא מקוונים: {0}",
  "Notification.ClanInfo.Members": "\nחברים: {0}",
  "Notification.ClanInfo.Established": "\nנוסד: <color=#b2eece>{0}</color>",
  "Notification.ClanInfo.LastOnline": "\nאחרון מקוון: <color=#b2eece>{0}</color>",
  "Notification.ClanInfo.Alliances": "\nבריתות: <color=#b2eece>{0}</color>",
  "Notification.ClanInfo.Alliances.None": "אין",
  "Notification.ClanInfo.TotalMembers": "\nחברים: <color=#b2eece>{0}</color>",
  "Notification.ClanInfo.TotalAlliances": "\nבריתות: <color=#b2eece>{0}</color>",
  "Notification.Create.InExistingClan": "אתם כבר חברים בשבט.",
  "Notification.Create.NoPermission": "אין לכם הרשאה ליצור שבט.",
  "Notification.Create.TagReserved1": "התג {0} שמור לשחקן אחר.",
  "Notification.Create.InvalidTagLength": "התג שבחרתם אינו תקין. עליו להיות בין {0} ל-{1} תווים.",
  "Notification.Create.InvalidCharacters": "התג שבחרתם מכיל מילים/תווים שאינם מותרים.",
  "Notification.Create.ClanExists": "שבט עם התג הזה כבר קיים.",
  "Notification.Create.NoNativeCreate": "עליכם ליצור שבט באמצעות /clan create <tag> <description>.",
  "Notification.Create.Success": "יצרתם את השבט <color=#aaff55>[{0}]</color>.",
  "Notification.Kick.IsOwner": "לא ניתן להרחיק את בעל השבט.",
  "Notification.Kick.NoPermissions": "אין לכם הרשאה מספקת להרחיק חברי שבט.",
  "Notification.Kick.NotClanmember": "היעד אינו חבר בשבט שלכם.",
  "Notification.Kick.Self": "לא ניתן להרחיק את עצמכם.",
  "Notification.Kick.NotEnoughRank": "רק בעל השבט יכול להרחיק שחקן בדרגה זו.",
  "Notification.Kick.NoPlayerFound": "לא נמצא שחקן בשם או מזהה המבוקש.",
  "Notification.Kick.Message": "{0} הרחיק את {1} מהשבט!",
  "Notification.Kick.PlayerMessage": "{0} הרחיק אותך מהשבט!",
  "Notification.Kick.NoPermission": "אין לכם הרשאה להרחיק חברי שבט.",
  "Notification.Leave.Message": "{0} עזב את השבט!",
  "Notification.Leave.PlayerMessage": "עזבתם את השבט <color=#aaff55>[{0}]</color>!",
  "Notification.Leave.NewOwner": "{0} הוא כעת מנהיג השבט!",
  "Notification.Leave.NoPermission": "אין לכם הרשאה לעזוב את השבט הזה.",
  "Notification.Join.NoPermission": "אין לכם הרשאה להצטרף לשבט.",
  "Notification.Join.ExpiredInvite": "ההזמנה שלכם ל-{0} פגה!",
  "Notification.Join.InExistingClan": "אתם כבר חברים בשבט אחר.",
  "Notification.Join.Message": "{0} הצטרף לשבט!",
  "Notification.Invite.NoPermissions": "אין לכם הרשאה מספקת להזמין שחקנים אחרים.",
  "Notification.Invite.InviteLimit": "כבר הגעתם למספר המרבי של הזמנות המותרות.",
  "Notification.Invite.InviteCooldown": "עליכם לחכות {0} נוספים לפני שתוכלו להזמין חברים חדשים לשבט.",
  "Notification.Invite.HasPending": "ל-{0} כבר יש הזמנה לשבט.",
  "Notification.Invite.IsMember": "{0} הוא כבר חבר שבט.",
  "Notification.Invite.InClan": "{0} הוא כבר חבר בשבט אחר.",
  "Notification.Invite.NoPermission": "ל-{0} אין את ההרשאות הדרושות להצטרף לשבט.",
  "Notification.Invite.SuccesTarget": "הוזמנתם להצטרף לשבט: <color=#aaff55>[{0}]</color> '{1}'\nלהצטרפות, כתבו: <color=#ffd479>/{2} accept {0}</color>",
  "Notification.Invite.SuccessClan": "{0} הזמין את {1} להצטרף לשבט.",
  "Notification.PendingInvites": "יש לכם הזמנות שבט ממתינות מ: {0}\nכדי להצטרף לשבט, כתבו: <color=#ffd479>/{1} accept <tag></color>",
  "Notification.WithdrawInvite.NoPermissions": "אין לכם הרשאה מספקת לבטל הזמנה לחברות.",
  "Notification.WithdrawInvite.UnableToFind": "לא ניתן למצוא הזמנה לשחקן עם {0}.",
  "Notification.WithdrawInvite.Success": "{0} ביטל את ההזמנה ל-{1}.",
  "Notification.RejectInvite.InvalidInvite": "אין לכם הזמנה להצטרף ל-<color=#aaff55>[{0}]</color>.",
  "Notification.RejectInvite.Message": "{0} סירב להצטרף לשבט שלכם.",
  "Notification.RejectInvite.PlayerMessage": "סירבתם להזמנה להצטרף ל-<color=#aaff55>[{0}]</color>.",
  "Notification.Promotion.NoPermissions": "אין לכם הרשאה מספקת לקדם שחקנים אחרים.",
  "Notification.Promotion.TargetNoClan": "{0} אינו חבר בשבט שלכם.",
  "Notification.Promotion.IsOwner": "לא ניתן לקדם את מנהיג השבט.",
  "Notification.Promotion.IsCouncil": "לא ניתן לקדם לדרגה גבוהה יותר מוועד.",
  "Notification.Promotion.CouncilTaken": "דרגת הוועד כבר הוענקה.",
  "Notification.Promotion.ModeratorLimit": "כבר הגעתם למספר המרבי של מנהלים.",
  "Notification.Promotion.IsModerator": "לא ניתן לקדם לדרגה גבוהה יותר ממנהל.",
  "Notification.Promotion.Message": "{0} קיבל דרגת {1} על ידי {2}.",
  "Notification.Demotion.NoPermissions": "אין לכם הרשאה מספקת להוריד בדרגה שחקנים אחרים.",
  "Notification.Demotion.IsOwner": "לא ניתן להוריד בדרגה את מנהיג השבט.",
  "Notification.Demotion.IsMember": "{0} כבר בדרגה הנמוכה ביותר.",
  "Notification.Demotion.Message": "{0} הורד לדרגת {1} על ידי {2}.",
  "Notification.Alliance.NoPermissions": "אין לכם הרשאה מספקת לנהל בריתות.",
  "Notification.Alliance.PendingInvite": "<color=#aaff55>[{0}]</color> כבר קיבלה הזמנה לברית.",
  "Notification.Alliance.MaximumInvites": "כבר הגעתם למספר המרבי של הזמנות לברית.",
  "Notification.Alliance.MaximumAlliances": "כבר יש לכם את המספר המרבי של בריתות.",
  "Notification.Alliance.InviteSent": "שלחתם הזמנה לברית שבטים ל-<color=#aaff55>[{0}]</color>\nההזמנה תפוג בעוד: {1}.",
  "Notification.Alliance.InviteReceived": "קיבלתם הזמנה לברית שבטים מ-<color=#aaff55>[{0}]</color>\nכדי לאשר, כתבו: <color=#ffd479>/{2} accept {0}</color>\nההזמנה תפוג בעוד: {1}.",
  "Notification.Alliance.NoActiveInvite": "אין לכם הזמנה פעילה לברית עם <color=#aaff55>[{0}]</color>.",
  "Notification.Alliance.NoActiveInviteFrom": "אין לכם הזמנה פעילה לברית מ-<color=#aaff55>[{0}]</color>.",
  "Notification.Alliance.WithdrawnClan": "{0} ביטל הזמנה לברית ל-<color=#aaff55>[{1}]</color>.",
  "Notification.Alliance.WithdrawnTarget": "<color=#aaff55>[{0}]</color> ביטל את הזמנת הברית שלו.",
  "Notification.Alliance.AtLimitTarget": "<color=#aaff55>[{0}]</color> כבר הגיע למספר המרבי של בריתות.",
  "Notification.Alliance.AtLimitSelf": "לשבט שלכם כבר יש את המספר המרבי של בריתות.",
  "Notification.Alliance.AtLimitAlliedMembersTarget": "מספר חברי <color=#aaff55>[{0}]</color> יחד עם חברי הברית וחברי השבט שלכם גבוה מהמותר.",
  "Notification.Alliance.AtLimitAlliedMembersSelf": "מספר החברים בשבט שלכם יחד עם חברי הברית וחברי השבט השני גבוה מהמותר.",
  "Notification.Alliance.Formed": "<color=#aaff55>[{0}]</color> יצר ברית עם <color=#aaff55>[{1}]</color>.",
  "Notification.Alliance.Rejected": "<color=#aaff55>[{0}]</color> סירב ליצור ברית עם <color=#aaff55>[{1}]</color>.",
  "Notification.Alliance.Revoked": "<color=#aaff55>[{0}]</color> ביטל את הברית עם <color=#aaff55>[{1}]</color>.",
  "Notification.Alliance.NoActiveAlliance": "אין לכם ברית פעילה עם <color=#aaff55>[{0}]</color>.",
  "Notification.FF.MemberEnabled": "חברי שבט <color=#ffd479>יקבלו</color> נזק מאש ידידותית.",
  "Notification.FF.MemberDisabled": "חברי שבט <color=#ffd479>לא יקבלו</color> נזק מאש ידידותית.",
  "Notification.FF.AllyEnabled": "בני ברית <color=#ffd479>יקבלו</color> נזק מאש ידידותית.",
  "Notification.FF.AllyDisabled": "בני ברית <color=#ffd479>לא יקבלו</color> נזק מאש ידידותית.",
  "Notification.FF.IsEnabled": "<color=#aaff55>מופעל</color>",
  "Notification.FF.IsDisabled": "<color=#ce422b>מנוטרל</color>",
  "Notification.FF.OnHitClanMember": "{0} הוא חבר שבט ולא ניתן לפגוע בו.\nכדי לשנות מצב אש ידידותית כתבו: <color=#ffd479>/{1}</color>",
  "Notification.FF.OnHitAllyMember": "{0} הוא חבר שבט בעל ברית ולא ניתן לפגוע בו.\nכדי לשנות מצב אש ידידותית עם בני ברית כתבו: <color=#ffd479>/{1}</color>",
  "Notification.FF.ToggleNotOwner": "רק בעל השבט או הוועד יכולים לשנות מצב אש ידידותית.",
  "Notification.FF.OwnerToggle": "{0} שינה מצב אש ידידותית.\n{1}",
  "Notification.FF.OwnerAllyToggle": "{0} שינה מצב אש ידידותית עם בני ברית.\n{1}",
  "Notification.ClanHelp.NoClan": "\nפקודות זמינות:\n<color=#ffd479>/{0} create <tag> \"description\"</color> - יצירת שבט חדש\n<color=#ffd479>/{0} accept <tag></color> - הצטרפות לשבט בהזמנה\n<color=#ffd479>/{0} reject <tag></color> - סירוב להזמנת שבט",
  "Notification.ClanHelp.Basic2": "\nפקודות זמינות:\n<color=#ffd479>/{0}</color> - הצגת מידע על השבט שלכם\n<color=#ffd479>/{1} <message></color> - שליחת הודעה בצ'אט שבט\n<color=#ffd479>/{0} leave</color> - עזיבת השבט הנוכחי שלכם",
  "Notification.ClanHelp.MFF": "\n<color=#ffd479>/{0}</color> - שינוי מצב אש ידידותית מול חברי שבט",
  "Notification.ClanHelp.AFF": "\n<color=#ffd479>/{0}</color> - שינוי מצב אש ידידותית מול בני ברית",
  "Notification.ClanHelp.Alliance": "\n\n<color=#45b6fe><size=14>פקודות ברית:</size></color>\n<color=#ffd479>/{0} invite <tag></color> - הזמנת שבט להפוך לבני ברית\n<color=#ffd479>/{0} withdraw <tag></color> - ביטול הזמנת ברית\n<color=#ffd479>/{0} accept <tag></color> - קבלת הזמנת ברית\n<color=#ffd479>/{0} reject <tag></color> - סירוב להזמנת ברית\n<color=#ffd479>/{0} revoke <tag></color> - ביטול ברית",
  "Notification.ClanHelp.Moderator": "\n\n<color=#b573ff><size=14>פקודות מנהל:</size></color>\n<color=#ffd479>/{0} invite <name or ID></color> - הזמנת שחקן לשבט שלכם\n<color=#ffd479>/{0} withdraw <name or ID></color> - ביטול ההזמנה\n<color=#ffd479>/{0} kick <name or ID></color> - הרחקת חבר מהשבט שלכם",
  "Notification.ClanHelp.Owner": "\n\n<color=#a1ff46><size=14>פקודות בעלים:</size></color>\n<color=#ffd479>/{0} promote <name or ID></color> - קידום חבר שבט\n<color=#ffd479>/{0} demote <name or ID></color> - הורדת דרגת חבר שבט\n<color=#ffd479>/{0} disband forever</color> - פירוק השבט שלכם",
  "Notification.ClanHelp.TagColor": "\n<color=#ffd479>/{0} tagcolor <hex></color> - קביעת צבע תג מותאם אישית לשבט\n<color=#ffd479>/{0} tagcolor reset</color> - החזרת צבע התג של השבט לברירת מחדל",
  "Notification.Clan.NotInAClan": "\nאתם כרגע לא חברים בשבט.",
  "Notification.Clan.Help": "\nכדי לראות פקודות זמינות כתבו: <color=#ffd479>/{0}</color>",
  "Notification.Clan.OwnerOf": "\nאתם הבעלים של: <color=#aaff55>{0}</color> ({1}/{2})",
  "Notification.Clan.CouncilOf": "\nאתם בוועד של: <color=#aaff55>{0}</color> ({1}/{2})",
  "Notification.Clan.ModeratorOf": "\nאתם מנהלים של: <color=#aaff55>{0}</color> ({1}/{2})",
  "Notification.Clan.MemberOf": "\nאתם חברים ב: <color=#aaff55>{0}</color> ({1}/{2})",
  "Notification.Clan.MembersOnline": "\nחברים מקוונים: {0}",
  "Notification.Clan.MFF": "\nמצב FF של שבט: {0} (<color=#ffd479>/{1}</color>)",
  "Notification.Clan.AFF": "\nמצב FF של ברית: {0} (<color=#ffd479>/{1}</color>)",
  "Notification.Clan.CreateSyntax": "<color=#ffd479>/{0} create <tag> \"description\"</color> - יצירת שבט חדש",
  "Notification.Clan.InviteSyntax": "<color=#ffd479>/{0} invite <partialNameOrID></color> - הזמנת שחקן לשבט שלכם",
  "Notification.Clan.WithdrawSyntax": "<color=#ffd479>/{0} withdraw <partialNameOrID></color> - ביטול הזמנת חבר",
  "Notification.Clan.AcceptSyntax": "<color=#ffd479>/{0} accept <tag></color> - הצטרפות לשבט בהזמנה",
  "Notification.Clan.RejectSyntax": "<color=#ffd479>/{0} reject <tag></color> - סירוב להזמנת שבט",
  "Notification.Clan.PromoteSyntax": "<color=#ffd479>/{0} promote <partialNameOrID></color> - קידום חבר שבט לדרגה הבאה",
  "Notification.Clan.DemoteSyntax": "<color=#ffd479>/{0} demote <partialNameOrID></color> - הורדת דרגת חבר שבט לדרגה הנמוכה הבאה",
  "Notification.Clan.DisbandSyntax": "<color=#ffd479>/{0} disband forever</color> - פירוק השבט שלכם (לא ניתן לבטל)",
  "Notification.Clan.KickSyntax": "<color=#ffd479>/{0} kick <partialNameOrID></color> - הרחקת חבר מהשבט שלכם",
  "Notification.Clan.TagColorSyntax": "<color=#ffd479>/{0} tagcolor <hex (XXXXXX)></color> - קביעת צבע תג מותאם אישית לשבט",
  "Notification.Clan.TagColorFormat": "<color=#ffd479>המחרוזת ההקסדצימלית חייבת להיות באורך 6 תווים ותקינה</color>",
  "Notification.Clan.TagColorReset": "<color=#ffd479>החזרתם את צבע התג של השבט לברירת מחדל</color>",
  "Notification.Clan.TagColorSet": "<color=#ffd479>הגדרתם את צבע התג של השבט ל:</color> <color=#{0}>{0}</color>",
  "Notification.Clan.TagColorDisabled": "<color=#ffd479>צבעי תג מותאמים אישית מנוטרלים בשרת זה</color>",
  "Notification.Clan.TagColorBlocked": "<color=#ffd479>הצבע <color=#{0}>{0}</color> נמצא ברשימה השחורה לשימוש על ידי שבטים</color>",
  "Notification.Clan.TagColorOutOfRange": "<color=#ffd479>הצבע <color=#{0}>{0}</color> מחוץ לטווח המאושר. בחרו צבע בין <color=#{1}>{1}</color> ל-<color=#{2}>{2}</color></color>",
  "Notification.Disband.NotOwner": "עליכם להיות בעל השבט כדי להשתמש בפקודה זו.",
  "Notification.Disband.Success": "פירקתם את השבט <color=#aaff55>[{0}]</color>.",
  "Notification.Disband.Message": "השבט פורק.",
  "Notification.Disband.NoPermission": "אין לכם הרשאה לפרק את השבט הזה.",
  "Notification.Generic.ClanFull": "השבט כבר במספר המרבי של חברים.",
  "Notification.Generic.NoClan": "אתם לא חברים בשבט.",
  "Notification.Generic.InvalidClan": "השבט <color=#aaff55>[{0}]</color> לא קיים!",
  "Notification.Generic.NoPermissions": "אין לכם הרשאה מספקת לשימוש בפקודה זו.",
  "Notification.Generic.SpecifyClanTag": "אנא ציינו תג שבט.",
  "Notification.Generic.UnableToFindPlayer": "לא ניתן למצוא שחקן עם השם או המזהה {0}.",
  "Notification.Generic.CommandSelf": "לא ניתן להשתמש בפקודה זו על עצמכם.",
  "Chat.IsMuted": "אתם כרגע מושתקים.",
  "Chat.Alliance.Prefix": "<color=#a1ff46>[צ'אט ברית]</color>: {0}",
  "Chat.Clan.Prefix": "<color=#a1ff46>[צ'אט שבט]</color>: {0}",
  "Chat.Alliance.Format": "[{0}] <color={1}>{2}</color>: {3}",
  "Admin.BroadcastToClan": "<color=#ff3333>[מנהל]</color>: {0}",
  "Admin.Rename": "מנהל שינה את תג השבט שלכם ל-<color=#aaff55>[{0}]</color>.",
  "Admin.Disband": "מנהל פירק את השבט שלכם.",
  "Admin.Invite": "מנהל הזמין את {0} להצטרף לשבט שלכם.",
  "Admin.Join": "מנהל כפה עליכם להצטרף ל-<color=#aaff55>[{0}]</color>.",
  "Admin.Kick": "מנהל הרחיק אתכם מ-<color=#aaff55>[{0}]</color>.",
  "Admin.SetOwner": "מנהל קבע את {0} כמנהיג השבט.",
  "Admin.Promote": "מנהל קידם את {0} לדרגת {1}.",
  "Admin.Demote": "מנהל הוריד את {0} לדרגת {1}."
}
