{
  "PMTo": "[#00FFFF]הודעה פרטית אל {0}[/#]: {1}",
  "PMFrom": "[#00FFFF]הודעה פרטית מ-{0}[/#]: {1}",
  "PlayerNotOnline": "{0} אינו מחובר.",
  "NotOnlineAnymore": "השחקן האחרון שדיברת איתו כבר לא מחובר.",
  "NotMessaged": "לא שלחת או קיבלת הודעות מאף אחד.",
  "IgnoreYou": "[#FF0000]{0} מתעלם ממך ולא יקבל את ההודעות הפרטיות שלך[/#]",
  "SelfPM": "לא ניתן לשלוח הודעות לעצמך.",
  "SyntaxR": "שימוש לא נכון. נסה: /r <הודעה>",
  "HistorySyntax": "שימוש לא נכון. נסה: /pmhistory <שם>",
  "SyntaxPM": "שימוש לא נכון. נסה: /{0} <שם> <הודעה>",
  "NotAllowedToChat": "אין לך הרשאה לשוחח כאן.",
  "History": "היסטוריית הודעות פרטיות:\n{0}",
  "CooldownMessage": "תוכל לשלוח הודעה פרטית בעוד {0} שניות.",
  "NoHistory": "אין היסטוריית הודעות פרטיות עם השחקן הזה.",
  "CannotFindUser": "לא ניתן למצוא את המשתמש הזה.",
  "CommandDisabled": "הפקודה הזו מושבתת.",
  "IsMuted": "החשבון שלך מושתק ואינך יכול לשלוח הודעות פרטיות.",
  "TargetMuted": "החשבון של המשתמש הזה מושתק ולא יכול לקבל הודעות פרטיות.",
  "NoPermission": "אין לך הרשאה להשתמש בפקודה הזו.",
  "HistoryPM": "[#00FFFF]{0}[/#]: {1}",
  "Logging": "[PM]{0}->{1}:{2}"
}
