{
  "CommandUsageExtLoad": "שימוש: oxide.ext.load <extname>+",
  "CommandUsageExtUnload": "שימוש: oxide.ext.unload <extname>+",
  "CommandUsageExtReload": "שימוש: oxide.ext.reload <extname>+",
  "CommandUsageGrant": "שימוש: oxide.grant <group|user> <name|id> <permission>",
  "CommandUsageGroup": "שימוש: oxide.group <add|set> <name> [title] [rank]",
  "CommandUsageGroupParent": "שימוש: oxide.group <parent> <name> <parentName>",
  "CommandUsageGroupRemove": "שימוש: oxide.group <remove> <name>",
  "CommandUsageLang": "שימוש: oxide.lang <קוד שפה של שתי אותיות>",
  "CommandUsageLoad": "שימוש: oxide.load *|<pluginname>+",
  "CommandUsageReload": "שימוש: oxide.reload *|<pluginname>+",
  "CommandUsageRevoke": "שימוש: oxide.revoke <group|user> <name|id> <permission>",
  "CommandUsageShow": "שימוש: oxide.show <groups|perms>",
  "CommandUsageShowName": "שימוש: oxide.show <group|user> <name>",
  "CommandUsageUnload": "שימוש: oxide.unload *|<pluginname>+",
  "CommandUsageUserGroup": "שימוש: oxide.usergroup <add|remove> <username> <groupname>",
  "ConnectionRejected": "החיבור נדחה",
  "DataSaved": "נתוני Oxide נשמרו...",
  "GroupAlreadyExists": "הקבוצה '{0}' כבר קיימת",
  "GroupAlreadyHasPermission": "לקבוצה '{0}' כבר יש הרשאה '{1}'",
  "GroupDoesNotHavePermission": "לקבוצה '{0}' אין הרשאה '{1}'",
  "GroupChanged": "הקבוצה '{0}' עודכנה",
  "GroupCreated": "הקבוצה '{0}' נוצרה",
  "GroupDeleted": "הקבוצה '{0}' נמחקה",
  "GroupNotFound": "הקבוצה '{0}' לא נמצאה",
  "GroupParentChanged": "קבוצת האב של '{0}' שונתה ל-'{1}'",
  "GroupParentNotChanged": "קבוצת האב של '{0}' לא שונתה",
  "GroupParentNotFound": "קבוצת האב '{0}' לא נמצאה",
  "GroupPermissionGranted": "לקבוצה '{0}' ניתנה הרשאה '{1}'",
  "GroupPermissionRevoked": "לקבוצה '{0}' הוסרה ההרשאה '{1}'",
  "GroupPermissions": "הרשאות לקבוצה '{0}'",
  "GroupPlayers": "שחקני הקבוצה '{0}'",
  "Groups": "קבוצות",
  "InvalidLanguageName": "שם שפה לא תקין: '{0}'",
  "NoGroupPermissions": "לא ניתנו הרשאות לקבוצה זו",
  "NoPermissionGroups": "אין קבוצות עם הרשאה זו",
  "NoPermissionPlayers": "אין שחקנים עם הרשאה זו",
  "NoPluginsFound": "לא נמצאו פלאגינים זמינים",
  "NoPlayerGroups": "המשתמש לא שייך לשום קבוצה",
  "NoPlayerPermissions": "לא ניתנו הרשאות לשחקן זה",
  "NoPlayersInGroup": "אין שחקנים בקבוצה הזו",
  "NotAllowed": "אין לך הרשאה להשתמש בפקודה '{0}'",
  "ParentGroupPermissions": "הרשאות קבוצת האב '{0}'",
  "PermissionGroups": "קבוצות עם ההרשאה '{0}'",
  "PermissionPlayers": "שחקנים עם ההרשאה '{0}'",
  "PermissionNotFound": "ההרשאה '{0}' לא נמצאה",
  "Permissions": "הרשאות",
  "PermissionsNotLoaded": "לא ניתן לטעון את קבצי ההרשאות! ההרשאות לא יעבדו עד לפתרון.\n => {0}",
  "PlayerLanguage": "שפת השחקן הוגדרה ל-{0}",
  "PluginNotLoaded": "הפלאגין '{0}' לא נטען.",
  "PluginReloaded": "הפלאגין {0} גרסה {1} נטען מחדש על ידי {2}",
  "PluginUnloaded": "הפלאגין {0} גרסה {1} הוסר על ידי {2}",
  "ServerLanguage": "שפת השרת הוגדרה ל-{0}",
  "Unknown": "לא ידוע",
  "UnknownCommand": "פקודה לא מוכרת: {0}",
  "PlayerAddedToGroup": "השחקן '{0}' התווסף לקבוצה '{1}'",
  "PlayerAlreadyHasPermission": "לשחקן '{0}' כבר יש הרשאה '{1}'",
  "PlayerDoesNotHavePermission": "לשחקן '{0}' אין הרשאה '{1}'",
  "PlayerNotFound": "השחקן '{0}' לא נמצא",
  "PlayerGroups": "קבוצות של השחקן '{0}'",
  "PlayerPermissions": "הרשאות של השחקן '{0}'",
  "PlayerPermissionGranted": "לשחקן '{0}' ניתנה הרשאה '{1}'",
  "PlayerPermissionRevoked": "לשחקן '{0}' הוסרה ההרשאה '{1}'",
  "PlayerRemovedFromGroup": "השחקן '{0}' הוסר מהקבוצה '{1}'",
  "PlayersFound": "נמצאו מספר שחקנים, אנא פרט: {0}",
  "Version": "השרת פועל על [#ffb658]Oxide {0}[/#] ו-[#ee715c]{1} {2} ({3})[/#]",
  "YouAreNotAdmin": "אתה לא מנהל"
}