{
    "WebErrorOccurred": "נכשל בהורדת התמונה! שגיאה {0}.",
    "FileTooLarge": "הקובץ גדול מהגודל המרבי המותר: {0}Mb.",
    "ErrorOccurred": "אירעה שגיאה לא ידועה. אם היא ממשיכה להתרחש, נא לפנות למנהל השרת.",
    "RestoreErrorOccurred": "לא ניתן לשחזר את השלט כי לא משויכת אליו טקסטורה.",
    "DownloadQueued": "התמונה נוספה לתור ההורדות!",
    "RestoreQueued": "השלט שלך נוסף לתור השחזור!",
    "RestoreBatchQueued": "נוספו כל {0} השלטים לתור השחזור!",
    "ImageLoaded": "התמונה נטענה בהצלחה לשלט!",
    "ImageRestored": "התמונה שוחזרה בהצלחה לשלט!",
    "LogEntry": "שחקן `{0}` (SteamId: {1}) טען את {2} אל {3} מתוך {4}",
    "NoSignFound": "לא נמצא שלט! ודא שאתה מסתכל עליו ושאתה לא רחוק מדי.",
    "Cooldown": "לא ניתן להשתמש בפקודה עדיין! זמן המתנה נותר: {0}.",
    "SignNotOwned": "לא ניתן לשנות את השלט הזה כי הוא מוגן על ידי ארון כלים.",
    "NoItemHeld": "אתה לא מחזיק פריט.",
    "ActionQueuedAlready": "כבר קיימת פעולה ממתינה לשלט הזה. נא להמתין לסיום.",
    "SyntaxSilCommand": "שגיאת תחביר!\nשימוש: /sil <url> [raw]",
    "SyntaxSilCommandMulti": "שגיאת תחביר!\nשימוש: /sil <1-{0}> <url> [raw]",
    "SyntaxSiltCommand": "שגיאת תחביר!\nשימוש: /silt <message> [<fontsize:number>] [<color:hex>] [<bgcolor:hex>] [raw]",
    "SyntaxSiltCommandMulti": "שגיאת תחביר!\nשימוש: /silt <1-{0}> <message> [<fontsize:number>] [<color:hex>] [<bgcolor:hex>] [raw]",
    "SyntaxSiliCommandMulti": "שגיאת תחביר!\nשימוש: /sili <1-{0}>",
    "NoPermission": "אין לך הרשאה להשתמש בפקודה זו.",
    "NoPermissionFile": "אין לך הרשאה להשתמש בתמונות ממערכת הקבצים של השרת.",
    "NoPermissionRaw": "אין לך הרשאה להשתמש בתמונות גולמיות. נטען באופן רגיל במקום.",
    "NoPermissionRestoreAll": "אין לך הרשאה לשחזר את כל השלטים בבת אחת.",
    "day": "יום",
    "days": "ימים",
    "hour": "שעה",
    "hours": "שעות",
    "minute": "דקה",
    "minutes": "דקות",
    "second": "שנייה",
    "seconds": "שניות",
    "and": "ו"
}