{
    "NoPermToUse": "אין לך הרשאה לעשות זאת",
    "NoILError": "התוסף לא פועל כראוי. פנה למנהל המערכת!",
    "UI.Plugin.Title": "לוח תוצאות",
    "UI.Leaderboard.Awards.Title": "הפרסים המובילים",
    "UI.Leaderboard.Awards.Place": "מקום {0}.",
    "UI.Search.Players.Title": "חיפוש שחקן לפי שם או SteamID",
    "UI.Search.Input.Placeholder": "הקלד שם או SteamID",
    "UI.Players.List.Title": "רשימת השחקנים בשרת",
    "UI.Players.NoPlayers": "אין שחקנים זמינים :(",
    "UI.HitRate.Title": "אחוזי פגיעות",
    "UI.HitRate.Description": "כאן תוכל לראות את כמות הפגיעות לפי חלקי גוף",
    "UI.Building.Title": "בנייה",
    "UI.Building.Description": "כאן תוכל לראות סטטיסטיקות בנייה",
    "UI.Stat.Value.Total": "סה\"כ: {0}",
    "UI.Stat.Value.Today": "היום: {0}",
    "UI.Stat.Value.KD": "הריגות: {0} / מיתות: {1}",
    "UI.Stat.Value.None": "אין",
    "UI.Stat.Value.Unknown": "לא ידוע",
    "UI.Time.Years": "{0}y",
    "UI.Time.Months": "{0}m",
    "UI.Time.Days": "{0}d",
    "UI.Time.Hours": "{0}h",
    "UI.Time.Minutes": "{0}m",
    "UI.Time.Seconds": "{0}s",
    "MSG.Profile.Already.Loading": "פרופיל זה כבר נטען. אנא המתן.",
    "MSG.Profile.Wait.Before.Another": "חכה רגע לפני פתיחת פרופיל חדש.",
    "UI.Leaderboard.Loading": "טוען...",
    "Msg.Player.NotFound": "סטטיסטיקות שחקן לא נמצאו",
    "Msg.Invalid.SteamID": "פורמט SteamID לא חוקי",
    "Msg.Hide.Self.Hidden": "כעת אתה מוסתר בלוח התוצאות",
    "Msg.Hide.Self.Visible": "כעת אתה גלוי בלוח התוצאות",
    "UI.Category.MY STATISTICS": "הסטטיסטיקות שלי",
    "UI.Category.TOP 10 PLAYERS": "10 השחקנים המובילים",
    "UI.Category.SEARCH": "חיפוש",
    "UI.Awards.TOP scorers": "הטובים ביותר בנקודות",
    "UI.Awards.Place.Frontiersman Pack": "חבילת הגשש",
    "UI.Awards.Place.Lumberjack Pack": "חבילת חוטב עצים",
    "UI.Awards.Place.Artic Pack": "חבילת הקוטב",
    "UI.Awards.Place.Abyss Pack": "חבילת התהום",
    "UI.Awards.Place.Retro Tool Cupboard": "שידת כלים רטרו",
    "UI.Awards.TOP killers": "הטובים ביותר בהריגות",
    "UI.Awards.TOP time played": "הטובים ביותר בזמן משחק",
    "UI.Tabs.GENERAL": "כללי",
    "UI.Field.Profile": "פרופיל",
    "UI.Field.name": "שם",
    "UI.Field.K/D": "ק/מ",
    "UI.Field.kd": "קמ",
    "UI.Field.Time": "זמן",
    "UI.Field.current_playtime": "זמן משחק נוכחי",
    "UI.Field.Longest Kill Distance": "המרחק הארוך ביותר להריגה",
    "UI.Field.longest_kill_distance": "המרחק הארוך ביותר להריגה",
    "UI.Field.Total Resources Gathered": "סך כל המשאבים שנאספו",
    "UI.Field.total_resources": "סך כל המשאבים",
    "UI.Field.Favorite Resource": "המשאב האהוב",
    "UI.Field.favorite_resource": "המשאב האהוב",
    "UI.Field.Total Items Crafted": "סך כל הפריטים שנוצרו",
    "UI.Field.total_items_crafted": "סך כל הפריטים שנוצרו",
    "UI.Field.Structures Built": "מבנים שנבנו",
    "UI.Field.structures_built": "מבנים שנבנו",
    "UI.Field.Upgrades Performed": "שדרוגים שבוצעו",
    "UI.Field.upgrades_performed": "שדרוגים שבוצעו",
    "UI.Field.Favorite Building Material": "חומר בנייה מועדף",
    "UI.Field.favorite_building_material": "חומר בנייה מועדף",
    "UI.Field.Events Won": "אירועים שניצחת",
    "UI.Field.events_won": "אירועים שניצחת",
    "UI.Field.Favorite Event": "אירוע מועדף",
    "UI.Field.favorite_event": "אירוע מועדף",
    "UI.Column.EVENTS": "אירועים",
    "UI.Field.Convoy": "שיירה",
    "UI.Field.Sputnik": "ספוטניק",
    "UI.Field.Caravan": "קרוואן",
    "UI.Field.GasStation": "תחנת דלק",
    "UI.Field.GasStationEvent": "אירוע תחנת דלק",
    "UI.Field.Air": "אוויר",
    "UI.Field.AirEvent": "אירוע אוויר",
    "UI.Field.SatDish": "צלחת לוויין",
    "UI.Field.SatDishEvent": "אירוע צלחת לוויין",
    "UI.Field.Triangulation": "טריאנגולציה",
    "UI.Field.Water": "מים",
    "UI.Field.WaterEvent": "אירוע מים",
    "UI.Field.Harbor": "נמל",
    "UI.Field.HarborEvent": "אירוע נמל",
    "UI.Field.ArcticBase": "בסיס ארקטי",
    "UI.Field.ArcticBaseEvent": "אירוע בסיס ארקטי",
    "UI.Field.Junkyard": "חצר גרוטאות",
    "UI.Field.JunkyardEvent": "אירוע חצר גרוטאות",
    "UI.Field.Supermarket": "סופרמרקט",
    "UI.Field.SupermarketEvent": "אירוע סופרמרקט",
    "UI.Field.PowerPlant": "תחנת כוח",
    "UI.Field.PowerPlantEvent": "אירוע תחנת כוח",
    "UI.Field.Paintball Team": "נבחרת פיינטבול",
    "UI.Field.PaintballTeam": "נבחרת פיינטבול",
    "UI.Field.Paintball FFA": "פיינטבול כולם נגד כולם",
    "UI.Field.PaintballFFA": "פיינטבול FFA",
    "UI.Field.Survival Arena": "זירת הישרדות",
    "UI.Field.SurvivalArena": "זירת הישרדות",
    "UI.Field.Gun Game": "משחק נשק",
    "UI.Field.GunGame": "משחק נשק",
    "UI.Field.Zombie Infection": "זיהום זומבים",
    "UI.Field.ZombieInfection": "זיהום זומבים",
    "UI.Field.Tugboat Pirates": "שודדי ספינת גרר",
    "UI.Field.TugboatPirates": "שודדי ספינת גרר",
    "UI.Tabs.RESOURCES": "משאבים",
    "UI.Column.RESOURCES": "משאבים",
    "UI.Field.Stone": "אבן",
    "UI.Field.stones": "אבנים",
    "UI.Field.Wood": "עץ",
    "UI.Field.wood": "עצים",
    "UI.Field.Sulfur Ore": "עפרת גופרית",
    "UI.Field.sulfur.ore": "עפרת גופרית",
    "UI.Field.Metal Ore": "עפרת מתכת",
    "UI.Field.metal.ore": "עפרת מתכת",
    "UI.Field.High Quality Metal Ore": "עפרת מתכת איכותית",
    "UI.Field.hq.metal.ore": "עפרת מתכת איכותית",
    "UI.Field.Leather": "עור",
    "UI.Field.leather": "עור",
    "UI.Field.Bone Fragments": "שברי עצם",
    "UI.Field.bone.fragments": "שברי עצם",
    "UI.Field.Animal Fat": "שומן בעלי חיים",
    "UI.Field.fat.animal": "שומן בעלי חיים",
    "UI.Field.Scrap": "גרוטאות",
    "UI.Field.scrap": "גרוטאות",
    "UI.Column.FARMING": "חקלאות",
    "UI.Field.Hemp": "קנבוס",
    "UI.Field.hemp-collectable": "קנבוס - אספנות",
    "UI.Field.Blue Berry": "אוכמניות",
    "UI.Field.blue.berry": "אוכמניות",
    "UI.Field.Red Berry": "תות יער",
    "UI.Field.red.berry": "תות יער",
    "UI.Field.Yellow Berry": "תות צהוב",
    "UI.Field.yellow.berry": "תות צהוב",
    "UI.Field.Black Berry": "פטל שחור",
    "UI.Field.black.berry": "פטל שחור",
    "UI.Field.Green Berry": "תות ירוק",
    "UI.Field.green.berry": "תות ירוק",
    "UI.Field.White Berry": "תות לבן",
    "UI.Field.white.berry": "תות לבן",
    "UI.Field.Potato": "תפוח אדמה",
    "UI.Field.potato": "תפוח אדמה",
    "UI.Field.Cloth": "בד",
    "UI.Field.cloth": "בד",
    "UI.Field.Mushroom": "פטריה",
    "UI.Field.mushroom": "פטריות",
    "UI.Field.Corn": "תירס",
    "UI.Field.corn": "תירס",
    "UI.Field.Pumpkin": "דלעת",
    "UI.Field.pumpkin": "דלעת",
    "UI.Field.Orchid": "סחלב",
    "UI.Field.orchid": "סחלב",
    "UI.Field.Rose": "ורד",
    "UI.Field.rose": "ורד",
    "UI.Field.Sunflower": "חמניה",
    "UI.Field.sunflower": "חמניה",
    "UI.Field.Wheat": "חיטה",
    "UI.Field.wheat": "חיטה",
    "UI.Column.MISC": "שונות",
    "UI.Field.Bears": "דובים",
    "UI.Field.bear": "דוב",
    "UI.Field.Polar Bears": "דובי קוטב",
    "UI.Field.polarbear": "דוב קוטב",
    "UI.Field.Boars": "חזירי בר",
    "UI.Field.boar": "חזיר בר",
    "UI.Field.Chicken": "תרנגולת",
    "UI.Field.chicken": "תרנגולת",
    "UI.Field.Stag": "אייל",
    "UI.Field.stag": "אייל",
    "UI.Field.Wolf": "זאב",
    "UI.Field.wolf2": "זאב",
    "UI.Field.Panther": "פנתר",
    "UI.Field.panther": "פנתר",
    "UI.Field.Crocodile": "תנין",
    "UI.Field.crocodile": "תנין",
    "UI.Field.Snake": "נחש",
    "UI.Field.snake.entity": "נחש",
    "UI.Field.Tiger": "טיגריס",
    "UI.Field.tiger": "טיגריס",
    "UI.Field.Shark": "כריש",
    "UI.Field.simpleshark": "כריש",
    "UI.Field.Bradley": "בראדלי",
    "UI.Field.bradleyapc": "בראדלי",
    "UI.Field.Helicopter": "מסוק",
    "UI.Field.helicopter": "מסוק",
    "UI.Field.Scientist": "מדען",
    "UI.Field.npc_underwaterdweller|scientistnpc_arena|scientistnpc_bradley|scientistnpc_bradley_heavy|scientistnpc_cargo|scientistnpc_cargo_turret_any|scientistnpc_cargo_turret_lr300|scientistnpc_ch47_gunner|scientistnpc_excavator|scientistnpc_full_any|scientistnpc_full_lr300|scientistnpc_full_mp5|scientistnpc_full_pistol|scientistnpc_full_shotgun|scientistnpc_junkpile_pistol|scientistnpc_oilrig|scientistnpc_patrol|scientistnpc_patrol_arctic|scientistnpc_peacekeeper|scientistnpc_roam|scientistnpc_roam_nvg_variant|scientistnpc_roamtethered": "npc_underwaterdweller|scientistnpc_arena|scientistnpc_bradley|scientistnpc_bradley_heavy|scientistnpc_cargo|scientistnpc_cargo_turret_any|scientistnpc_cargo_turret_lr300|scientistnpc_ch47_gunner|scientistnpc_excavator|scientistnpc_full_any|scientistnpc_full_lr300|scientistnpc_full_mp5|scientistnpc_full_pistol|scientistnpc_full_shotgun|scientistnpc_junkpile_pistol|scientistnpc_oilrig|scientistnpc_patrol|scientistnpc_patrol_arctic|scientistnpc_peacekeeper|scientistnpc_roam|scientistnpc_roam_nvg_variant|scientistnpc_roamtethered",
    "UI.Field.Heavy Scientist": "מדען כבד",
    "UI.Field.scientistnpc_heavy": "מדען כבד",
    "UI.Field.Tunnel Dweller": "שוכן מנהרה",
    "UI.Field.npc_tunneldweller|npc_tunneldwellerspawned": "שוכן מנהרה",
    "UI.Field.Underwater Lab Dweller": "שוכן מעבדה תת-ימית",
    "UI.Field.npc_underwaterdweller": "שוכן תת-ימי",
    "UI.Column.RAID": "פשיטה",
    "UI.Field.Satchel": "תרמיל נפץ",
    "UI.Field.explosive.satchel": "תרמיל נפץ",
    "UI.Field.Molotov": "מולוטוב",
    "UI.Field.grenade.molotov": "רימון מולוטוב",
    "UI.Field.Flashbang": "רימון הלם",
    "UI.Field.grenade.flashbang": "רימון הלם",
    "UI.Field.Survey Charge": "Charge סיקור",
    "UI.Field.surveycharge": "Charge סיקור",
    "UI.Field.Grenade": "רימון",
    "UI.Field.grenade.f1": "רימון F1",
    "UI.Field.Beancan": "פחית שעועית",
    "UI.Field.grenade.beancan": "פחית שעועית",
    "UI.Field.Rocket": "טיל",
    "UI.Field.ammo.rocket.basic": "תחמושת טיל",
    "UI.Field.Incendiary Rocket": "טיל תבערה",
    "UI.Field.ammo.rocket.fire": "תחמושת תבערה",
    "UI.Field.Rocket HV": "טיל מהיר",
    "UI.Field.ammo.rocket.hv": "תחמושת טיל מהירה",
    "UI.Field.Explosive 5.56 Rifle Ammo": "תחמושת 5.56 פיצוצית",
    "UI.Field.ammo.rifle.explosive": "תחמושת פיצוצית",
    "UI.Field.GL HE": "רימון HE למטול",
    "UI.Field.ammo.grenadelauncher.he": "רימון HE למטול",
    "UI.Field.C4": "C4",
    "UI.Field.explosive.timed": "מטען חבלה",
    "UI.Field.MLRS Rocket": "טיל MLRS",
    "UI.Field.ammo.rocket.mlrs": "תחמושת MLRS",
    "UI.Column.RECYCLED": "ממוחזר",
    "UI.Field.Propane Tanks": "מכלי פרופן",
    "UI.Field.propanetank": "מכל פרופן",
    "UI.Field.Gears": "גלגלי שיניים",
    "UI.Field.gears": "גלגלי שיניים",
    "UI.Field.Metal Pipe": "צינור מתכת",
    "UI.Field.metalpipe": "צינור מתכת",
    "UI.Field.Rifle Body": "גוף רובה",
    "UI.Field.riflebody": "גוף רובה",
    "UI.Field.Semi Body": "גוף חצי-אוטומטי",
    "UI.Field.semibody": "גוף חצי-אוטומטי",
    "UI.Field.Metal Springs": "קפיצי מתכת",
    "UI.Field.metalspring": "קפיץ מתכת",
    "UI.Field.Road Signs": "שלטי דרך",
    "UI.Field.roadsigns": "שלטי דרך",
    "UI.Field.Sewing Kits": "ערכות תפירה",
    "UI.Field.sewingkit": "ערכת תפירה",
    "UI.Field.Tarp": "ברזנט",
    "UI.Field.tarp": "ברזנט",
    "UI.Field.Rope": "חבל",
    "UI.Field.rope": "חבל",
    "UI.Field.Sheet Metal": "פח מתכת",
    "UI.Field.sheetmetal": "פח מתכת",
    "UI.Field.Fuse": "נתיך",
    "UI.Field.fuse": "נתיך",
    "UI.Field.Metal Blade": "להב מתכת",
    "UI.Field.metalblade": "להב מתכת",
    "UI.Field.SMG Body": "גוף תת-מקלע",
    "UI.Field.smgbody": "גוף תת-מקלע",
    "UI.Field.Tech Parts": "חלקים טכניים",
    "UI.Field.techparts": "חלקים טכניים",
    "UI.Field.Targeting Computer": "מחשב כיוון",
    "UI.Field.targeting.computer": "מחשב כיוון",
    "UI.Field.CCTV Camera": "מצלמת אבטחה",
    "UI.Field.cctv.camera": "מצלמת אבטחה",
    "UI.Column.FIRED": "נורה",
    "UI.Field.Pistol": "אקדח",
    "UI.Field.ammo.pistol": "תחמושת אקדח",
    "UI.Field.Pistol Incendiary": "אקדח תבערה",
    "UI.Field.ammo.pistol.fire": "תחמושת תבערה",
    "UI.Field.Pistol HV": "אקדח מהיר",
    "UI.Field.ammo.pistol.hv": "תחמושת מהירה",
    "UI.Field.Nailguns": "אקדחי מסמרים",
    "UI.Field.ammo.nailgun.nails": "מסמרים לאקדח מסמרים",
    "UI.Field.Rifle": "רובה",
    "UI.Field.ammo.rifle": "תחמושת רובה",
    "UI.Field.Rifle HV": "רובה מהיר",
    "UI.Field.ammo.rifle.hv": "תחמושת מהירה",
    "UI.Field.Rifle Incendiary": "רובה תבערה",
    "UI.Field.ammo.rifle.incendiary": "תחמושת תבערה",
    "UI.Field.HandMades": "תוצרת בית",
    "UI.Field.ammo.handmade.shell": "קליע תוצרת בית",
    "UI.Field.GL Buckshot": "בוקשוט למטול",
    "UI.Field.ammo.grenadelauncher.buckshot": "תחמושת בוקשוט למטול",
    "UI.Field.Shotgun Slug": "קליע רובה ציד",
    "UI.Field.ammo.shotgun.slug": "קליע רובה ציד",
    "UI.Field.Shotgun Fire": "רובה ציד תבערה",
    "UI.Field.ammo.shotgun.fire": "תחמושת תבערה",
    "UI.Field.Shotgun": "רובה ציד",
    "UI.Field.ammo.shotgun": "תחמושת רובה ציד",
    "UI.Field.SnowBall": "כדור שלג",
    "UI.Field.snowball": "כדור שלג",
    "UI.Field.Wooden Arrow": "חץ עץ",
    "UI.Field.arrow.wooden": "חץ עץ",
    "UI.Field.Fire Arrow": "חץ תבערה",
    "UI.Field.arrow.fire": "חץ תבערה",
    "UI.Field.Bone Arrow": "חץ עצם",
    "UI.Field.arrow.bone": "חץ עצם",
    "UI.Field.High Velocity Arrow": "חץ מהירות גבוהה",
    "UI.Field.arrow.hv": "חץ מהירות גבוהה",
    "UI.Column.FISHING": "דיג",
    "UI.Field.Anchovy": "אנשובי",
    "UI.Field.fish.anchovy": "דג אנשובי",
    "UI.Field.Catfish": "שפמנון",
    "UI.Field.fish.catfish": "דג שפמנון",
    "UI.Field.Herring": "הרינג",
    "UI.Field.fish.herring": "דג הרינג",
    "UI.Field.Orange Roughy": "אורנג' ראפי",
    "UI.Field.fish.orangeroughy": "דג אורנג' ראפי",
    "UI.Field.Salmon": "סלמון",
    "UI.Field.fish.salmon": "דג סלמון",
    "UI.Field.Sardine": "סרדין",
    "UI.Field.fish.sardine": "דג סרדין",
    "UI.Field.Small Shark": "כריש קטן",
    "UI.Field.fish.smallshark": "כריש קטן",
    "UI.Field.Small Trout": "טרוטה קטנה",
    "UI.Field.fish.troutsmall": "טרוטה קטנה",
    "UI.Field.Yellow Perch": "פרקה צהובה",
    "UI.Field.fish.yellowperch": "דג פרקה צהובה",
    "UI.Field.Minnows": "דגיגים",
    "UI.Field.fish.minnows": "דגיגים",
    "UI.Column.CRAFTED": "נוצר",
    "UI.Field.Garage Door": "דלת מוסך",
    "UI.Field.wall.frame.garagedoor": "דלת מוסך",
    "UI.Field.Sheet Metal Double Door": "דלת כפולה ממתכת",
    "UI.Field.door.double.hinged.metal": "דלת כפולה ממתכת",
    "UI.Field.Armored Double Door": "דלת כפולה ממוגנת",
    "UI.Field.door.double.hinged.toptier": "דלת כפולה ממוגנת",
    "UI.Field.Wood Double Door": "דלת כפולה מעץ",
    "UI.Field.door.double.hinged.wood": "דלת כפולה מעץ",
    "UI.Field.Sheet Metal Door": "דלת מתכת",
    "UI.Field.door.hinged.metal": "דלת מתכת",
    "UI.Field.Armored Door": "דלת ממוגנת",
    "UI.Field.door.hinged.toptier": "דלת ממוגנת",
    "UI.Field.Wood Door": "דלת עץ",
    "UI.Field.door.hinged.wood": "דלת עץ",
    "UI.Field.Large Wood Box": "תיבת עץ גדולה",
    "UI.Field.box.wooden.large": "תיבת עץ גדולה",
    "UI.Field.Wood Storage Box": "תיבת אחסון עץ",
    "UI.Field.box.wooden": "תיבת אחסון עץ",
    "UI.Field.Flame Turret": "צריח אש",
    "UI.Field.flameturret": "צריח אש",
    "UI.Field.Shotgun Trap": "מלכודת רובה ציד",
    "UI.Field.guntrap": "מלכודת רובה ציד",
    "UI.Field.Auto Turret": "צריח אוטומטי",
    "UI.Field.autoturret": "צריח אוטומטי",
    "UI.Field.Code Lock": "מנעול קוד",
    "UI.Field.lock.code": "מנעול קוד",
    "UI.Field.Key Lock": "מנעול מפתח",
    "UI.Field.lock.key": "מנעול מפתח",
    "UI.Field.Wooden Ladder": "סולם עץ",
    "UI.Field.ladder.wooden.wall": "סולם עץ",
    "UI.Field.Medical Syringe": "מזרק רפואי",
    "UI.Field.syringe.medical": "מזרק רפואי",
    "UI.Field.Bandage": "תחבושת",
    "UI.Field.bandage": "תחבושת",
    "UI.Field.Large Medkit": "ערכת עזרה ראשונה גדולה",
    "UI.Field.largemedkit": "ערכת עזרה ראשונה גדולה",
    "UI.Field.Rocket Launcher": "משגר רקטות",
    "UI.Field.rocket.launcher": "משגר רקטות",
    "UI.Field.HV Rocket": "רקטה מהירה",
    "UI.Field.Explosives": "חומרי נפץ",
    "UI.Field.explosives": "חומרי נפץ",
    "UI.Field.Gun Powder": "אבקת שריפה",
    "UI.Field.gunpowder": "אבקת שריפה",
    "UI.Field.Low Grade Fuel": "דלק באיכות נמוכה",
    "UI.Field.lowgradefuel": "דלק באיכות נמוכה",
    "UI.Column.LOOTED": "נבזז",
    "UI.Field.Normal Crate": "ארגז רגיל",
    "UI.Field.crate_normal_2": "ארגז רגיל",
    "UI.Field.Basic Crate": "ארגז בסיסי",
    "UI.Field.crate_basic": "ארגז בסיסי",
    "UI.Field.Elite Crate": "ארגז עילית",
    "UI.Field.crate_elite": "ארגז עילית",
    "UI.Field.Military Crate": "ארגז צבאי",
    "UI.Field.crate_normal": "ארגז צבאי",
    "UI.Field.Tools Crate": "ארגז כלים",
    "UI.Field.crate_tools": "ארגז כלים",
    "UI.Field.Supply Drop": "אספקה אווירית",
    "UI.Field.supply_drop": "אספקה אווירית",
    "UI.Field.Locked Crate": "ארגז נעול",
    "UI.Field.codelockedhackablecrate|codelockedhackablecrate_oilrig": "ארגז נעול",
    "UI.Tabs.BUILDING": "בנייה",
    "UI.Tabs.HITRATE": "אחוזי פגיעות",
    "UI.Field.Head kills": "הריגות ראש",
    "UI.Field.HEAD": "ראש",
    "UI.Leaderboard.Column.Nickname": "כינוי",
    "UI.Leaderboard.Column.Kills": "הריגות",
    "UI.Leaderboard.Column.Deaths": "מיתות",
    "UI.Leaderboard.Column.KDR": "יחס ק/מ",
    "UI.Leaderboard.Column.NPC Kills": "הרג NPC",
    "UI.Leaderboard.Column.Total online": "סה\"כ אונליין",
    "UI.Leaderboard.Column.Scores": "נקודות",
    "UI.BodyParts.HEAD": "ראש",
    "UI.BodyParts.ARM": "זרוע",
    "UI.BodyParts.CHEST": "חזה",
    "UI.BodyParts.HIP": "מותן",
    "UI.BodyParts.BODY": "גוף",
    "UI.BodyParts.NECK": "צוואר",
    "UI.Building.wall.frame_twigs": "קיר.מסגרת - ענפים",
    "UI.Grade.twigs": "ענפים",
    "UI.Building.wall.frame_wood": "קיר.מסגרת - עץ",
    "UI.Grade.wood": "עץ",
    "UI.Building.wall.frame_stone": "קיר.מסגרת - אבן",
    "UI.Grade.stone": "אבן",
    "UI.Building.wall.frame_metal": "קיר.מסגרת - מתכת",
    "UI.Grade.metal": "מתכת",
    "UI.Building.wall.frame_toptier": "קיר.מסגרת - רמה עליונה",
    "UI.Grade.toptier": "רמה עליונה",
    "UI.Building.wall.frame_count": "קיר.מסגרת - כמות",
    "UI.Grade.count": "כמות",
    "UI.Building.wall.frame_none": "קיר.מסגרת - אין",
    "UI.Grade.none": "אין",
    "UI.Building.block.stair.ushape_twigs": "בלוק.מדרגות.צורת U - ענפים",
    "UI.Building.block.stair.ushape_wood": "בלוק.מדרגות.צורת U - עץ",
    "UI.Building.block.stair.ushape_stone": "בלוק.מדרגות.צורת U - אבן",
    "UI.Building.block.stair.ushape_metal": "בלוק.מדרגות.צורת U - מתכת",
    "UI.Building.block.stair.ushape_toptier": "בלוק.מדרגות.צורת U - רמה עליונה",
    "UI.Building.block.stair.ushape_count": "בלוק.מדרגות.צורת U - כמות",
    "UI.Building.block.stair.ushape_none": "בלוק.מדרגות.צורת U - אין",
    "UI.Building.roof_twigs": "גג - ענפים",
    "UI.Building.roof_wood": "גג - עץ",
    "UI.Building.roof_stone": "גג - אבן",
    "UI.Building.roof_metal": "גג - מתכת",
    "UI.Building.roof_toptier": "גג - רמה עליונה",
    "UI.Building.roof_count": "גג - כמות",
    "UI.Building.roof_none": "גג - אין",
    "UI.Building.wall.window_twigs": "קיר.חלון - ענפים",
    "UI.Building.wall.window_wood": "קיר.חלון - עץ",
    "UI.Building.wall.window_stone": "קיר.חלון - אבן",
    "UI.Building.wall.window_metal": "קיר.חלון - מתכת",
    "UI.Building.wall.window_toptier": "קיר.חלון - רמה עליונה",
    "UI.Building.wall.window_count": "קיר.חלון - כמות",
    "UI.Building.wall.window_none": "קיר.חלון - אין",
    "UI.Building.floor.triangle.frame_twigs": "רצפה.משולש.מסגרת - ענפים",
    "UI.Building.floor.triangle.frame_wood": "רצפה.משולש.מסגרת - עץ",
    "UI.Building.floor.triangle.frame_stone": "רצפה.משולש.מסגרת - אבן",
    "UI.Building.floor.triangle.frame_metal": "רצפה.משולש.מסגרת - מתכת",
    "UI.Building.floor.triangle.frame_toptier": "רצפה.משולש.מסגרת - רמה עליונה",
    "UI.Building.floor.triangle.frame_count": "רצפה.משולש.מסגרת - כמות",
    "UI.Building.floor.triangle.frame_none": "רצפה.משולש.מסגרת - אין",
    "UI.Building.wall.low_twigs": "קיר.נמוך - ענפים",
    "UI.Building.wall.low_wood": "קיר.נמוך - עץ",
    "UI.Building.wall.low_stone": "קיר.נמוך - אבן",
    "UI.Building.wall.low_metal": "קיר.נמוך - מתכת",
    "UI.Building.wall.low_toptier": "קיר.נמוך - רמה עליונה",
    "UI.Building.wall.low_count": "קיר.נמוך - כמות",
    "UI.Building.wall.low_none": "קיר.נמוך - אין",
    "UI.Building.wall.half_twigs": "קיר.חצי - ענפים",
    "UI.Building.wall.half_wood": "קיר.חצי - עץ",
    "UI.Building.wall.half_stone": "קיר.חצי - אבן",
    "UI.Building.wall.half_metal": "קיר.חצי - מתכת",
    "UI.Building.wall.half_toptier": "קיר.חצי - רמה עליונה",
    "UI.Building.wall.half_count": "קיר.חצי - כמות",
    "UI.Building.wall.half_none": "קיר.חצי - אין",
    "UI.Building.roof.triangle_twigs": "גג.משולש - ענפים",
    "UI.Building.roof.triangle_wood": "גג.משולש - עץ",
    "UI.Building.roof.triangle_stone": "גג.משולש - אבן",
    "UI.Building.roof.triangle_metal": "גג.משולש - מתכת",
    "UI.Building.roof.triangle_toptier": "גג.משולש - רמה עליונה",
    "UI.Building.roof.triangle_count": "גג.משולש - כמות",
    "UI.Building.roof.triangle_none": "גג.משולש - אין",
    "UI.Building.foundation.steps_twigs": "יסוד.מדרגות - ענפים",
    "UI.Building.foundation.steps_wood": "יסוד.מדרגות - עץ",
    "UI.Building.foundation.steps_stone": "יסוד.מדרגות - אבן",
    "UI.Building.foundation.steps_metal": "יסוד.מדרגות - מתכת",
    "UI.Building.foundation.steps_toptier": "יסוד.מדרגות - רמה עליונה",
    "UI.Building.foundation.steps_count": "יסוד.מדרגות - כמות",
    "UI.Building.foundation.steps_none": "יסוד.מדרגות - אין",
    "UI.Building.floor_twigs": "רצפה - ענפים",
    "UI.Building.floor_wood": "רצפה - עץ",
    "UI.Building.floor_stone": "רצפה - אבן",
    "UI.Building.floor_metal": "רצפה - מתכת",
    "UI.Building.floor_toptier": "רצפה - רמה עליונה",
    "UI.Building.floor_count": "רצפה - כמות",
    "UI.Building.floor_none": "רצפה - אין",
    "UI.Building.ramp_twigs": "רמפה - ענפים",
    "UI.Building.ramp_wood": "רמפה - עץ",
    "UI.Building.ramp_stone": "רמפה - אבן",
    "UI.Building.ramp_metal": "רמפה - מתכת",
    "UI.Building.ramp_toptier": "רמפה - רמה עליונה",
    "UI.Building.ramp_count": "רמפה - כמות",
    "UI.Building.ramp_none": "רמפה - אין",
    "UI.Building.wall_twigs": "קיר - ענפים",
    "UI.Building.wall_wood": "קיר - עץ",
    "UI.Building.wall_stone": "קיר - אבן",
    "UI.Building.wall_metal": "קיר - מתכת",
    "UI.Building.wall_toptier": "קיר - רמה עליונה",
    "UI.Building.wall_count": "קיר - כמות",
    "UI.Building.wall_none": "קיר - אין",
    "UI.Building.wall.doorway_twigs": "קיר.פתח דלת - ענפים",
    "UI.Building.wall.doorway_wood": "קיר.פתח דלת - עץ",
    "UI.Building.wall.doorway_stone": "קיר.פתח דלת - אבן",
    "UI.Building.wall.doorway_metal": "קיר.פתח דלת - מתכת",
    "UI.Building.wall.doorway_toptier": "קיר.פתח דלת - רמה עליונה",
    "UI.Building.wall.doorway_count": "קיר.פתח דלת - כמות",
    "UI.Building.wall.doorway_none": "קיר.פתח דלת - אין",
    "UI.Building.block.stair.lshape_twigs": "בלוק.מדרגות.צורת L - ענפים",
    "UI.Building.block.stair.lshape_wood": "בלוק.מדרגות.צורת L - עץ",
    "UI.Building.block.stair.lshape_stone": "בלוק.מדרגות.צורת L - אבן",
    "UI.Building.block.stair.lshape_metal": "בלוק.מדרגות.צורת L - מתכת",
    "UI.Building.block.stair.lshape_toptier": "בלוק.מדרגות.צורת L - רמה עליונה",
    "UI.Building.block.stair.lshape_count": "בלוק.מדרגות.צורת L - כמות",
    "UI.Building.block.stair.lshape_none": "בלוק.מדרגות.צורת L - אין",
    "UI.Building.foundation.triangle_twigs": "יסוד.משולש - ענפים",
    "UI.Building.foundation.triangle_wood": "יסוד.משולש - עץ",
    "UI.Building.foundation.triangle_stone": "יסוד.משולש - אבן",
    "UI.Building.foundation.triangle_metal": "יסוד.משולש - מתכת",
    "UI.Building.foundation.triangle_toptier": "יסוד.משולש - רמה עליונה",
    "UI.Building.foundation.triangle_count": "יסוד.משולש - כמות",
    "UI.Building.foundation.triangle_none": "יסוד.משולש - אין",
    "UI.Building.floor.triangle_twigs": "רצפה.משולש - ענפים",
    "UI.Building.floor.triangle_wood": "רצפה.משולש - עץ",
    "UI.Building.floor.triangle_stone": "רצפה.משולש - אבן",
    "UI.Building.floor.triangle_metal": "רצפה.משולש - מתכת",
    "UI.Building.floor.triangle_toptier": "רצפה.משולש - רמה עליונה",
    "UI.Building.floor.triangle_count": "רצפה.משולש - כמות",
    "UI.Building.floor.triangle_none": "רצפה.משולש - אין",
    "UI.Building.floor.frame_twigs": "רצפה.מסגרת - ענפים",
    "UI.Building.floor.frame_wood": "רצפה.מסגרת - עץ",
    "UI.Building.floor.frame_stone": "רצפה.מסגרת - אבן",
    "UI.Building.floor.frame_metal": "רצפה.מסגרת - מתכת",
    "UI.Building.floor.frame_toptier": "רצפה.מסגרת - רמה עליונה",
    "UI.Building.floor.frame_count": "רצפה.מסגרת - כמות",
    "UI.Building.floor.frame_none": "רצפה.מסגרת - אין",
    "UI.Building.foundation_twigs": "יסוד - ענפים",
    "UI.Building.foundation_wood": "יסוד - עץ",
    "UI.Building.foundation_stone": "יסוד - אבן",
    "UI.Building.foundation_metal": "יסוד - מתכת",
    "UI.Building.foundation_toptier": "יסוד - רמה עליונה",
    "UI.Building.foundation_count": "יסוד - כמות",
    "UI.Building.foundation_none": "יסוד - אין",
    "UI.Building.block.stair.spiral_twigs": "בלוק.מדרגות.ספירלה - ענפים",
    "UI.Building.block.stair.spiral_wood": "בלוק.מדרגות.ספירלה - עץ",
    "UI.Building.block.stair.spiral_stone": "בלוק.מדרגות.ספירלה - אבן",
    "UI.Building.block.stair.spiral_metal": "בלוק.מדרגות.ספירלה - מתכת",
    "UI.Building.block.stair.spiral_toptier": "בלוק.מדרגות.ספירלה - רמה עליונה",
    "UI.Building.block.stair.spiral_count": "בלוק.מדרגות.ספירלה - כמות",
    "UI.Building.block.stair.spiral_none": "בלוק.מדרגות.ספירלה - אין",
    "UI.Building.block.stair.spiral.triangle_twigs": "בלוק.מדרגות.ספירלה.משולש - ענפים",
    "UI.Building.block.stair.spiral.triangle_wood": "בלוק.מדרגות.ספירלה.משולש - עץ",
    "UI.Building.block.stair.spiral.triangle_stone": "בלוק.מדרגות.ספירלה.משולש - אבן",
    "UI.Building.block.stair.spiral.triangle_metal": "בלוק.מדרגות.ספירלה.משולש - מתכת",
    "UI.Building.block.stair.spiral.triangle_toptier": "בלוק.מדרגות.ספירלה.משולש - רמה עליונה",
    "UI.Building.block.stair.spiral.triangle_count": "בלוק.מדרגות.ספירלה.משולש - כמות",
    "UI.Building.block.stair.spiral.triangle_none": "בלוק.מדרגות.ספירלה.משולש - אין"
}