{
  "ConnectionError": "אירעה שגיאת חיבור. נסה שוב, או פנה למנהל אם הבעיה נמשכת.",
  "RemovedMsg": "הוסר ממך הקישור לקבוצת המאומתים כי הסרת את האימות מחשבונך.\nפנה למנהל אם לא ביצעת את ההסרה.",
  "RemovedNitroMsg": "הוסר ממך הקישור לקבוצת הניטרו כי הבוסט שלך הוסר.\nפנה למנהל אם יש בעיה.",
  "VerifyMsg": "היי, ודא שאתה מבצע אימות ב-{0} כדי לקבל תגמולים מגניבים.",
  "ThanksMsg": "אישרת וקישרת את החשבונות בהצלחה. תודה!",
  "SteamNotVerified": "אתה בקבוצת ה-Steam, אבל לא מאומת. אנא אמת באתר שלנו.",
  "ThanksNitroMsg": "ביצעת בוסט לשרת ה-Discord שלנו בהצלחה. תודה!",
  "RemovedSteamMsg": "הוסר ממך הקישור לקבוצת התגמולים ב-Steam לאחר שעזבת את הקבוצה.",
  "ThanksSteamMsg": "הצטרפת בהצלחה לקבוצת ה-Steam שלנו. תודה!",
  "NotClient": "הפקודה מיועדת להרצה דרך הלקוח, לא מהקונסולה.",
  "OnCooldown": "עליך להמתין לפני שתוכל להשתמש שוב בפקודה זו.",
  "NoUsers": "UniversalLink: התגובה שהתקבלה אינה מכילה משתמשים."
}