{
    "Store": "<color=#838383>[</color><color=#f7432a>BestRust Servers</color><color=#838383>]</color> Ons winkel is baie maklik om te gebruik, jy kan <color=#f5e942>VIP Ranks en Kits</color> koop vir <color=#f5e942>slegs 1€</color> en jy sal dit onmiddellik ontvang. \nJy kan betaal met <color=#ff7763>alle betaalmetodes</color>, selfs <color=#f5e942>Rust velle</color> en <color=#f5e942>crypto</color>. Gebruik <color=#f7432a>/kit</color> en kyk na die kits.\n\nVIP voordele sluit in <color=#ff7763>Kits</color>, <color=#ff7763>Skip Queue</color>, <color=#ff7763>Skinbox</color>, <color=#ff7763>Begin met meer gesondheid, water en kos</color> & <color=#ff7763>baie meer</color>, so maak seker jy loer in by ons winkel!\n\nDankie aan almal wat ons bedieners ondersteun en help om hulle aan die gang te hou!\n\n<color=#ff5c45>https://store.bestrustservers.com/</color>",
    "Splits": "<color=#838383>[</color><color=#f7432a>BestRust Servers</color><color=#838383>]</color> Get <color=#f5e942>Multiple Very OP kit rewards</color> for depositing on splits.gg with the <color=#f5e942>BESTRUST code</color>. </color>Check <color=#ff5c45>/kit</color> for the rewards and make sure you use the <color=#f5e942>BESTRUST code</color> when you deposit on splits.gg",
    "PlaytimeRewards": "<color=#838383>[</color><color=#f7432a>BestRust Servers</color><color=#838383>]</color> Jy kan <color=#7dda58>gratis kits</color> en <color=#e1c05f>belonings</color> verdien deur sekere tyd gespeel op BestRust-bedieners te bereik.\n\nJy kan jou tyd gespeel nagaan en meer inligting lees met die <color=#ff5c45>/playtime</color> bevel.",
    "Store2": "<color=#838383>[</color><color=#f7432a>BestRust Servers</color><color=#838383>]</color> Ons winkel is baie maklik om te gebruik, jy kan <color=#f5e942>VIP Ranks en Kits</color> koop vir <color=#f5e942>slegs 1€</color> en jy sal dit onmiddellik ontvang. \nJy kan betaal met <color=#ff7763>alle betaalmetodes</color>, selfs <color=#f5e942>Rust velle</color> en <color=#f5e942>crypto</color>. Gebruik <color=#f7432a>/kit</color> en kyk na die kits.\n\nVIP voordele sluit in <color=#ff7763>Kits</color>, <color=#ff7763>Skip Queue</color>, <color=#ff7763>Skinbox</color>, <color=#ff7763>Begin met meer gesondheid, water en kos</color> & <color=#ff7763>baie meer</color>, so maak seker jy loer in by ons winkel!\n\nDankie aan almal wat ons bedieners ondersteun en help om hulle aan die gang te hou!\n\n<color=#ff5c45>https://store.bestrustservers.com/</color>",
    "Splits2": "<color=#838383>[</color><color=#f7432a>BestRust Servers</color><color=#838383>]</color> Get <color=#f5e942>3 free high value rust skins and a free kit</color> by using the <color=#f5e942>BESTRUST code</color>on splits.gg",
    "Staff": "<color=#838383>[</color><color=#f7432a>BestRust Servers</color><color=#838383>]</color> Wil jy <color=#f5e942>gratis VIP, regte geld of velle verdien</color>?\nOns soek na nuwe personeel. Jy kan aansoek doen vir <color=#7dda58>Moderator</color>, <color=#da5a5a>Admin</color>, <color=#cc6ce7>Gemeenskapsbestuurder</color> of <color=#d49a17>Inhoud Skepper</color>.\n\nAs jy belangstel, besoek die #open-applications kanaal op ons discord: <color=#ff5c45>discord.gg/bestrustservers</color>",
    "Store3": "<color=#838383>[</color><color=#f7432a>BestRust Servers</color><color=#838383>]</color> Ons winkel is baie maklik om te gebruik, jy kan <color=#f5e942>VIP Ranks en Kits</color> koop vir <color=#f5e942>slegs 1€</color> en jy sal dit onmiddellik ontvang. \nJy kan betaal met <color=#ff7763>alle betaalmetodes</color>, selfs <color=#f5e942>Rust velle</color> en <color=#f5e942>crypto</color>. Gebruik <color=#f7432a>/kit</color> en kyk na die kits.\n\nVIP voordele sluit in <color=#ff7763>Kits</color>, <color=#ff7763>Skip Queue</color>, <color=#ff7763>Skinbox</color>, <color=#ff7763>Begin met meer gesondheid, water en kos</color> & <color=#ff7763>baie meer</color>, so maak seker jy loer in by ons winkel!\n\nDankie aan almal wat ons bedieners ondersteun en help om hulle aan die gang te hou!\n\n<color=#ff5c45>https://store.bestrustservers.com/</color>",
    "Splits3": "<color=#838383>[</color><color=#f7432a>BestRust Servers</color><color=#838383>]</color> Get <color=#f5e942>Multiple Very OP kit rewards</color> for depositing on splits.gg with the <color=#f5e942>BESTRUST code</color>. </color>Check <color=#ff5c45>/kit</color> for the rewards and make sure you use the <color=#f5e942>BESTRUST code</color> when you deposit on splits.gg",
    "Discord": "<color=#838383>[</color><color=#f7432a>BestRust Servers</color><color=#838383>]</color> As jy hulp nodig het of 'n speler wil rapporteer, maak asseblief 'n kaartjie op ons discord. Ons help jou graag! <color=#ff5c45>discord.gg/bestrustservers</color>"
}
