{
    "Playtime": "<color=#838383>[</color><color=#f7432a>BestRust Servers</color><color=#838383>]</color> Jy kan <color=#7dda58>waglyn oorslaan</color> kry deur 'n sekere tyd gespeel op Bestrust bedieners te bereik.\n\nJy kan jou tyd gespeel nagaan en meer inligting lees met die <color=#ff5c45>/playtime</color> opdrag.",
    "RustMagic": "<color=#838383>[</color><color=#f7432a>BestRust Servers</color><color=#838383>]</color> Kry <color=#f5e942>3 gratis hoë waarde rust velle</color> hier deur die <color=#f5e942>BESTRUST kode</color> te gebruik: https://splits.gg/r/BESTRUST",
    "Store": "<color=#838383>[</color><color=#f7432a>BestRust Servers</color><color=#838383>]</color> Jy kan <color=#f5e942>VIP - Waglyn Oorslaan vir slegs 1€</color> koop, kyk na ons winkel! Klik op kyk webwerf om ons winkel te bereik.<color=#ff5c45>https://store.bestrustservers.com/</color>",
    "Staff": "<color=#838383>[</color><color=#f7432a>BestRust Servers</color><color=#838383>]</color> Wil jy <color=#f5e942>gratis VIP, regte geld of velle</color> verdien?\nOns soek nuwe personeel lede. Jy kan aansoek doen vir <color=#7dda58>Moderator</color>, <color=#da5a5a>Admin</color>, <color=#cc6ce7>Community Manager</color> of <color=#d49a17>Content Creator</color>.\n\nAs jy belangstel, besoek die #open-applications kanaal op ons discord: <color=#ff5c45>discord.gg/bestrustservers</color>",
    "RustMagic2": "<color=#838383>[</color><color=#f7432a>BestRust Servers</color><color=#838383>]</color> Kry <color=#f5e942>3 gratis hoë waarde rust velle</color> hier deur die <color=#f5e942>BESTRUST kode</color> te gebruik: https://splits.gg/r/BESTRUST",
    "Store2": "<color=#838383>[</color><color=#f7432a>BestRust Servers</color><color=#838383>]</color> Jy kan <color=#f5e942>VIP - Waglyn Oorslaan vir slegs 1€</color> koop, kyk na ons winkel! Klik op kyk webwerf om ons winkel te bereik.<color=#ff5c45>https://store.bestrustservers.com/</color>",
    "Discord": "<color=#838383>[</color><color=#f7432a>BestRust Servers</color><color=#838383>]</color> As jy hulp nodig het of 'n speler wil rapporteer, skep asseblief 'n kaartjie op ons discord. Ons is altyd bly om jou te help! <color=#ff5c45>discord.gg/bestrustservers</color>"
}