{
  "AdminMessage": "<color=#838383>[</color><color=#f7432a>BestRust Servers</color><color=#838383>]</color> As jy hulp nodig het of 'n speler wil rapporteer, maak asseblief 'n kaartjie op ons discord. Ons help jou graag! <color=#ff5c45>discord.gg/bestrustservers</color>",
  "LagMessage": "<color=#838383>[</color><color=#f7432a>BestRust Servers</color><color=#838383>]</color> As jy enige wagtyd ervaar, laat weet ons asseblief op discord, sodat ons dit so gou moontlik kan oplos. Jammer vir die ongerief. <color=#ff5c45>discord.gg/bestrustservers</color>",
  "BugMessage": "<color=#838383>[</color><color=#f7432a>BestRust Servers</color><color=#838383>]</color> Het jy 'n fout of 'n kwesbaarheid gevind? Kontak ons op discord en ons sal jou beloon volgens die erns! <color=#ff5c45>discord.gg/bestrustservers</color>",
  "ReportMessage": "<color=#838383>[</color><color=#f7432a>BestRust Servers</color><color=#838383>]</color> Dankie vir die verslag. Vir vinniger ondersteuning en beter nasporing, maak asseblief 'n kaartjie op ons discord: <color=#ff5c45>discord.gg/bestrustservers</color> Ons span sal jou daar meer doeltreffend kan help.",
  "ReportToast": "<size=14>Dankie vir die verslag.</size>\n<size=12>Vir vinniger ondersteuning, maak asseblief 'n kaartjie op ons discord.\ndiscord.gg/bestrustservers</size>"
}