{
  "Prefix": "<color=#D85540>[Bloudruk Deel]</color> ",
  "ArgumentsError": "Verkeerde gebruik van bevel. Probeer <color=#ffff00>/bs help</color>.",
  "Help": "<color=#D85540>Bloudruk Deel Opdragte:</color>\n<color=#D85540>/bs toggle</color> - Skakel outomatiese bloudruk deel aan/af\n<color=#D85540>/bs share <player></color> - Deel jou geleerde bloudrukke met 'n speler\n<color=#D85540>/bs show <team|clan|friend> [name]</color> - Wys bloudrukke wat met jou gedeel is\n<color=#D85540>/bs help</color> - Wys hierdie hulpmenu",
  "ToggleOn": "Bloudruk deel is nou <color=#00ff00>geaktiveer</color>.",
  "ToggleOff": "Bloudruk deel is nou <color=#ff0000>gedeaktiveer</color>.",
  "NoPermission": "Jy het nie toestemming om hierdie bevel te gebruik nie.",
  "CannotShare": "Jy kan nie bloudrukke met hierdie speler deel nie, hulle moet in jou span, klan, of vriende lys wees.",
  "NoTarget": "Jy moet 'n speler spesifiseer om mee te deel.",
  "TargetEqualsPlayer": "Jy kan nie bloudrukke met jouself deel nie.",
  "PlayerNotFound": "Speler nie gevind nie.",
  "PlayerSharedBlueprints": "Jy het <color=#ffff00>{0}</color> bloudruk(ke) met <color=#ffff00>{1}</color> gedeel.",
  "TargetLearntBlueprints": "<color=#ffff00>{0}</color> het <color=#ffff00>{1}</color> bloudruk(ke) met jou gedeel.",
  "NoBlueprintsToShare": "Jy het geen nuwe bloudrukke om met <color=#ffff00>{0}</color> te deel nie.",
  "PlayerSharedBlueprint": "Jy het die <color=#ffff00>{0}</color> bloudruk geleer en met <color=#ffff00>{1}</color> speler(s) gedeel.",
  "TargetLearntBlueprint": "<color=#ffff00>{0}</color> het die <color=#ffff00>{1}</color> bloudruk met jou gedeel.",
  "BlueprintBlocked": "Die <color=#ffff00>{0}</color> bloudruk word geblokkeer om te deel, maar jy het dit steeds geleer.",
  "TargetSharingDisabled": "Kan nie bloudrukke met <color=#ffff00>{0}</color> deel nie – hulle het deel gedeaktiveer.",
  "BlueprintsRemoved": "Jy het toegang tot <color=#ffff00>{0}</color> bloudruk(ke) verloor.",
  "ShowMissingArgument": "Jy moet spesifiseer watter gedeelde bloudrukke om te sien. Opsies: <color=#ffff00>span</color>, <color=#ffff00>klan</color>, of <color=#ffff00>vriend</color>.",
  "ShowFriendArgumentMissing": "Jy moet jou vriend se naam spesifiseer.",
  "NotFriends": "Jy is nie vriende met hierdie speler nie.",
  "NoSharedBlueprints": "Geen bloudrukke is met jou gedeel nie.",
  "SharedBlueprintsTitle": "Bloudrukke Met Jou Gedeel:",
  "ShowSharedBlueprints": "<color=#ffff00>Vlak {0}:</color> {1}",
  "LoseBlueprintsDisabled": "Hierdie funksie is gedeaktiveer deur die bediener administrateur."
}