{
  "Notification.ClanInfo.Title": "<size=18><color=#ffa500>Clans</color></size><size=14><color=#ce422b> HERNU</color></size>",
  "Notification.ClanInfo.Tag": "\nClanMerk: <color=#b2eece>{0}</color>",
  "Notification.ClanInfo.Description": "\nBeskrywing: <color=#b2eece>{0}</color>",
  "Notification.ClanInfo.Online": "\nLede Aanlyn: {0}",
  "Notification.ClanInfo.Offline": "\nLede Aflyn: {0}",
  "Notification.ClanInfo.Members": "\nLede: {0}",
  "Notification.ClanInfo.Established": "\nGestig: <color=#b2eece>{0}</color>",
  "Notification.ClanInfo.LastOnline": "\nLaaste Aanlyn: <color=#b2eece>{0}</color>",
  "Notification.ClanInfo.Alliances": "\nAlliansies: <color=#b2eece>{0}</color>",
  "Notification.ClanInfo.Alliances.None": "Geen",
  "Notification.ClanInfo.TotalMembers": "\nLede: <color=#b2eece>{0}</color>",
  "Notification.ClanInfo.TotalAlliances": "\nAlliansies: <color=#b2eece>{0}</color>",
  "Notification.Create.InExistingClan": "Jy is reeds 'n lid van 'n clan",
  "Notification.Create.NoPermission": "Jy het nie toestemming om 'n clan te skep nie",
  "Notification.Create.TagReserved1": "Die merk {0} is gereserveer vir 'n ander speler",
  "Notification.Create.InvalidTagLength": "Die merk wat jy gekies het is ongeldig. Dit moet tussen {0} en {1} karakters lank wees",
  "Notification.Create.InvalidCharacters": "Die merk wat jy gekies het bevat woorde/karakters wat nie toegelaat word nie",
  "Notification.Create.ClanExists": "‘n Clan met daardie merk bestaan reeds",
  "Notification.Create.NoNativeCreate": "Jy moet 'n clan skep met /clan create <tag> <description>",
  "Notification.Create.Success": "Jy het die clan gevorm <color=#aaff55>[{0}]</color>",
  "Notification.Kick.IsOwner": "Jy kan nie die clan eienaar uitskop nie",
  "Notification.Kick.NoPermissions": "Jy het nie genoeg toestemming om clan lede uit te skop nie",
  "Notification.Kick.NotClanmember": "Die teiken is nie 'n lid van jou clan nie",
  "Notification.Kick.Self": "Jy kan nie jouself uitskop nie",
  "Notification.Kick.NotEnoughRank": "Slegs die clan eienaar kan 'n ander ranglid uitskop",
  "Notification.Kick.NoPlayerFound": "Ongeskik om 'n speler met die gespesifiseerde naam of ID te vind",
  "Notification.Kick.Message": "{0} het {1} uit die clan uitgeskop!",
  "Notification.Kick.PlayerMessage": "{0} het jou uit die clan uitgeskop!",
  "Notification.Kick.NoPermission": "Jy het nie toestemming om clan lede uit te skop nie",
  "Notification.Leave.Message": "{0} het die clan verlaat!",
  "Notification.Leave.PlayerMessage": "Jy het die clan verlaat <color=#aaff55>[{0}]</color>!",
  "Notification.Leave.NewOwner": "{0} is nou die clan leier!",
  "Notification.Leave.NoPermission": "Jy het nie toestemming om hierdie clan te verlaat nie",
  "Notification.Join.NoPermission": "Jy het nie toestemming om by 'n clan aan te sluit nie",
  "Notification.Join.ExpiredInvite": "Jou uitnodiging na {0} het verval!",
  "Notification.Join.InExistingClan": "Jy is reeds 'n lid van 'n ander clan",
  "Notification.Join.Message": "{0} het by die clan aangesluit!",
  "Notification.Invite.NoPermissions": "Jy het nie genoeg toestemming om ander spelers uit te nooi nie",
  "Notification.Invite.InviteLimit": "Jy het reeds die maksimum aantal uitnodigings wat toegelaat word",
  "Notification.Invite.InviteCooldown": "Jy moet nog {0} wag voordat jy nuwe lede na jou clan kan nooi",
  "Notification.Invite.HasPending": "{0} het reeds ’n hangende clan uitnodiging",
  "Notification.Invite.IsMember": "{0} is reeds 'n clan lid",
  "Notification.Invite.InClan": "{0} is reeds 'n lid van 'n ander clan",
  "Notification.Invite.NoPermission": "{0} het nie die vereiste toestemming om by 'n clan aan te sluit nie",
  "Notification.Invite.SuccesTarget": "Jy is uitgenooi om by die clan aan te sluit: <color=#aaff55>[{0}]</color> '{1}'\nOm aan te sluit, tik: <color=#ffd479>/{2} accept {0}</color>",
  "Notification.Invite.SuccessClan": "{0} het {1} genooi om by die clan aan te sluit",
  "Notification.PendingInvites": "Jy het hangende clan uitnodigings van: {0}\nJy kan by 'n clan aansluit deur te tik: <color=#ffd479>/{1} accept <tag></color>",
  "Notification.WithdrawInvite.NoPermissions": "Jy het nie genoeg toestemming om lede uitnodigings terug te trek nie",
  "Notification.WithdrawInvite.UnableToFind": "Kan nie 'n uitnodiging vir die speler met {0} vind nie",
  "Notification.WithdrawInvite.Success": "{0} het die lede uitnodiging vir {1} teruggetrek",
  "Notification.RejectInvite.InvalidInvite": "Jy het nie 'n uitnodiging om by <color=#aaff55>[{0}]</color> aan te sluit nie",
  "Notification.RejectInvite.Message": "{0} het hul uitnodiging om by jou clan aan te sluit, verwerp",
  "Notification.RejectInvite.PlayerMessage": "Jy het die uitnodiging om by <color=#aaff55>[{0}]</color> aan te sluit, verwerp",
  "Notification.Promotion.NoPermissions": "Jy het nie genoeg toestemming om ander spelers te bevorder nie",
  "Notification.Promotion.TargetNoClan": "{0} is nie 'n lid van jou clan nie",
  "Notification.Promotion.IsOwner": "Jy kan nie die clan leier bevorder nie",
  "Notification.Promotion.IsCouncil": "Jy kan nie hoër as die raad rang bevorder nie",
  "Notification.Promotion.CouncilTaken": "Die rang van raad is reeds toegeken",
  "Notification.Promotion.ModeratorLimit": "Jy het reeds die maksimum hoeveelheid moderators",
  "Notification.Promotion.IsModerator": "Jy kan nie hoër as die moderator rang bevorder nie",
  "Notification.Promotion.Message": "{0} is bevorder tot rang van {1} deur {2}",
  "Notification.Demotion.NoPermissions": "Jy het nie genoeg toestemming om ander spelers te degradeer nie",
  "Notification.Demotion.IsOwner": "Jy kan nie die clan leier degradeer nie",
  "Notification.Demotion.IsMember": "{0} is reeds by die laagste rang",
  "Notification.Demotion.Message": "{0} is gedegradeer tot rang van {1} deur {2}",
  "Notification.Alliance.NoPermissions": "Jy het nie genoeg toestemming om alliansies te bestuur nie",
  "Notification.Alliance.PendingInvite": "<color=#aaff55>[{0}]</color> het reeds 'n hangende alliansie uitnodiging",
  "Notification.Alliance.MaximumInvites": "Jy het reeds die maksimum aantal alliansie uitnodigings toegelaat",
  "Notification.Alliance.MaximumAlliances": "Jy het reeds die maksimum aantal alliansies gevorm",
  "Notification.Alliance.InviteSent": "Jy het 'n clan alliansie uitnodiging gestuur na <color=#aaff55>[{0}]</color>\nDie uitnodiging sal verval in: {1}",
  "Notification.Alliance.InviteReceived": "Jy het 'n clan alliansie uitnodiging ontvang van <color=#aaff55>[{0}]</color>\nOm te aanvaar, tik: <color=#ffd479>/{2} accept {0}</color>\nDie uitnodiging sal verval in: {1}",
  "Notification.Alliance.NoActiveInvite": "Jy het nie 'n aktiewe alliansie uitnodiging vir <color=#aaff55>[{0}]</color>",
  "Notification.Alliance.NoActiveInviteFrom": "Jy het nie 'n aktiewe alliansie uitnodiging van <color=#aaff55>[{0}]</color>",
  "Notification.Alliance.WithdrawnClan": "{0} het 'n alliansie uitnodiging teruggetrek na <color=#aaff55>[{1}]</color>",
  "Notification.Alliance.WithdrawnTarget": "<color=#aaff55>[{0}]</color> het hul alliansie uitnodiging teruggetrek",
  "Notification.Alliance.AtLimitTarget": "<color=#aaff55>[{0}]</color> het tans die maksimum aantal alliansies toegelaat",
  "Notification.Alliance.AtLimitSelf": "Jou clan het tans die maksimum aantal alliansies toegelaat",
  "Notification.Alliance.AtLimitAlliedMembersTarget": "<color=#aaff55>[{0}]</color> clan lede telling plus alliansie lede telling plus jou clans lede telling is groter as toegelaat",
  "Notification.Alliance.AtLimitAlliedMembersSelf": "Jou clan lede telling plus alliansie lede telling plus hierdie clans lede telling is groter as toegelaat",
  "Notification.Alliance.Formed": "<color=#aaff55>[{0}]</color> het 'n alliansie gevorm met <color=#aaff55>[{1}]</color>",
  "Notification.Alliance.Rejected": "<color=#aaff55>[{0}]</color> het oproepe verwerp om 'n alliansie met <color=#aaff55>[{1}]</color> te vorm",
  "Notification.Alliance.Revoked": "<color=#aaff55>[{0}]</color> het hul alliansie met <color=#aaff55>[{1}]</color> herroep",
  "Notification.Alliance.NoActiveAlliance": "Jy het tans nie 'n alliansie met <color=#aaff55>[{0}]</color>",
  "Notification.FF.MemberEnabled": "Clanmaats <color=#ffd479>sal</color> skade neem van vriendelike vuur",
  "Notification.FF.MemberDisabled": "Clanmaats <color=#ffd479>sal nie</color> skade neem van vriendelike vuur",
  "Notification.FF.AllyEnabled": "Bondgenote <color=#ffd479>sal</color> skade neem van vriendelike vuur",
  "Notification.FF.AllyDisabled": "Bondgenote <color=#ffd479>sal nie</color> skade neem van vriendelike vuur",
  "Notification.FF.IsEnabled": "<color=#aaff55>Aan</color>",
  "Notification.FF.IsDisabled": "<color=#ce422b>Af</color>",
  "Notification.FF.OnHitClanMember": "{0} is 'n cl_lid en kan nie seergemaak word nie.\nOm clan vriendelike vuur aan of af te skakel, tik: <color=#ffd479>/{1}</color>",
  "Notification.FF.OnHitAllyMember": "{0} is 'n lid van 'n geallieerde clan en kan nie seergemaak word nie.\nOm bondgenoot vriendelike vuur aan of af te skakel, tik: <color=#ffd479>/{1}</color>",
  "Notification.FF.ToggleNotOwner": "Slegs die clan Eienaar of Raad kan vriendelike vuur aan of af skakel",
  "Notification.FF.OwnerToggle": "{0} het vriendelike vuur geskakel.\n{1}",
  "Notification.FF.OwnerAllyToggle": "{0} het geallieerde vriendelike vuur geskakel.\n{1}",
  "Notification.ClanHelp.NoClan": "\nBeskikbare Opdragte:\n<color=#ffd479>/{0} create <tag> \"description\"</color> - Skep 'n nuwe clan\n<color=#ffd479>/{0} accept <tag></color> - Sluit aan by 'n clan deur uitnodiging\n<color=#ffd479>/{0} reject <tag></color> - Verwerp 'n clan uitnodiging",
  "Notification.ClanHelp.Basic2": "\nBeskikbare Opdragte:\n<color=#ffd479>/{0}</color> - Wys jou clan inligting\n<color=#ffd479>/{1} <message></color> - Stuur 'n boodskap via clan gesels\n<color=#ffd479>/{0} leave</color> - Verlaat jou huidige clan",
  "Notification.ClanHelp.MFF": "\n<color=#ffd479>/{0}</color> - Skakel vriendelike vuur aan of af teen ander clan maats",
  "Notification.ClanHelp.AFF": "\n<color=#ffd479>/{0}</color> - Skakel vriendelike vuur aan of af teen geallieerde clan lede",
  "Notification.ClanHelp.Alliance": "\n\n<color=#45b6fe><size=14>Alliansie Opdragte:</size></color>\n<color=#ffd479>/{0} invite <tag></color> - Nooi 'n clan om bondgenote te word\n<color=#ffd479>/{0} withdraw <tag></color> - Trek 'n alliansie uitnodiging terug\n<color=#ffd479>/{0} accept <tag></color> - Aanvaar 'n alliansie uitnodiging\n<color=#ffd479>/{0} reject <tag></color> - Verwerp 'n alliansie uitnodiging\n<color=#ffd479>/{0} revoke <tag></color> - Herroep 'n alliansie",
  "Notification.ClanHelp.Moderator": "\n\n<color=#b573ff><size=14>Moderator Opdragte:</size></color>\n<color=#ffd479>/{0} invite <name or ID></color> - Nooi 'n speler na jou clan\n<color=#ffd479>/{0} withdraw <name or ID></color> - Herroep 'n uitnodiging\n<color=#ffd479>/{0} kick <name or ID></color> - Skop 'n lid uit jou clan",
  "Notification.ClanHelp.Owner": "\n\n<color=#a1ff46><size=14>Eienaar Opdragte:</size></color>\n<color=#ffd479>/{0} promote <name or ID></color> - Bevorder 'n clan lid\n<color=#ffd479>/{0} demote <name or ID></color> - Degradeer 'n clan lid\n<color=#ffd479>/{0} disband forever</color> - Ontbind jou clan",
  "Notification.ClanHelp.TagColor": "\n<color=#ffd479>/{0} tagcolor <hex></color> - Stel 'n persoonlike clan merk kleur\n<color=#ffd479>/{0} tagcolor reset</color> - Herstel die standaard clan merk kleur",
  "Notification.Clan.NotInAClan": "\nJy is tans nie 'n lid van 'n clan nie",
  "Notification.Clan.Help": "\nOm beskikbare opdragte te sien, tik: <color=#ffd479>/{0}</color>",
  "Notification.Clan.OwnerOf": "\nJy is die eienaar van: <color=#aaff55>{0}</color> ({1}/{2})",
  "Notification.Clan.CouncilOf": "\nJy is die raad van: <color=#aaff55>{0}</color> ({1}/{2})",
  "Notification.Clan.ModeratorOf": "\nJy is 'n moderator van: <color=#aaff55>{0}</color> ({1}/{2})",
  "Notification.Clan.MemberOf": "\nJy is 'n lid van: <color=#aaff55>{0}</color> ({1}/{2})",
  "Notification.Clan.MembersOnline": "\nLede Aanlyn: {0}",
  "Notification.Clan.MFF": "\nClan FF Status: {0} (<color=#ffd479>/{1}</color>)",
  "Notification.Clan.AFF": "\nBondgenoot FF Status: {0} (<color=#ffd479>/{1}</color>)",
  "Notification.Clan.CreateSyntax": "<color=#ffd479>/{0} create <tag> \"description\"</color> - Skep 'n nuwe clan",
  "Notification.Clan.InviteSyntax": "<color=#ffd479>/{0} invite <partialNameOrID></color> - Nooi 'n speler na jou clan",
  "Notification.Clan.WithdrawSyntax": "<color=#ffd479>/{0} withdraw <partialNameOrID></color> - Herroep 'n lid uitnodiging",
  "Notification.Clan.AcceptSyntax": "<color=#ffd479>/{0} accept <tag></color> - Sluit aan by 'n clan deur uitnodiging",
  "Notification.Clan.RejectSyntax": "<color=#ffd479>/{0} reject <tag></color> - Verwerp 'n clan uitnodiging",
  "Notification.Clan.PromoteSyntax": "<color=#ffd479>/{0} promote <partialNameOrID></color> - Bevorder 'n clan lid na die volgende rang",
  "Notification.Clan.DemoteSyntax": "<color=#ffd479>/{0} demote <partialNameOrID></color> - Degradeer 'n clan lid na die volgende laer rang",
  "Notification.Clan.DisbandSyntax": "<color=#ffd479>/{0} disband forever</color> - Ontbind jou clan (dit kan nie ongedaan gemaak word nie)",
  "Notification.Clan.KickSyntax": "<color=#ffd479>/{0} kick <partialNameOrID></color> - Skop 'n lid uit jou clan",
  "Notification.Clan.TagColorSyntax": "<color=#ffd479>/{0} tagcolor <hex (XXXXXX)></color> - Stel 'n persoonlike clan merk kleur",
  "Notification.Clan.TagColorFormat": "<color=#ffd479>Die hex string moet 6 karakters lank wees, en 'n geldige hex kleur wees</color>",
  "Notification.Clan.TagColorReset": "<color=#ffd479>Jy het jou clan se merk kleur herstel</color>",
  "Notification.Clan.TagColorSet": "<color=#ffd479>Jy het jou clan se merk kleur gestel na</color> <color=#{0}>{0}</color>",
  "Notification.Clan.TagColorDisabled": "<color=#ffd479>Persoonlike merk kleure is gedeaktiveer op hierdie bediener</color>",
  "Notification.Clan.TagColorBlocked": "<color=#ffd479>Die kleur <color=#{0}>{0}</color> is op die swartlys vir gebruik deur clans.",
  "Notification.Clan.TagColorOutOfRange": "<color=#ffd479>Die kleur <color=#{0}>{0}</color> is buite die toegelate kleur reeks. Jy moet 'n kleur kies tussen <color=#{1}>{1}</color> en <color=#{2}>{2}</color></color>",
  "Notification.Disband.NotOwner": "Jy moet die clan eienaar wees om hierdie opdrag te gebruik",
  "Notification.Disband.Success": "Jy het die clan ontbind <color=#aaff55>[{0}]</color>",
  "Notification.Disband.Message": "Die clan is ontbind",
  "Notification.Disband.NoPermission": "Jy het nie toestemming om hierdie clan te ontbind nie",
  "Notification.Generic.ClanFull": "Die clan is reeds op maksimum kapasiteit",
  "Notification.Generic.NoClan": "Jy is nie 'n lid van 'n clan nie",
  "Notification.Generic.InvalidClan": "Die clan <color=#aaff55>[{0}]</color> bestaan nie!",
  "Notification.Generic.NoPermissions": "Jy het onvoldoende toestemming om daardie opdrag te gebruik",
  "Notification.Generic.SpecifyClanTag": "Spesifiseer asseblief 'n clan merk",
  "Notification.Generic.UnableToFindPlayer": "Kan nie 'n speler met die naam of ID {0} vind nie",
  "Notification.Generic.CommandSelf": "Jy kan nie hierdie opdrag op jouself gebruik nie",
  "Chat.IsMuted": "Jy is tans gedemp",
  "Chat.Alliance.Prefix": "<color=#a1ff46>[BONDGENOOT GESKIEDENIS]</color>: {0}",
  "Chat.Clan.Prefix": "<color=#a1ff46>[CLAN GESKIEDENIS]</color>: {0}",
  "Chat.Alliance.Format": "[{0}] <color={1}>{2}</color>: {3}",
  "Admin.BroadcastToClan": "<color=#ff3333>[ADMIN]</color>: {0}",
  "Admin.Rename": "‘n Administrateur het jou clan merk verander na <color=#aaff55>[{0}]</color>",
  "Admin.Disband": "‘n Administrateur het jou clan ontbind",
  "Admin.Invite": "‘n Administrateur het {0} genooi om by jou clan aan te sluit",
  "Admin.Join": "‘n Administrateur het jou gedwing om aan te sluit by <color=#aaff55>[{0}]</color>",
  "Admin.Kick": "‘n Administrateur het jou uitgeskop uit <color=#aaff55>[{0}]</color>",
  "Admin.SetOwner": "‘n Administrateur het {0} as die clan leier ingestel",
  "Admin.Promote": "‘n Administrateur het {0} bevorder tot die rang van {1}",
  "Admin.Demote": "‘n Administrateur het {0} gedegradeer tot die rang van {1}"
}