{
  "CommandUsageExtLoad": "Gebruik: oxide.ext.load <extname>+",
  "CommandUsageExtUnload": "Gebruik: oxide.ext.unload <extname>+",
  "CommandUsageExtReload": "Gebruik: oxide.ext.reload <extname>+",
  "CommandUsageGrant": "Gebruik: oxide.grant <group|user> <name|id> <permission>",
  "CommandUsageGroup": "Gebruik: oxide.group <add|set> <name> [titel] [rang]",
  "CommandUsageGroupParent": "Gebruik: oxide.group <parent> <name> <parentName>",
  "CommandUsageGroupRemove": "Gebruik: oxide.group <remove> <name>",
  "CommandUsageLang": "Gebruik: oxide.lang <twee-letter taal kode>",
  "CommandUsageLoad": "Gebruik: oxide.load *|<pluginname>+",
  "CommandUsageReload": "Gebruik: oxide.reload *|<pluginname>+",
  "CommandUsageRevoke": "Gebruik: oxide.revoke <group|user> <name|id> <permission>",
  "CommandUsageShow": "Gebruik: oxide.show <groups|perms>",
  "CommandUsageShowName": "Gebruik: oxide.show <group|user> <name>",
  "CommandUsageUnload": "Gebruik: oxide.unload *|<pluginname>+",
  "CommandUsageUserGroup": "Gebruik: oxide.usergroup <add|remove> <username> <groupname>",
  "ConnectionRejected": "Verbinding is afgekeur",
  "DataSaved": "Stoor Oxide data...",
  "GroupAlreadyExists": "Groep '{0}' bestaan reeds",
  "GroupAlreadyHasPermission": "Groep '{0}' het reeds toestemming '{1}'",
  "GroupDoesNotHavePermission": "Groep '{0}' het nie toestemming '{1}' nie",
  "GroupChanged": "Groep '{0}' verander",
  "GroupCreated": "Groep '{0}' geskep",
  "GroupDeleted": "Groep '{0}' verwyder",
  "GroupNotFound": "Groep '{0}' bestaan nie",
  "GroupParentChanged": "Groep '{0}' ouer verander na '{1}'",
  "GroupParentNotChanged": "Groep '{0}' ouer was nie verander nie",
  "GroupParentNotFound": "Groep ouer '{0}' bestaan nie",
  "GroupPermissionGranted": "Groep '{0}' gegee toestemming '{1}'",
  "GroupPermissionRevoked": "Groep '{0}' teruggetrek toestemming '{1}'",
  "GroupPermissions": "Groep '{0}' toestemmings",
  "GroupPlayers": "Groep '{0}' spelers",
  "Groups": "Groepe",
  "InvalidLanguageName": "Ongeldige taalnaam: '{0}'",
  "NoGroupPermissions": "Geen toestemmings tans toegeken",
  "NoPermissionGroups": "Geen groepe met hierdie toestemming nie",
  "NoPermissionPlayers": "Geen spelers met hierdie toestemming nie",
  "NoPluginsFound": "Geen plugins tans beskikbaar nie",
  "NoPlayerGroups": "Speler is nie aan enige groepe toegewys nie",
  "NoPlayerPermissions": "Geen toestemmings tans toegeken",
  "NoPlayersInGroup": "Geen spelers tans in groep",
  "NotAllowed": "Jy mag nie die '{0}' opdrag gebruik nie",
  "ParentGroupPermissions": "Ouer groep '{0}' toestemmings",
  "PermissionGroups": "Toestemming '{0}' Groepe",
  "PermissionPlayers": "Toestemming '{0}' Spelers",
  "PermissionNotFound": "Toestemming '{0}' bestaan nie",
  "Permissions": "Toestemmings",
  "PermissionsNotLoaded": "Kon nie toestemminglêers laai nie! Toestemmings sal nie werk tot opgelos.\n => {0}",
  "PlayerLanguage": "Speler taal stel na {0}",
  "PluginNotLoaded": "Plugin '{0}' nie gelaai.",
  "PluginReloaded": "Plugin herlaai {0} v{1} deur {2}",
  "PluginUnloaded": "Plugin afgelaai {0} v{1} deur {2}",
  "ServerLanguage": "Server taal stel na {0}",
  "Unknown": "Onbekend",
  "UnknownCommand": "Onbekende opdrag: {0}",
  "PlayerAddedToGroup": "Speler '{0}' bygevoeg by groep: {1}",
  "PlayerAlreadyHasPermission": "Speler '{0}' het reeds toestemming '{1}'",
  "PlayerDoesNotHavePermission": "Speler '{0}' het nie toestemming '{1}' nie",
  "PlayerNotFound": "Speler '{0}' nie gevind nie",
  "PlayerGroups": "Speler '{0}' groepe",
  "PlayerPermissions": "Speler '{0}' toestemmings",
  "PlayerPermissionGranted": "Speler '{0}' gegee toestemming '{1}'",
  "PlayerPermissionRevoked": "Speler '{0}' teruggetrek toestemming '{1}'",
  "PlayerRemovedFromGroup": "Speler '{0}' verwyder van groep '{1}'",
  "PlayersFound": "Veelvuldige spelers gevind, spesifiseer asseblief: {0}",
  "Version": "Server loop [#ffb658]Oxide {0}[/#] en [#ee715c]{1} {2} ({3})[/#]",
  "YouAreNotAdmin": "Jy is nie 'n admin nie"
}