{
  "WebErrorOccurred": "Kon nie die prent aflaai nie! Fout {0}.",
  "FileTooLarge": "Die lêer oorskry die maksimum lêergrootte van {0}Mb.",
  "ErrorOccurred": "’n Onbekende fout het voorgekom, as hierdie fout voortduur, stel asseblief die bedieneradmin op hoogte.",
  "RestoreErrorOccurred": "Kan nie die teken herstel nie, want daar is geen tekstuur daaraan toegeken nie.",
  "DownloadQueued": "Jou prent is by die aflaai waglyn gevoeg!",
  "RestoreQueued": "Jou teken is by die herstel waglyn gevoeg!",
  "RestoreBatchQueued": "Jy het al {0} tekens by die herstel waglyn gevoeg!",
  "ImageLoaded": "Die prent is suksesvol op die teken gelaai!",
  "ImageRestored": "Die prent is suksesvol vir die teken herstel!",
  "LogEntry": "Speler `{0}` (SteamId: {1}) het {2} in {3} vanaf {4} gelaai",
  "NoSignFound": "Kan nie 'n teken vind nie! Maak seker jy kyk daarna en dat jy nie te ver daarvandaan is nie.",
  "Cooldown": "Jy kan nog nie die opdrag gebruik nie! Oorblywende afkoeltyd: {0}.",
  "SignNotOwned": "Jy kan nie hierdie teken verander nie aangesien dit beskerm word deur 'n gereedskapkas.",
  "NoItemHeld": "Jy hou nie 'n item vas nie.",
  "ActionQueuedAlready": "’n Aksie is reeds vir hierdie teken in die waglyn, wag asseblief totdat hierdie aksie voltooi is.",
  "SyntaxSilCommand": "Sintaksfout!\nSintaks: /sil <url> [rou]",
  "SyntaxSilCommandMulti": "Sintaksfout!\nSintaks: /sil <1-{0}> <url> [rou]",
  "SyntaxSiltCommand": "Sintaksfout!\nSintaks: /silt <boodskap> [<lettergrootte:getal>] [<kleur:hex waarde>] [<agtergrondkleur:hex waarde>] [rou]",
  "SyntaxSiltCommandMulti": "Sintaksfout!\nSintaks: /silt <1-{0}> <boodskap> [<lettergrootte:getal>] [<kleur:hex waarde>] [<agtergrondkleur:hex waarde>] [rou]",
  "SyntaxSiliCommandMulti": "Sintaksfout!\nSintaks: /sili <1-{0}>",
  "NoPermission": "Jy het nie toestemming om hierdie opdrag te gebruik nie.",
  "NoPermissionFile": "Jy het nie toestemming om prente van die bediener se lêerstelsel te gebruik nie.",
  "NoPermissionRaw": "Jy het nie toestemming om rou prente te gebruik nie, laai normaal in plaas daarvan.",
  "NoPermissionRestoreAll": "Jy het nie toestemming om alle tekens gelyktydig te herstel nie.",
  "day": "dag",
  "days": "dae",
  "hour": "uur",
  "hours": "ure",
  "minute": "minuut",
  "minutes": "minute",
  "second": "sekonde",
  "seconds": "sekondes",
  "and": "en"
}