{
    "NoPermToUse": "Jy het nie toestemming om dit te doen nie",
    "NoILError": "Die inprop werk nie behoorlik nie, skakel asseblief die administrateur!",
    "UI.Plugin.Title": "LEIERBORD",
    "UI.Leaderboard.Awards.Title": "Beste belonings",
    "UI.Leaderboard.Awards.Place": "{0}de plek",
    "UI.Search.Players.Title": "SPELERS SOEK OP NAAM OF STEAMID",
    "UI.Search.Input.Placeholder": "VOER NAAM OF STEAMID IN",
    "UI.Players.List.Title": "LYS VAN SPELERS OP DIE BEDIENERS",
    "UI.Players.NoPlayers": "Geen spelers beskikbaar nie :(",
    "UI.HitRate.Title": "TREFTEMPO",
    "UI.HitRate.Description": "Sien die aantal treffers op liggaamsdele hier",
    "UI.Building.Title": "BOU",
    "UI.Building.Description": "Sien hier die boustatistieke",
    "UI.Stat.Value.Total": "Totaal: {0}",
    "UI.Stat.Value.Today": "Vandag: {0}",
    "UI.Stat.Value.KD": "Doodmaak: {0} / Sterftes: {1}",
    "UI.Stat.Value.None": "Geen",
    "UI.Stat.Value.Unknown": "Onbekend",
    "UI.Time.Years": "{0}j",
    "UI.Time.Months": "{0}m",
    "UI.Time.Days": "{0}d",
    "UI.Time.Hours": "{0}h",
    "UI.Time.Minutes": "{0}m",
    "UI.Time.Seconds": "{0}s",
    "MSG.Profile.Already.Loading": "Hierdie profiel laai reeds, wag asseblief.",
    "MSG.Profile.Wait.Before.Another": "Wag 'n oomblik voordat jy 'n nuwe profiel oopmaak.",
    "UI.Leaderboard.Loading": "Laai tans...",
    "Msg.Player.NotFound": "Speler statistik nie gevind nie",
    "Msg.Invalid.SteamID": "Ongeldige Steam ID formaat",
    "Msg.Hide.Self.Hidden": "Jy is nou onsigbaar op die leierbord",
    "Msg.Hide.Self.Visible": "Jy is nou sigbaar op die leierbord",
    "UI.Category.MY STATISTICS": "MY STATISTIEKE",
    "UI.Category.TOP 10 PLAYERS": "TOP 10 SPELERS",
    "UI.Category.SEARCH": "SOEK",
    "UI.Awards.TOP scorers": "TOP puntemakers",
    "UI.Awards.Place.Frontiersman Pack": "Grensman pakkie",
    "UI.Awards.Place.Lumberjack Pack": "Houtkapper pakkie",
    "UI.Awards.Place.Artic Pack": "Arktiese pakkie",
    "UI.Awards.Place.Abyss Pack": "Afgrond pakkie",
    "UI.Awards.Place.Retro Tool Cupboard": "Retro gereedskapkast",
    "UI.Awards.TOP killers": "TOP moordenaars",
    "UI.Awards.TOP time played": "TOP gespeelde tyd",
    "UI.Tabs.GENERAL": "ALGEMEEN",
    "UI.Field.Profile": "Profiel",
    "UI.Field.name": "naam",
    "UI.Field.K/D": "K/S",
    "UI.Field.kd": "kd",
    "UI.Field.Time": "Tyd",
    "UI.Field.current_playtime": "current_playtime",
    "UI.Field.Longest Kill Distance": "Langste doodmaak afstand",
    "UI.Field.longest_kill_distance": "longest_kill_distance",
    "UI.Field.Total Resources Gathered": "Totale versamelde hulpbronne",
    "UI.Field.total_resources": "total_resources",
    "UI.Field.Favorite Resource": "Gunsteling hulpbron",
    "UI.Field.favorite_resource": "favorite_resource",
    "UI.Field.Total Items Crafted": "Totale items vervaardig",
    "UI.Field.total_items_crafted": "total_items_crafted",
    "UI.Field.Structures Built": "Geboude strukture",
    "UI.Field.structures_built": "structures_built",
    "UI.Field.Upgrades Performed": "Opgraderings uitgevoer",
    "UI.Field.upgrades_performed": "upgrades_performed",
    "UI.Field.Favorite Building Material": "Gunsteling boumateriaal",
    "UI.Field.favorite_building_material": "favorite_building_material",
    "UI.Field.Events Won": "Wen gevierings",
    "UI.Field.events_won": "events_won",
    "UI.Field.Favorite Event": "Gunsteling gebeurtenis",
    "UI.Field.favorite_event": "favorite_event",
    "UI.Column.EVENTS": "GEBEURTENISSE",
    "UI.Field.Convoy": "Konvooi",
    "UI.Field.Sputnik": "Sputnik",
    "UI.Field.Caravan": "Karavaan",
    "UI.Field.GasStation": "Vulstasie",
    "UI.Field.GasStationEvent": "Vulstasie gebeurtenis",
    "UI.Field.Air": "Lug",
    "UI.Field.AirEvent": "Lug gebeurtenis",
    "UI.Field.SatDish": "Satellietskottel",
    "UI.Field.SatDishEvent": "Satellietskottel gebeurtenis",
    "UI.Field.Triangulation": "Triangulasie",
    "UI.Field.Water": "Water",
    "UI.Field.WaterEvent": "Water gebeurtenis",
    "UI.Field.Harbor": "Hawe",
    "UI.Field.HarborEvent": "Hawe gebeurtenis",
    "UI.Field.ArcticBase": "Arktiese basis",
    "UI.Field.ArcticBaseEvent": "Arktiese basis gebeurtenis",
    "UI.Field.Junkyard": "Vullisterrein",
    "UI.Field.JunkyardEvent": "Vullisterrein gebeurtenis",
    "UI.Field.Supermarket": "Supermark",
    "UI.Field.SupermarketEvent": "Supermark gebeurtenis",
    "UI.Field.PowerPlant": "Kragstasie",
    "UI.Field.PowerPlantEvent": "Kragstasie gebeurtenis",
    "UI.Field.Paintball Team": "Verfbal span",
    "UI.Field.PaintballTeam": "PaintballTeam",
    "UI.Field.Paintball FFA": "Verfbal vry vir almal",
    "UI.Field.PaintballFFA": "PaintballFFA",
    "UI.Field.Survival Arena": "Oorlewing Arena",
    "UI.Field.SurvivalArena": "SurvivalArena",
    "UI.Field.Gun Game": "Wapen Speletjie",
    "UI.Field.GunGame": "GunGame",
    "UI.Field.Zombie Infection": "Zombie Infeksie",
    "UI.Field.ZombieInfection": "ZombieInfection",
    "UI.Field.Tugboat Pirates": "Bootpirate",
    "UI.Field.TugboatPirates": "TugboatPirates",
    "UI.Tabs.RESOURCES": "HULPBRONNE",
    "UI.Column.RESOURCES": "HULPBRONNE",
    "UI.Field.Stone": "Klips",
    "UI.Field.stones": "stones",
    "UI.Field.Wood": "Hout",
    "UI.Field.wood": "wood",
    "UI.Field.Sulfur Ore": "Swaelerts",
    "UI.Field.sulfur.ore": "sulfur.ore",
    "UI.Field.Metal Ore": "Metaalerts",
    "UI.Field.metal.ore": "metal.ore",
    "UI.Field.High Quality Metal Ore": "Hoë Kwaliteit Metaalerts",
    "UI.Field.hq.metal.ore": "hq.metal.ore",
    "UI.Field.Leather": "Leer",
    "UI.Field.leather": "leather",
    "UI.Field.Bone Fragments": "Beenskyfie",
    "UI.Field.bone.fragments": "bone.fragments",
    "UI.Field.Animal Fat": "Dierlike Vettigheid",
    "UI.Field.fat.animal": "fat.animal",
    "UI.Field.Scrap": "Metaalrommel",
    "UI.Field.scrap": "scrap",
    "UI.Column.FARMING": "LANDBOU",
    "UI.Field.Hemp": "Hennep",
    "UI.Field.hemp-collectable": "hemp-collectable",
    "UI.Field.Blue Berry": "Blou Bessie",
    "UI.Field.blue.berry": "blue.berry",
    "UI.Field.Red Berry": "Rooi Bessie",
    "UI.Field.red.berry": "red.berry",
    "UI.Field.Yellow Berry": "Geel Bessie",
    "UI.Field.yellow.berry": "yellow.berry",
    "UI.Field.Black Berry": "Swart Bessie",
    "UI.Field.black.berry": "black.berry",
    "UI.Field.Green Berry": "Groen Bessie",
    "UI.Field.green.berry": "green.berry",
    "UI.Field.White Berry": "Wit Bessie",
    "UI.Field.white.berry": "white.berry",
    "UI.Field.Potato": "Aartappel",
    "UI.Field.potato": "potato",
    "UI.Field.Cloth": "Stof",
    "UI.Field.cloth": "cloth",
    "UI.Field.Mushroom": "Sampioen",
    "UI.Field.mushroom": "mushroom",
    "UI.Field.Corn": "Mielies",
    "UI.Field.corn": "corn",
    "UI.Field.Pumpkin": "Pampoen",
    "UI.Field.pumpkin": "pumpkin",
    "UI.Field.Orchid": "Orchidee",
    "UI.Field.orchid": "orchid",
    "UI.Field.Rose": "Roos",
    "UI.Field.rose": "rose",
    "UI.Field.Sunflower": "Sonbesem",
    "UI.Field.sunflower": "sunflower",
    "UI.Field.Wheat": "Koring",
    "UI.Field.wheat": "wheat",
    "UI.Column.MISC": "DIVERSE",
    "UI.Field.Bears": "Bere",
    "UI.Field.bear": "bear",
    "UI.Field.Polar Bears": "Poolbere",
    "UI.Field.polarbear": "polarbear",
    "UI.Field.Boars": "Varke",
    "UI.Field.boar": "boar",
    "UI.Field.Chicken": "Hoender",
    "UI.Field.chicken": "chicken",
    "UI.Field.Stag": "Wildsbok",
    "UI.Field.stag": "stag",
    "UI.Field.Wolf": "Wolf",
    "UI.Field.wolf2": "wolf2",
    "UI.Field.Panther": "Panter",
    "UI.Field.panther": "panther",
    "UI.Field.Crocodile": "Krokodil",
    "UI.Field.crocodile": "crocodile",
    "UI.Field.Snake": "Slang",
    "UI.Field.snake.entity": "snake.entity",
    "UI.Field.Tiger": "Tier",
    "UI.Field.tiger": "tiger",
    "UI.Field.Shark": "Haai",
    "UI.Field.simpleshark": "simpleshark",
    "UI.Field.Bradley": "Bradley",
    "UI.Field.bradleyapc": "bradleyapc",
    "UI.Field.Helicopter": "Helikopter",
    "UI.Field.helicopter": "helicopter",
    "UI.Field.Scientist": "Wetenskaplike",
    "UI.Field.npc_underwaterdweller|scientistnpc_arena|scientistnpc_bradley|scientistnpc_bradley_heavy|scientistnpc_cargo|scientistnpc_cargo_turret_any|scientistnpc_cargo_turret_lr300|scientistnpc_ch47_gunner|scientistnpc_excavator|scientistnpc_full_any|scientistnpc_full_lr300|scientistnpc_full_mp5|scientistnpc_full_pistol|scientistnpc_full_shotgun|scientistnpc_junkpile_pistol|scientistnpc_oilrig|scientistnpc_patrol|scientistnpc_patrol_arctic|scientistnpc_peacekeeper|scientistnpc_roam|scientistnpc_roam_nvg_variant|scientistnpc_roamtethered": "npc_underwaterdweller|scientistnpc_arena|scientistnpc_bradley|scientistnpc_bradley_heavy|scientistnpc_cargo|scientistnpc_cargo_turret_any|scientistnpc_cargo_turret_lr300|scientistnpc_ch47_gunner|scientistnpc_excavator|scientistnpc_full_any|scientistnpc_full_lr300|scientistnpc_full_mp5|scientistnpc_full_pistol|scientistnpc_full_shotgun|scientistnpc_junkpile_pistol|scientistnpc_oilrig|scientistnpc_patrol|scientistnpc_patrol_arctic|scientistnpc_peacekeeper|scientistnpc_roam|scientistnpc_roam_nvg_variant|scientistnpc_roamtethered",
    "UI.Field.Heavy Scientist": "Swaar Wetenskaplike",
    "UI.Field.scientistnpc_heavy": "scientistnpc_heavy",
    "UI.Field.Tunnel Dweller": "Tonnieinwoner",
    "UI.Field.npc_tunneldweller|npc_tunneldwellerspawned": "npc_tunneldweller|npc_tunneldwellerspawned",
    "UI.Field.Underwater Lab Dweller": "Onderwatertoetshuttel",
    "UI.Field.npc_underwaterdweller": "npc_underwaterdweller",
    "UI.Column.RAID": "RAID",
    "UI.Field.Satchel": "Kommers",
    "UI.Field.explosive.satchel": "explosive.satchel",
    "UI.Field.Molotov": "Molotov",
    "UI.Field.grenade.molotov": "grenade.molotov",
    "UI.Field.Flashbang": "Vuurwapen",
    "UI.Field.grenade.flashbang": "grenade.flashbang",
    "UI.Field.Survey Charge": "Survebeeldlading",
    "UI.Field.surveycharge": "surveycharge",
    "UI.Field.Grenade": "Granaat",
    "UI.Field.grenade.f1": "grenade.f1",
    "UI.Field.Beancan": "Boonkanbom",
    "UI.Field.grenade.beancan": "grenade.beancan",
    "UI.Field.Rocket": "Vuurpyl",
    "UI.Field.ammo.rocket.basic": "ammo.rocket.basic",
    "UI.Field.Incendiary Rocket": "Brandpyl",
    "UI.Field.ammo.rocket.fire": "ammo.rocket.fire",
    "UI.Field.Rocket HV": "Hoe Snelheid Vuurpyl",
    "UI.Field.ammo.rocket.hv": "ammo.rocket.hv",
    "UI.Field.Explosive 5.56 Rifle Ammo": "Ontploffende 5.56 Geweermunisie",
    "UI.Field.ammo.rifle.explosive": "ammo.rifle.explosive",
    "UI.Field.GL HE": "GL HE",
    "UI.Field.ammo.grenadelauncher.he": "ammo.grenadelauncher.he",
    "UI.Field.C4": "C4",
    "UI.Field.explosive.timed": "explosive.timed",
    "UI.Field.MLRS Rocket": "MLRS Vuurpyl",
    "UI.Field.ammo.rocket.mlrs": "ammo.rocket.mlrs",
    "UI.Column.RECYCLED": "HERWIN",
    "UI.Field.Propane Tanks": "Propaantenks",
    "UI.Field.propanetank": "propanetank",
    "UI.Field.Gears": "Tandwielle",
    "UI.Field.gears": "gears",
    "UI.Field.Metal Pipe": "Metaalpyp",
    "UI.Field.metalpipe": "metalpipe",
    "UI.Field.Rifle Body": "Geweerlijf",
    "UI.Field.riflebody": "riflebody",
    "UI.Field.Semi Body": "Halfoutomatiese lyf",
    "UI.Field.semibody": "semibody",
    "UI.Field.Metal Springs": "Metaalveer",
    "UI.Field.metalspring": "metalspring",
    "UI.Field.Road Signs": "Padtekens",
    "UI.Field.roadsigns": "roadsigns",
    "UI.Field.Sewing Kits": "Naaldwerkstelle",
    "UI.Field.sewingkit": "sewingkit",
    "UI.Field.Tarp": "Seil",
    "UI.Field.tarp": "tarp",
    "UI.Field.Rope": "Toue",
    "UI.Field.rope": "rope",
    "UI.Field.Sheet Metal": "Plaatmetaal",
    "UI.Field.sheetmetal": "sheetmetal",
    "UI.Field.Fuse": "Sekering",
    "UI.Field.fuse": "fuse",
    "UI.Field.Metal Blade": "Metaal lem",
    "UI.Field.metalblade": "metalblade",
    "UI.Field.SMG Body": "Outomatiese geweer lyf",
    "UI.Field.smgbody": "smgbody",
    "UI.Field.Tech Parts": "Tegniese Komponente",
    "UI.Field.techparts": "techparts",
    "UI.Field.Targeting Computer": "Rigrekenaar",
    "UI.Field.targeting.computer": "targeting.computer",
    "UI.Field.CCTV Camera": "CCTV Kamera",
    "UI.Field.cctv.camera": "cctv.camera",
    "UI.Column.FIRED": "AFGESKIED",
    "UI.Field.Pistol": "Pistool",
    "UI.Field.ammo.pistol": "ammo.pistol",
    "UI.Field.Pistol Incendiary": "Brand Pistool",
    "UI.Field.ammo.pistol.fire": "ammo.pistol.fire",
    "UI.Field.Pistol HV": "Hoe Spoed Pistool",
    "UI.Field.ammo.pistol.hv": "ammo.pistol.hv",
    "UI.Field.Nailguns": "Spykplandwerkers",
    "UI.Field.ammo.nailgun.nails": "ammo.nailgun.nails",
    "UI.Field.Rifle": "Geweer",
    "UI.Field.ammo.rifle": "ammo.rifle",
    "UI.Field.Rifle HV": "Spoedgeweer",
    "UI.Field.ammo.rifle.hv": "ammo.rifle.hv",
    "UI.Field.Rifle Incendiary": "Brandende gewere",
    "UI.Field.ammo.rifle.incendiary": "ammo.rifle.incendiary",
    "UI.Field.HandMades": "Handgemaak",
    "UI.Field.ammo.handmade.shell": "ammo.handmade.shell",
    "UI.Field.GL Buckshot": "GL vogskote",
    "UI.Field.ammo.grenadelauncher.buckshot": "ammo.grenadelauncher.buckshot",
    "UI.Field.Shotgun Slug": "Jaggeweer slak",
    "UI.Field.ammo.shotgun.slug": "ammo.shotgun.slug",
    "UI.Field.Shotgun Fire": "Brand Jaggeweer",
    "UI.Field.ammo.shotgun.fire": "ammo.shotgun.fire",
    "UI.Field.Shotgun": "Jaggeweer",
    "UI.Field.ammo.shotgun": "ammo.shotgun",
    "UI.Field.SnowBall": "Sneeubal",
    "UI.Field.snowball": "snowball",
    "UI.Field.Wooden Arrow": "Hout Pyl",
    "UI.Field.arrow.wooden": "arrow.wooden",
    "UI.Field.Fire Arrow": "Brand Pyl",
    "UI.Field.arrow.fire": "arrow.fire",
    "UI.Field.Bone Arrow": "Been Pyl",
    "UI.Field.arrow.bone": "arrow.bone",
    "UI.Field.High Velocity Arrow": "Hoe Snelheid Pyl",
    "UI.Field.arrow.hv": "arrow.hv",
    "UI.Column.FISHING": "VISVANG",
    "UI.Field.Anchovy": "Anchovisk",
    "UI.Field.fish.anchovy": "fish.anchovy",
    "UI.Field.Catfish": "Baberviss",
    "UI.Field.fish.catfish": "fish.catfish",
    "UI.Field.Herring": "Hering",
    "UI.Field.fish.herring": "fish.herring",
    "UI.Field.Orange Roughy": "Terrace",
    "UI.Field.fish.orangeroughy": "fish.orangeroughy",
    "UI.Field.Salmon": "Salmon",
    "UI.Field.fish.salmon": "fish.salmon",
    "UI.Field.Sardine": "Sardyn",
    "UI.Field.fish.sardine": "fish.sardine",
    "UI.Field.Small Shark": "Klein Haai",
    "UI.Field.fish.smallshark": "fish.smallshark",
    "UI.Field.Small Trout": "Klein Forel",
    "UI.Field.fish.troutsmall": "fish.troutsmall",
    "UI.Field.Yellow Perch": "Geelskerre",
    "UI.Field.fish.yellowperch": "fish.yellowperch",
    "UI.Field.Minnows": "Stremsel",
    "UI.Field.fish.minnows": "fish.minnows",
    "UI.Column.CRAFTED": "VERVAARDIG",
    "UI.Field.Garage Door": "Motorhuisdeur",
    "UI.Field.wall.frame.garagedoor": "wall.frame.garagedoor",
    "UI.Field.Sheet Metal Double Door": "Metaalplaat Dubbeld deur",
    "UI.Field.door.double.hinged.metal": "door.double.hinged.metal",
    "UI.Field.Armored Double Door": "Gepantserde Dubbeld deur",
    "UI.Field.door.double.hinged.toptier": "door.double.hinged.toptier",
    "UI.Field.Wood Double Door": "Houtdubbeld deur",
    "UI.Field.door.double.hinged.wood": "door.double.hinged.wood",
    "UI.Field.Sheet Metal Door": "Metaalplaat deur",
    "UI.Field.door.hinged.metal": "door.hinged.metal",
    "UI.Field.Armored Door": "Gepantserde deur",
    "UI.Field.door.hinged.toptier": "door.hinged.toptier",
    "UI.Field.Wood Door": "Houtdeur",
    "UI.Field.door.hinged.wood": "door.hinged.wood",
    "UI.Field.Large Wood Box": "Groot Houtkas",
    "UI.Field.box.wooden.large": "box.wooden.large",
    "UI.Field.Wood Storage Box": "Hout Opbergdoos",
    "UI.Field.box.wooden": "box.wooden",
    "UI.Field.Flame Turret": "Vlam Toerent",
    "UI.Field.flameturret": "flameturret",
    "UI.Field.Shotgun Trap": "Jaggeweer Val",
    "UI.Field.guntrap": "guntrap",
    "UI.Field.Auto Turret": "Outomatiese Toerent",
    "UI.Field.autoturret": "autoturret",
    "UI.Field.Code Lock": "Kode Slot",
    "UI.Field.lock.code": "lock.code",
    "UI.Field.Key Lock": "Sleutelslot",
    "UI.Field.lock.key": "lock.key",
    "UI.Field.Wooden Ladder": "Houthouser",
    "UI.Field.ladder.wooden.wall": "ladder.wooden.wall",
    "UI.Field.Medical Syringe": "Mediese Spuit",
    "UI.Field.syringe.medical": "syringe.medical",
    "UI.Field.Bandage": "Verband",
    "UI.Field.bandage": "bandage",
    "UI.Field.Large Medkit": "Groot Mediese stel",
    "UI.Field.largemedkit": "largemedkit",
    "UI.Field.Rocket Launcher": "Vuurpylwerper",
    "UI.Field.rocket.launcher": "rocket.launcher",
    "UI.Field.HV Rocket": "Hoe snelweid vuurpyl",
    "UI.Field.Explosives": "Ontploffings",
    "UI.Field.explosives": "explosives",
    "UI.Field.Gun Powder": "Kruit",
    "UI.Field.gunpowder": "gunpowder",
    "UI.Field.Low Grade Fuel": "Lae graad brandstof",
    "UI.Field.lowgradefuel": "lowgradefuel",
    "UI.Column.LOOTED": "GEBRY",
    "UI.Field.Normal Crate": "Normale krat",
    "UI.Field.crate_normal_2": "crate_normal_2",
    "UI.Field.Basic Crate": "Basiese krat",
    "UI.Field.crate_basic": "crate_basic",
    "UI.Field.Elite Crate": "Elite krat",
    "UI.Field.crate_elite": "crate_elite",
    "UI.Field.Military Crate": "Militêre krat",
    "UI.Field.crate_normal": "crate_normal",
    "UI.Field.Tools Crate": "Gereedskap krat",
    "UI.Field.crate_tools": "crate_tools",
    "UI.Field.Supply Drop": "Voorsiening stort",
    "UI.Field.supply_drop": "supply_drop",
    "UI.Field.Locked Crate": "Geslote krat",
    "UI.Field.codelockedhackablecrate|codelockedhackablecrate_oilrig": "codelockedhackablecrate|codelockedhackablecrate_oilrig",
    "UI.Tabs.BUILDING": "BOU",
    "UI.Tabs.HITRATE": "TREFTEMPO",
    "UI.Field.Head kills": "Kop skote",
    "UI.Field.HEAD": "KOP",
    "UI.Leaderboard.Column.Nickname": "Bynaam",
    "UI.Leaderboard.Column.Kills": "Doodmaak",
    "UI.Leaderboard.Column.Deaths": "Sterftes",
    "UI.Leaderboard.Column.KDR": "K/S verhouding",
    "UI.Leaderboard.Column.NPC Kills": "NPC doodmaak",
    "UI.Leaderboard.Column.Total online": "Totaal aanlyn",
    "UI.Leaderboard.Column.Scores": "Punte",
    "UI.BodyParts.HEAD": "KOP",
    "UI.BodyParts.ARM": "ARM",
    "UI.BodyParts.CHEST": "BORST",
    "UI.BodyParts.HIP": "HEUP",
    "UI.BodyParts.BODY": "LYF",
    "UI.BodyParts.NECK": "NEK",
    "UI.Building.wall.frame_twigs": "MUUR.RAME- TWIGS",
    "UI.Grade.twigs": "TWIGS",
    "UI.Building.wall.frame_wood": "MUUR.RAME- HOUT",
    "UI.Grade.wood": "WOOD",
    "UI.Building.wall.frame_stone": "MUUR.RAME- KLIP",
    "UI.Grade.stone": "STONE",
    "UI.Building.wall.frame_metal": "MUUR.RAME- METAAL",
    "UI.Grade.metal": "METAL",
    "UI.Building.wall.frame_toptier": "MUUR.RAME- BO STAND",
    "UI.Grade.toptier": "TOPTIER",
    "UI.Building.wall.frame_count": "MUUR.RAME- GETEL",
    "UI.Grade.count": "COUNT",
    "UI.Building.wall.frame_none": "MUUR.RAME- GEEN",
    "UI.Grade.none": "NONE",
    "UI.Building.block.stair.ushape_twigs": "BLOK.TRAP.VORM-U- TWIGS",
    "UI.Building.block.stair.ushape_wood": "BLOK.TRAP.VORM-U- HOUT",
    "UI.Building.block.stair.ushape_stone": "BLOK.TRAP.VORM-U- KLIP",
    "UI.Building.block.stair.ushape_metal": "BLOK.TRAP.VORM-U- METAAL",
    "UI.Building.block.stair.ushape_toptier": "BLOK.TRAP.VORM-U- BO STAND",
    "UI.Building.block.stair.ushape_count": "BLOK.TRAP.VORM-U- GETEL",
    "UI.Building.block.stair.ushape_none": "BLOK.TRAP.VORM-U- GEEN",
    "UI.Building.roof_twigs": "DAK- TWIGS",
    "UI.Building.roof_wood": "DAK- HOUT",
    "UI.Building.roof_stone": "DAK- KLIP",
    "UI.Building.roof_metal": "DAK- METAAL",
    "UI.Building.roof_toptier": "DAK- BO STAND",
    "UI.Building.roof_count": "DAK- GETEL",
    "UI.Building.roof_none": "DAK- GEEN",
    "UI.Building.wall.window_twigs": "MUUR.VENSTER- TWIGS",
    "UI.Building.wall.window_wood": "MUUR.VENSTER- HOUT",
    "UI.Building.wall.window_stone": "MUUR.VENSTER- KLIP",
    "UI.Building.wall.window_metal": "MUUR.VENSTER- METAAL",
    "UI.Building.wall.window_toptier": "MUUR.VENSTER- BO STAND",
    "UI.Building.wall.window_count": "MUUR.VENSTER- GETEL",
    "UI.Building.wall.window_none": "MUUR.VENSTER- GEEN",
    "UI.Building.floor.triangle.frame_twigs": "VLOER.DRIEHOEK.RAME- TWIGS",
    "UI.Building.floor.triangle.frame_wood": "VLOER.DRIEHOEK.RAME- HOUT",
    "UI.Building.floor.triangle.frame_stone": "VLOER.DRIEHOEK.RAME- KLIP",
    "UI.Building.floor.triangle.frame_metal": "VLOER.DRIEHOEK.RAME- METAAL",
    "UI.Building.floor.triangle.frame_toptier": "VLOER.DRIEHOEK.RAME- BO STAND",
    "UI.Building.floor.triangle.frame_count": "VLOER.DRIEHOEK.RAME- GETEL",
    "UI.Building.floor.triangle.frame_none": "VLOER.DRIEHOEK.RAME- GEEN",
    "UI.Building.wall.low_twigs": "MUUR.LAAG- TWIGS",
    "UI.Building.wall.low_wood": "MUUR.LAAG- HOUT",
    "UI.Building.wall.low_stone": "MUUR.LAAG- KLIP",
    "UI.Building.wall.low_metal": "MUUR.LAAG- METAAL",
    "UI.Building.wall.low_toptier": "MUUR.LAAG- BO STAND",
    "UI.Building.wall.low_count": "MUUR.LAAG- GETEL",
    "UI.Building.wall.low_none": "MUUR.LAAG- GEEN",
    "UI.Building.wall.half_twigs": "MUUR.LR.- TWIGS",
    "UI.Building.wall.half_wood": "MUUR.LR.- HOUT",
    "UI.Building.wall.half_stone": "MUUR.LR.- KLIP",
    "UI.Building.wall.half_metal": "MUUR.LR.- METAAL",
    "UI.Building.wall.half_toptier": "MUUR.LR.- BO STAND",
    "UI.Building.wall.half_count": "MUUR.LR.- GETEL",
    "UI.Building.wall.half_none": "MUUR.LR.- GEEN",
    "UI.Building.roof.triangle_twigs": "DAK.DRIEHOEK- TWIGS",
    "UI.Building.roof.triangle_wood": "DAK.DRIEHOEK- HOUT",
    "UI.Building.roof.triangle_stone": "DAK.DRIEHOEK- KLIP",
    "UI.Building.roof.triangle_metal": "DAK.DRIEHOEK- METAAL",
    "UI.Building.roof.triangle_toptier": "DAK.DRIEHOEK- BO STAND",
    "UI.Building.roof.triangle_count": "DAK.DRIEHOEK- GETEL",
    "UI.Building.roof.triangle_none": "DAK.DRIEHOEK- GEEN",
    "UI.Building.foundation.steps_twigs": "FONDASIE.STAPPE- TWIGS",
    "UI.Building.foundation.steps_wood": "FONDASIE.STAPPE- HOUT",
    "UI.Building.foundation.steps_stone": "FONDASIE.STAPPE- KLIP",
    "UI.Building.foundation.steps_metal": "FONDASIE.STAPPE- METAAL",
    "UI.Building.foundation.steps_toptier": "FONDASIE.STAPPE- BO STAND",
    "UI.Building.foundation.steps_count": "FONDASIE.STAPPE- GETEL",
    "UI.Building.foundation.steps_none": "FONDASIE.STAPPE- GEEN",
    "UI.Building.floor_twigs": "VLOER- TWIGS",
    "UI.Building.floor_wood": "VLOER- HOUT",
    "UI.Building.floor_stone": "VLOER- KLIP",
    "UI.Building.floor_metal": "VLOER- METAAL",
    "UI.Building.floor_toptier": "VLOER- BO STAND",
    "UI.Building.floor_count": "VLOER- GETEL",
    "UI.Building.floor_none": "VLOER- GEEN",
    "UI.Building.ramp_twigs": "HELLING- TWIGS",
    "UI.Building.ramp_wood": "HELLING- HOUT",
    "UI.Building.ramp_stone": "HELLING- KLIP",
    "UI.Building.ramp_metal": "HELLING- METAAL",
    "UI.Building.ramp_toptier": "HELLING- BO STAND",
    "UI.Building.ramp_count": "HELLING- GETEL",
    "UI.Building.ramp_none": "HELLING- GEEN",
    "UI.Building.wall_twigs": "MUUR- TWIGS",
    "UI.Building.wall_wood": "MUUR- HOUT",
    "UI.Building.wall_stone": "MUUR- KLIP",
    "UI.Building.wall_metal": "MUUR- METAAL",
    "UI.Building.wall_toptier": "MUUR- BO STAND",
    "UI.Building.wall_count": "MUUR- GETEL",
    "UI.Building.wall_none": "MUUR- GEEN",
    "UI.Building.wall.doorway_twigs": "MUUR.DEUR-KADER- TWIGS",
    "UI.Building.wall.doorway_wood": "MUUR.DEUR-KADER- HOUT",
    "UI.Building.wall.doorway_stone": "MUUR.DEUR-KADER- KLIP",
    "UI.Building.wall.doorway_metal": "MUUR.DEUR-KADER- METAAL",
    "UI.Building.wall.doorway_toptier": "MUUR.DEUR-KADER- BO STAND",
    "UI.Building.wall.doorway_count": "MUUR.DEUR-KADER- GETEL",
    "UI.Building.wall.doorway_none": "MUUR.DEUR-KADER- GEEN",
    "UI.Building.block.stair.lshape_twigs": "BLOK.LR.VORM-L- TWIGS",
    "UI.Building.block.stair.lshape_wood": "BLOK.LR.VORM-L- HOUT",
    "UI.Building.block.stair.lshape_stone": "BLOK.LR.VORM-L- KLIP",
    "UI.Building.block.stair.lshape_metal": "BLOK.LR.VORM-L- METAAL",
    "UI.Building.block.stair.lshape_toptier": "BLOK.LR.VORM-L- BO STAND",
    "UI.Building.block.stair.lshape_count": "BLOK.LR.VORM-L- GETEL",
    "UI.Building.block.stair.lshape_none": "BLOK.LR.VORM-L- GEEN",
    "UI.Building.foundation.triangle_twigs": "FONDASIE.DRIEHOEK- TWIGS",
    "UI.Building.foundation.triangle_wood": "FONDASIE.DRIEHOEK- HOUT",
    "UI.Building.foundation.triangle_stone": "FONDASIE.DRIEHOEK- KLIP",
    "UI.Building.foundation.triangle_metal": "FONDASIE.DRIEHOEK- METAAL",
    "UI.Building.foundation.triangle_toptier": "FONDASIE.DRIEHOEK- BO STAND",
    "UI.Building.foundation.triangle_count": "FONDASIE.DRIEHOEK- GETEL",
    "UI.Building.foundation.triangle_none": "FONDASIE.DRIEHOEK- GEEN",
    "UI.Building.floor.triangle_twigs": "VLOER.DRIEHOEK- TWIGS",
    "UI.Building.floor.triangle_wood": "VLOER.DRIEHOEK- HOUT",
    "UI.Building.floor.triangle_stone": "VLOER.DRIEHOEK- KLIP",
    "UI.Building.floor.triangle_metal": "VLOER.DRIEHOEK- METAAL",
    "UI.Building.floor.triangle_toptier": "VLOER.DRIEHOEK- BO STAND",
    "UI.Building.floor.triangle_count": "VLOER.DRIEHOEK- GETEL",
    "UI.Building.floor.triangle_none": "VLOER.DRIEHOEK- GEEN",
    "UI.Building.floor.frame_twigs": "VLOER.RAME- TWIGS",
    "UI.Building.floor.frame_wood": "VLOER.RAME- HOUT",
    "UI.Building.floor.frame_stone": "VLOER.RAME- KLIP",
    "UI.Building.floor.frame_metal": "VLOER.RAME- METAAL",
    "UI.Building.floor.frame_top...": "VLOER.RAME- BO STAND",
    "UI.Building.floor.frame_count": "VLOER.RAME- GETEL",
    "UI.Building.floor.frame_none": "VLOER.RAME- GEEN",
    "UI.Building.foundation_twigs": "FONDASIE- TWIGS",
    "UI.Building.foundation_wood": "FONDASIE- HOUT",
    "UI.Building.foundation_stone": "FONDASIE- KLIP",
    "UI.Building.foundation_metal": "FONDASIE- METAAL",
    "UI.Building.foundation_toptier": "FONDASIE- BO STAND",
    "UI.Building.foundation_count": "FONDASIE- GETEL",
    "UI.Building.foundation_none": "FONDASIE- GEEN",
    "UI.Building.block.stair.spiral_twigs": "BLOK.STAP. Gieten- TWIGS",
    "UI.Building.block.stair.spiral_wood": "BLOK.STAP. Gieten- HOUT",
    "UI.Building.block.stair.spiral_stone": "BLOK.STAP. Gieten- KLIP",
    "UI.Building.block.stair.spiral_metal": "BLOK.STAP. Gieten- METAAL",
    "UI.Building.block.stair.spiral_toptier": "BLOK.STAP. Gieten- BO STAND",
    "UI.Building.block.stair.spiral_count": "BLOK.STAP. Gieten- GETEL",
    "UI.Building.block.stair.spiral_none": "BLOK.STAP. Gieten- GEEN",
    "UI.Building.block.stair.spiral.triangle_twigs": "BLOK.STAP. Gieten.DRIEHOEK- TWIGS",
    "UI.Building.block.stair.spiral.triangle_wood": "BLOK.STAP. Gieten.DRIEHOEK- HOUT",
    "UI.Building.block.stair.spiral.triangle_stone": "BLOK.STAP. Gieten.DRIEHOEK- KLIP",
    "UI.Building.block.stair.spiral.triangle_metal": "BLOK.STAP. Gieten.DRIEHOEK- METAAL",
    "UI.Building.block.stair.spiral.triangle_toptier": "BLOK.STAP. Gieten.DRIEHOEK- BO STAND",
    "UI.Building.block.stair.spiral.triangle_count": "BLOK.STAP. Gieten.DRIEHOEK- GETEL",
    "UI.Building.block.stair.spiral.triangle_none": "BLOK.STAP. Gieten.DRIEHOEK- GEEN"
}
