{
    "Playtime": "<color=#838383>[</color><color=#f7432a>BestRust Servers</color><color=#838383>]</color> Du kannst die <color=#7dda58>Warteschlange überspringen</color>, indem du eine bestimmte Spielzeit auf den BestRust-Servern erreichst.\n\nDu kannst deine Spielzeit überprüfen und weitere Infos mit dem Befehl <color=#ff5c45>/playtime</color> erhalten.",
    "RustMagic": "<color=#838383>[</color><color=#f7432a>BestRust Servers</color><color=#838383>]</color> Hol dir <color=#f5e942>3 kostenlose hochwertige Rust-Skins</color> hier, indem du den <color=#f5e942>BESTRUST-Code</color> verwendest: https://splits.gg/r/BESTRUST",
    "Store": "<color=#838383>[</color><color=#f7432a>BestRust Servers</color><color=#838383>]</color> Du kannst <color=#f5e942>als VIP die Warteschlange für nur 1€ überspringen</color>, schau dir unseren Shop an! Klicke auf Webseite anzeigen, um zu unserem Shop zu gelangen.<color=#ff5c45>https://store.bestrustservers.com/</color>",
    "Staff": "<color=#838383>[</color><color=#f7432a>BestRust Servers</color><color=#838383>]</color> Möchtest du <color=#f5e942>kostenloses VIP, echtes Geld oder Skins</color> verdienen?\nWir suchen neue Teammitglieder. Du kannst dich als <color=#7dda58>Moderator</color>, <color=#da5a5a>Admin</color>, <color=#cc6ce7>Community Manager</color> oder <color=#d49a17>Content Creator</color> bewerben.\n\nWenn du Interesse hast, besuche den #open-applications-Kanal auf unserem Discord: <color=#ff5c45>discord.gg/bestrustservers</color>",
    "RustMagic2": "<color=#838383>[</color><color=#f7432a>BestRust Servers</color><color=#838383>]</color> Hol dir <color=#f5e942>3 kostenlose hochwertige Rust-Skins</color> hier, indem du den <color=#f5e942>BESTRUST-Code</color> verwendest: https://splits.gg/r/BESTRUST",
    "Store2": "<color=#838383>[</color><color=#f7432a>BestRust Servers</color><color=#838383>]</color> Du kannst <color=#f5e942>als VIP die Warteschlange für nur 1€ überspringen</color>, schau dir unseren Shop an! Klicke auf Webseite anzeigen, um zu unserem Shop zu gelangen.<color=#ff5c45>https://store.bestrustservers.com/</color>",
    "Discord": "<color=#838383>[</color><color=#f7432a>BestRust Servers</color><color=#838383>]</color> Wenn du Hilfe benötigst oder einen Spieler melden möchtest, erstelle bitte ein Ticket auf unserem Discord. Wir helfen dir gerne! <color=#ff5c45>discord.gg/bestrustservers</color>"
}