{
    "Store": "<color=#838383>[</color><color=#f7432a>BestRust Servers</color><color=#838383>]</color> Unser Shop ist sehr benutzerfreundlich. Du kannst <color=#f5e942>VIP-Ränge und Kits</color><color=#f5e942>schon ab 1€</color> kaufen.Du erhältst sie sofort. \nDu kannst mit <color=#ff7763>allen Zahlungsmethoden</color> zahlen, sogar mit <color=#f5e942>Rust Skins</color> und <color=#f5e942>Crypto</color>. Benutze <color=#f7432a>/kit</color> und check die Kits aus.\n\nVIP-Vorteile beinhalten <color=#ff7763>Kits</color>, <color=#ff7763>Warteschlange überspringen</color>, <color=#ff7763>Skinbox</color>, <color=#ff7763>Spawn mit mehr Gesundheit, Wasser und Essen</color> & <color=#ff7763>viel mehr</color>, also schau unbedingt in unserem Shop vorbei!\n\nDanke an alle, die unsere Server unterstützen und helfen, sie am Laufen zu halten!\n\n<color=#ff5c45>https://store.bestrustservers.com/</color>",
    "Splits": "<color=#838383>[</color><color=#f7432a>BestRust Servers</color><color=#838383>]</color> Get <color=#f5e942>Multiple Very OP kit rewards</color> for depositing on splits.gg with the <color=#f5e942>BESTRUST code</color>. </color>Check <color=#ff5c45>/kit</color> for the rewards and make sure you use the <color=#f5e942>BESTRUST code</color> when you deposit on splits.gg",
    "PlaytimeRewards": "<color=#838383>[</color><color=#f7432a>BestRust Servers</color><color=#838383>]</color> Du kannst <color=#7dda58>kostenlose Kits</color> und <color=#e1c05f>Belohnungen</color> verdienen, indem du bestimmte Spielzeiten auf den BestRust-Servern erreichst.\n\nDu kannst deine Spielzeit überprüfen und mehr Infos mit dem Befehl <color=#ff5c45>/playtime</color> erhalten.",
    "Store2": "<color=#838383>[</color><color=#f7432a>BestRust Servers</color><color=#838383>]</color> Unser Shop ist sehr benutzerfreundlich. Du kannst <color=#f5e942>VIP-Ränge und Kits</color>  <color=#f5e942>schon ab 1€</color> kaufen. Du erhältst sie sofort. \nDu kannst mit <color=#ff7763>allen Zahlungsmethoden</color> zahlen, sogar mit <color=#f5e942>Rust Skins</color> und <color=#f5e942>Crypto</color>. Benutze <color=#f7432a>/kit</color> und check die Kits aus.\n\nVIP-Vorteile beinhalten <color=#ff7763>Kits</color>, <color=#ff7763>Warteschlange überspringen</color>, <color=#ff7763>Skinbox</color>, <color=#ff7763>Spawn mit mehr Gesundheit, Wasser und Essen</color> & <color=#ff7763>viel mehr</color>, also schau unbedingt in unserem Shop vorbei!\n\nDanke an alle, die unsere Server unterstützen und helfen, sie am Laufen zu halten!\n\n<color=#ff5c45>https://store.bestrustservers.com/</color>",
    "Splits2": "<color=#838383>[</color><color=#f7432a>BestRust Servers</color><color=#838383>]</color> Get <color=#f5e942>3 free high value rust skins and a free kit</color> by using the <color=#f5e942>BESTRUST code</color>on splits.gg",
    "Staff": "<color=#838383>[</color><color=#f7432a>BestRust Servers</color><color=#838383>]</color> Möchtest du <color=#f5e942>kostenloses VIP, echtes Geld oder Skins</color> verdienen?\nWir suchen neue Teammitglieder. Du kannst dich als <color=#7dda58>Moderator</color>, <color=#da5a5a>Admin</color>, <color=#cc6ce7>Community Manager</color> oder <color=#d49a17>Content Creator</color> bewerben.\n\nFalls du Interesse hast, besuche den #open-applications Kanal auf unserem Discord: <color=#ff5c45>discord.gg/bestrustservers</color>",
    "Store3": "<color=#838383>[</color><color=#f7432a>BestRust Servers</color><color=#838383>]</color> Unser Shop ist sehr benutzerfreundlich. Du kannst <color=#f5e942>VIP-Ränge und Kits</color><color=#f5e942>schon ab 1€</color> kaufen. Du erhältst sie sofort. \nDu kannst mit <color=#ff7763>allen Zahlungsmethoden</color> zahlen, sogar mit <color=#f5e942>Rust Skins</color> und <color=#f5e942>Crypto</color>. Benutze <color=#f7432a>/kit</color> und check die Kits aus.\n\nVIP-Vorteile beinhalten <color=#ff7763>Kits</color>, <color=#ff7763>Warteschlange überspringen</color>, <color=#ff7763>Skinbox</color>, <color=#ff7763>Spawn mit mehr Gesundheit, Wasser und Essen</color> & <color=#ff7763>viel mehr</color>, also schau unbedingt in unserem Shop vorbei!\n\nDanke an alle, die unsere Server unterstützen und helfen, sie am Laufen zu halten!\n\n<color=#ff5c45>https://store.bestrustservers.com/</color>",
    "Splits3": "<color=#838383>[</color><color=#f7432a>BestRust Servers</color><color=#838383>]</color> Get <color=#f5e942>Multiple Very OP kit rewards</color> for depositing on splits.gg with the <color=#f5e942>BESTRUST code</color>. </color>Check <color=#ff5c45>/kit</color> for the rewards and make sure you use the <color=#f5e942>BESTRUST code</color> when you deposit on splits.gg",
    "Discord": "<color=#838383>[</color><color=#f7432a>BestRust Servers</color><color=#838383>]</color> Wenn du Hilfe benötigst oder einen Spieler melden möchtest, erstelle bitte ein Ticket auf unserem Discord. Wir helfen dir gerne! <color=#ff5c45>discord.gg/bestrustservers</color>"
}
