{
  "Prefix": "<color=#D85540>[Blueprint Teilen]</color> ",
  "ArgumentsError": "Falsche Nutzung des Befehls. Versuche <color=#ffff00>/bs help</color>.",
  "Help": "<color=#D85540>Blueprint Teilen Befehle:</color>\n<color=#D85540>/bs toggle</color> - Automatisches Blueprint-Teilen umschalten\n<color=#D85540>/bs share <player></color> - Teile deine gelernten Blueprints mit einem Spieler\n<color=#D85540>/bs show <team|clan|friend> [name]</color> - Zeige geteilte Blueprints mit dir\n<color=#D85540>/bs help</color> - Zeigt dieses Hilfemenü an",
  "ToggleOn": "Blueprint-Teilen ist jetzt <color=#00ff00>aktiviert</color>.",
  "ToggleOff": "Blueprint-Teilen ist jetzt <color=#ff0000>deaktiviert</color>.",
  "NoPermission": "Du hast keine Berechtigung, diesen Befehl zu nutzen.",
  "CannotShare": "Du kannst deine Blueprints nicht mit diesem Spieler teilen. Er muss in deinem Team, Clan oder deiner Freundesliste sein.",
  "NoTarget": "Du musst einen Spieler angeben, mit dem du teilen möchtest.",
  "TargetEqualsPlayer": "Du kannst Blueprints nicht mit dir selbst teilen.",
  "PlayerNotFound": "Spieler nicht gefunden.",
  "PlayerSharedBlueprints": "Du hast <color=#ffff00>{0}</color> Blueprint(s) mit <color=#ffff00>{1}</color> geteilt.",
  "TargetLearntBlueprints": "<color=#ffff00>{0}</color> hat <color=#ffff00>{1}</color> Blueprint(s) mit dir geteilt.",
  "NoBlueprintsToShare": "Du hast keine neuen Blueprints, die du mit <color=#ffff00>{0}</color> teilen könntest.",
  "PlayerSharedBlueprint": "Du hast das <color=#ffff00>{0}</color> Blueprint gelernt und mit <color=#ffff00>{1}</color> Spieler(n) geteilt.",
  "TargetLearntBlueprint": "<color=#ffff00>{0}</color> hat das <color=#ffff00>{1}</color> Blueprint mit dir geteilt.",
  "BlueprintBlocked": "Das <color=#ffff00>{0}</color> Blueprint ist vom Teilen ausgeschlossen, aber du hast es trotzdem gelernt.",
  "TargetSharingDisabled": "Kann Blueprints nicht mit <color=#ffff00>{0}</color> teilen � sie haben das Teilen deaktiviert.",
  "BlueprintsRemoved": "Du hast den Zugriff auf <color=#ffff00>{0}</color> Blueprint(s) verloren.",
  "ShowMissingArgument": "Du musst angeben, welche geteilten Blueprints du sehen möchtest. Optionen: <color=#ffff00>team</color>, <color=#ffff00>clan</color> oder <color=#ffff00>friend</color>.",
  "ShowFriendArgumentMissing": "Du musst den Namen eines Freundes angeben.",
  "NotFriends": "Du bist nicht mit diesem Spieler befreundet.",
  "NoSharedBlueprints": "Es wurden keine Blueprints mit dir geteilt.",
  "SharedBlueprintsTitle": "Geteilte Blueprints mit dir:",
  "ShowSharedBlueprints": "<color=#ffff00>Stufe {0}:</color> {1}",
  "LoseBlueprintsDisabled": "Diese Funktion wurde vom Serveradministrator deaktiviert."
}