{
  "Notification.ClanInfo.Title": "<size=18><color=#ffa500>Clans</color></size><size=14><color=#ce422b> WIEDERGEBOREN</color></size>",
  "Notification.ClanInfo.Tag": "\nClanTag: <color=#b2eece>{0}</color>",
  "Notification.ClanInfo.Description": "\nBeschreibung: <color=#b2eece>{0}</color>",
  "Notification.ClanInfo.Online": "\nMitglieder online: {0}",
  "Notification.ClanInfo.Offline": "\nMitglieder offline: {0}",
  "Notification.ClanInfo.Members": "\nMitglieder: {0}",
  "Notification.ClanInfo.Established": "\nGegründet: <color=#b2eece>{0}</color>",
  "Notification.ClanInfo.LastOnline": "\nZuletzt online: <color=#b2eece>{0}</color>",
  "Notification.ClanInfo.Alliances": "\nAllianzen: <color=#b2eece>{0}</color>",
  "Notification.ClanInfo.Alliances.None": "Keine",
  "Notification.ClanInfo.TotalMembers": "\nMitglieder: <color=#b2eece>{0}</color>",
  "Notification.ClanInfo.TotalAlliances": "\nAllianzen: <color=#b2eece>{0}</color>",
  "Notification.Create.InExistingClan": "Du bist bereits Mitglied eines Clans",
  "Notification.Create.NoPermission": "Du hast keine Berechtigung, einen Clan zu gründen",
  "Notification.Create.TagReserved1": "Das Tag {0} ist für einen anderen Spieler reserviert",
  "Notification.Create.InvalidTagLength": "Das gewählte Tag ist ungültig. Es muss zwischen {0} und {1} Zeichen lang sein",
  "Notification.Create.InvalidCharacters": "Das gewählte Tag enthält nicht erlaubte Wörter/Zeichen",
  "Notification.Create.ClanExists": "Ein Clan mit diesem Tag existiert bereits",
  "Notification.Create.NoNativeCreate": "Du musst einen Clan mit /clan create <tag> <beschreibung> erstellen",
  "Notification.Create.Success": "Du hast den Clan <color=#aaff55>[{0}]</color> gegründet",
  "Notification.Kick.IsOwner": "Du kannst den Clan-Besitzer nicht kicken",
  "Notification.Kick.NoPermissions": "Du hast keine Berechtigung, Clan-Mitglieder zu kicken",
  "Notification.Kick.NotClanmember": "Das Ziel ist kein Mitglied deines Clans",
  "Notification.Kick.Self": "Du kannst dich nicht selbst kicken",
  "Notification.Kick.NotEnoughRank": "Nur der Clan-Besitzer kann ein anderes ranghöheres Mitglied kicken",
  "Notification.Kick.NoPlayerFound": "Es konnte kein Spieler mit dem angegebenen Namen oder ID gefunden werden",
  "Notification.Kick.Message": "{0} hat {1} aus dem Clan gekickt!",
  "Notification.Kick.PlayerMessage": "{0} hat dich aus dem Clan gekickt!",
  "Notification.Kick.NoPermission": "Du hast keine Berechtigung, Clan-Mitglieder zu kicken",
  "Notification.Leave.Message": "{0} hat den Clan verlassen!",
  "Notification.Leave.PlayerMessage": "Du hast den Clan <color=#aaff55>[{0}]</color> verlassen!",
  "Notification.Leave.NewOwner": "{0} ist jetzt der Clan-Anführer!",
  "Notification.Leave.NoPermission": "Du hast keine Berechtigung, diesen Clan zu verlassen",
  "Notification.Join.NoPermission": "Du hast keine Berechtigung, einem Clan beizutreten",
  "Notification.Join.ExpiredInvite": "Deine Einladung zu {0} ist abgelaufen!",
  "Notification.Join.InExistingClan": "Du bist bereits Mitglied eines anderen Clans",
  "Notification.Join.Message": "{0} ist dem Clan beigetreten!",
  "Notification.Invite.NoPermissions": "Du hast keine Berechtigung, um andere Spieler einzuladen",
  "Notification.Invite.InviteLimit": "Du hast das Limit für die maximale Anzahl an Einladungen erreicht",
  "Notification.Invite.InviteCooldown": "Du musst noch {0} warten, bevor du neue Mitglieder in deinen Clan einladen kannst",
  "Notification.Invite.HasPending": "{0} hat bereits eine ausstehende Clan-Einladung",
  "Notification.Invite.IsMember": "{0} ist bereits Clan-Mitglied",
  "Notification.Invite.InClan": "{0} ist bereits Mitglied eines anderen Clans",
  "Notification.Invite.NoPermission": "{0} hat nicht die erforderliche Berechtigung, einem Clan beizutreten",
  "Notification.Invite.SuccesTarget": "Du wurdest eingeladen, dem Clan beizutreten: <color=#aaff55>[{0}]</color> '{1}'\nZum Beitreten tippe: <color=#ffd479>/{2} accept {0}</color>",
  "Notification.Invite.SuccessClan": "{0} hat {1} eingeladen, dem Clan beizutreten",
  "Notification.PendingInvites": "Du hast ausstehende Clan-Einladungen von: {0}\nZum Beitreten eines Clans tippe: <color=#ffd479>/{1} accept <tag></color>",
  "Notification.WithdrawInvite.NoPermissions": "Du hast nicht keine Berechtigung, um Einladungen zurückzuziehen",
  "Notification.WithdrawInvite.UnableToFind": "Es konnte keine Einladung für den Spieler mit {0} gefunden werden",
  "Notification.WithdrawInvite.Success": "{0} hat die Einladung für {1} zurückgezogen",
  "Notification.RejectInvite.InvalidInvite": "Du hast keine Einladung, um <color=#aaff55>[{0}]</color> beizutreten",
  "Notification.RejectInvite.Message": "{0} hat die Einladung, deinem Clan beizutreten, abgelehnt",
  "Notification.RejectInvite.PlayerMessage": "Du hast die Einladung abgelehnt, <color=#aaff55>[{0}]</color> beizutreten",
  "Notification.Promotion.NoPermissions": "Du hast keine Berechtigung, andere Spieler zu befördern",
  "Notification.Promotion.TargetNoClan": "{0} ist kein Mitglied deines Clans",
  "Notification.Promotion.IsOwner": "Du kannst den Clan-Anführer nicht befördern",
  "Notification.Promotion.IsCouncil": "Du kannst nicht höher als den Rang des Rates befördern",
  "Notification.Promotion.CouncilTaken": "Der Rang des Rates wurde bereits vergeben",
  "Notification.Promotion.ModeratorLimit": "Du hast bereits die maximale Anzahl an Moderatoren",
  "Notification.Promotion.IsModerator": "Du kannst niemanden höher als zum Moderator befördern",
  "Notification.Promotion.Message": "{0} wurde von {2} zum Rang {1} befördert",
  "Notification.Demotion.NoPermissions": "Du hast keine Berechtigung, andere Spieler zu degradieren",
  "Notification.Demotion.IsOwner": "Du kannst den Clan-Anführer nicht degradieren",
  "Notification.Demotion.IsMember": "{0} ist bereits auf dem niedrigsten Rang",
  "Notification.Demotion.Message": "{0} wurde von {2} zum Rang {1} degradiert",
  "Notification.Alliance.NoPermissions": "Du hast keine Berechtigungen, um Allianzen zu verwalten",
  "Notification.Alliance.PendingInvite": "<color=#aaff55>[{0}]</color> hat bereits eine ausstehende Allianz-Einladung",
  "Notification.Alliance.MaximumInvites": "Du hast bereits die maximale Anzahl an Allianz-Einladungen erreicht",
  "Notification.Alliance.MaximumAlliances": "Du hast bereits die maximale Anzahl an Allianzen gebildet",
  "Notification.Alliance.InviteSent": "Du hast eine Allianz-Einladung an <color=#aaff55>[{0}]</color> gesendet\nDie Einladung läuft ab in: {1}",
  "Notification.Alliance.InviteReceived": "Du hast eine Allianz-Einladung von <color=#aaff55>[{0}]</color> erhalten\nZum Akzeptieren tippe: <color=#ffd479>/{2} accept {0}</color>\nDie Einladung läuft ab in: {1}",
  "Notification.Alliance.NoActiveInvite": "Du hast keine aktive Allianz-Einladung für <color=#aaff55>[{0}]</color>",
  "Notification.Alliance.NoActiveInviteFrom": "Du hast keine aktive Allianz-Einladung von <color=#aaff55>[{0}]</color>",
  "Notification.Alliance.WithdrawnClan": "{0} hat eine Allianz-Einladung an <color=#aaff55>[{1}]</color> zurückgezogen",
  "Notification.Alliance.WithdrawnTarget": "<color=#aaff55>[{0}]</color> hat ihre Allianz-Einladung zurückgezogen",
  "Notification.Alliance.AtLimitTarget": "<color=#aaff55>[{0}]</color> hat aktuell die maximale Anzahl an erlaubten Allianzen",
  "Notification.Alliance.AtLimitSelf": "Dein Clan hat aktuell die maximale Anzahl an erlaubten Allianzen",
  "Notification.Alliance.AtLimitAlliedMembersTarget": "<color=#aaff55>[{0}]</color> Clan-Mitgliederanzahl plus Allianz-Mitgliederanzahl plus deine Clan-Mitgliederanzahl ist höher als erlaubt",
  "Notification.Alliance.AtLimitAlliedMembersSelf": "Deine Clan-Mitgliederanzahl plus Allianz-Mitgliederanzahl plus diese Clan-Mitgliederanzahl ist höher als erlaubt",
  "Notification.Alliance.Formed": "<color=#aaff55>[{0}]</color> hat eine Allianz mit <color=#aaff55>[{1}]</color> gebildet",
  "Notification.Alliance.Rejected": "<color=#aaff55>[{0}]</color> hat den Ruf zur Bildung einer Allianz mit <color=#aaff55>[{1}]</color> abgelehnt",
  "Notification.Alliance.Revoked": "<color=#aaff55>[{0}]</color> hat ihre Allianz mit <color=#aaff55>[{1}]</color> widerrufen",
  "Notification.Alliance.NoActiveAlliance": "Du hast aktuell keine Allianz mit <color=#aaff55>[{0}]</color>",
  "Notification.FF.MemberEnabled": "Clan-Kameraden <color=#ffd479>werden</color> durch Friendly Fire Schaden nehmen",
  "Notification.FF.MemberDisabled": "Clan-Kameraden <color=#ffd479>werden keinen</color> Schaden durch Friendly Fire nehmen",
  "Notification.FF.AllyEnabled": "Verbündete <color=#ffd479>werden</color> durch Friendly Fire Schaden nehmen",
  "Notification.FF.AllyDisabled": "Verbündete <color=#ffd479>werden keinen</color> Schaden durch Friendly Fire nehmen",
  "Notification.FF.IsEnabled": "<color=#aaff55>Aktiviert</color>",
  "Notification.FF.IsDisabled": "<color=#ce422b>Deaktiviert</color>",
  "Notification.FF.OnHitClanMember": "{0} ist ein Clan-Mitglied und kann nicht verletzt werden.\nZum Umschalten von Friendly Fire für Clans tippe: <color=#ffd479>/{1}</color>",
  "Notification.FF.OnHitAllyMember": "{0} ist ein Mitglied eines verbündeten Clans und kann nicht verletzt werden.\nZum Umschalten von Friendly Fire für Verbündete tippe: <color=#ffd479>/{1}</color>",
  "Notification.FF.ToggleNotOwner": "Nur der Clan-Besitzer oder der Rat kann Friendly Fire umschalten",
  "Notification.FF.OwnerToggle": "{0} hat Friendly Fire umgeschaltet.\n{1}",
  "Notification.FF.OwnerAllyToggle": "{0} hat Allied Friendly Fire umgeschaltet.\n{1}",
  "Notification.ClanHelp.NoClan": "\nVerfügbare Befehle:\n<color=#ffd479>/{0} create <tag> \"beschreibung\"</color> - Einen neuen Clan gründen\n<color=#ffd479>/{0} accept <tag></color> - Einem Clan auf Einladung beitreten\n<color=#ffd479>/{0} reject <tag></color> - Eine Clan-Einladung ablehnen",
  "Notification.ClanHelp.Basic2": "\nVerfügbare Befehle:\n<color=#ffd479>/{0}</color> - Zeige deine Clan-Informationen\n<color=#ffd479>/{1} <nachricht></color> - Sende eine Nachricht über den Clan-Chat\n<color=#ffd479>/{0} leave</color> - Deinen aktuellen Clan verlassen",
  "Notification.ClanHelp.MFF": "\n<color=#ffd479>/{0}</color> - Friendly Fire gegen andere Clan-Mitglieder umschalten",
  "Notification.ClanHelp.AFF": "\n<color=#ffd479>/{0}</color> - Friendly Fire gegen verbündete Clan-Mitglieder umschalten",
  "Notification.ClanHelp.Alliance": "\n\n<color=#45b6fe><size=14>Allianz-Befehle:</size></color>\n<color=#ffd479>/{0} invite <tag></color> - Lade einen Clan ein, um mit ihm ein Bündnis einzugehen\n<color=#ffd479>/{0} withdraw <tag></color> - Eine Allianz-Einladung zurückziehen\n<color=#ffd479>/{0} accept <tag></color> - Eine Allianz-Einladung annehmen\n<color=#ffd479>/{0} reject <tag></color> - Eine Allianz-Einladung ablehnen\n<color=#ffd479>/{0} revoke <tag></color> - Eine Allianz widerrufen",
  "Notification.ClanHelp.Moderator": "\n\n<color=#b573ff><size=14>Moderator-Befehle:</size></color>\n<color=#ffd479>/{0} invite <name oder ID></color> - Lade einen Spieler in deinen Clan ein\n<color=#ffd479>/{0} withdraw <name oder ID></color> - Eine Einladung zurückziehen\n<color=#ffd479>/{0} kick <name oder ID></color> - Ein Mitglied aus deinem Clan kicken",
  "Notification.ClanHelp.Owner": "\n\n<color=#a1ff46><size=14>Besitzer-Befehle:</size></color>\n<color=#ffd479>/{0} promote <name oder ID></color> - Ein Clan-Mitglied befördern\n<color=#ffd479>/{0} demote <name oder ID></color> - Ein Clan-Mitglied degradieren\n<color=#ffd479>/{0} disband forever</color> - Deinen Clan auflösen",
  "Notification.ClanHelp.TagColor": "\n<color=#ffd479>/{0} tagcolor <hex></color> - Eine benutzerdefinierte Clan-Tag-Farbe setzen\n<color=#ffd479>/{0} tagcolor reset</color> - Standard-Clan-Tag-Farbe wiederherstellen",
  "Notification.Clan.NotInAClan": "\nDu bist derzeit kein Mitglied eines Clans",
  "Notification.Clan.Help": "\nUm verfügbare Befehle zu sehen, tippe: <color=#ffd479>/{0}</color>",
  "Notification.Clan.OwnerOf": "\nDu bist der Besitzer von: <color=#aaff55>{0}</color> ({1}/{2})",
  "Notification.Clan.CouncilOf": "\nDu bist im Rat von: <color=#aaff55>{0}</color> ({1}/{2})",
  "Notification.Clan.ModeratorOf": "\nDu bist ein Moderator von: <color=#aaff55>{0}</color> ({1}/{2})",
  "Notification.Clan.MemberOf": "\nDu bist Mitglied von: <color=#aaff55>{0}</color> ({1}/{2})",
  "Notification.Clan.MembersOnline": "\nMitglieder online: {0}",
  "Notification.Clan.MFF": "\nClan FF Status: {0} (<color=#ffd479>/{1}</color>)",
  "Notification.Clan.AFF": "\nAlly FF Status: {0} (<color=#ffd479>/{1}</color>)",
  "Notification.Clan.CreateSyntax": "<color=#ffd479>/{0} create <tag> \"beschreibung\"</color> - Einen neuen Clan gründen",
  "Notification.Clan.InviteSyntax": "<color=#ffd479>/{0} invite <partialNameOrID></color> - Lade einen Spieler in deinen Clan ein",
  "Notification.Clan.WithdrawSyntax": "<color=#ffd479>/{0} withdraw <partialNameOrID></color> - Eine Mitgliedseinladung zurückziehen",
  "Notification.Clan.AcceptSyntax": "<color=#ffd479>/{0} accept <tag></color> - Einem Clan mit Einladung beitreten",
  "Notification.Clan.RejectSyntax": "<color=#ffd479>/{0} reject <tag></color> - Eine Clan-Einladung ablehnen",
  "Notification.Clan.PromoteSyntax": "<color=#ffd479>/{0} promote <partialNameOrID></color> - Ein Clan-Mitglied zum nächsten Rang befördern",
  "Notification.Clan.DemoteSyntax": "<color=#ffd479>/{0} demote <partialNameOrID></color> - Ein Clan-Mitglied zum nächsten Rang degradieren",
  "Notification.Clan.DisbandSyntax": "<color=#ffd479>/{0} disband forever</color> - Deinen Clan auflösen (dies kann nicht rückgängig gemacht werden)",
  "Notification.Clan.KickSyntax": "<color=#ffd479>/{0} kick <partialNameOrID></color> - Ein Mitglied aus deinem Clan kicken",
  "Notification.Clan.TagColorSyntax": "<color=#ffd479>/{0} tagcolor <hex (XXXXXX)></color> - Eine benutzerdefinierte Clan-Tag-Farbe setzen",
  "Notification.Clan.TagColorFormat": "<color=#ffd479>Der Hex-String muss 6 Zeichen lang sein und eine gültige Hex-Farbe sein</color>",
  "Notification.Clan.TagColorReset": "<color=#ffd479>Du hast die Clan-Tag-Farbe auf Standard zurückgesetzt</color>",
  "Notification.Clan.TagColorSet": "<color=#ffd479>Du hast die Clan-Tag-Farbe auf</color> <color=#{0}>{0}</color> eingestellt",
  "Notification.Clan.TagColorDisabled": "<color=#ffd479>Benutzerdefinierte Tag-Farben sind auf diesem Server deaktiviert</color>",
  "Notification.Clan.TagColorBlocked": "<color=#ffd479>Die Farbe <color=#{0}>{0}</color> ist für die Verwendung durch Clans gesperrt.",
  "Notification.Clan.TagColorOutOfRange": "<color=#ffd479>Die Farbe <color=#{0}>{0}</color> liegt außerhalb des erlaubten Farbbereichs. Du musst eine Farbe zwischen <color=#{1}>{1}</color> und <color=#{2}>{2}</color> wählen</color>",
  "Notification.Disband.NotOwner": "Du musst der Clan-Besitzer sein, um diesen Befehl zu nutzen",
  "Notification.Disband.Success": "Du hast den Clan <color=#aaff55>[{0}]</color> aufgelöst",
  "Notification.Disband.Message": "Der Clan wurde aufgelöst",
  "Notification.Disband.NoPermission": "Du hast keine Berechtigung, diesen Clan aufzulösen",
  "Notification.Generic.ClanFull": "Der Clan ist bereits voll",
  "Notification.Generic.NoClan": "Du bist kein Mitglied eines Clans",
  "Notification.Generic.InvalidClan": "Der Clan <color=#aaff55>[{0}]</color> existiert nicht!",
  "Notification.Generic.NoPermissions": "Du hast keine Berechtigung, um diesen Befehl zu nutzen",
  "Notification.Generic.SpecifyClanTag": "Bitte gib einen Clan-Tag an",
  "Notification.Generic.UnableToFindPlayer": "Es konnte kein Spieler mit dem Namen oder der ID {0} gefunden werden",
  "Notification.Generic.CommandSelf": "Du kannst diesen Befehl nicht auf dich selbst anwenden",
  "Chat.IsMuted": "Du bist derzeit stummgeschaltet",
  "Chat.Alliance.Prefix": "<color=#a1ff46>[ALLIANZ-CHAT]</color>: {0}",
  "Chat.Clan.Prefix": "<color=#a1ff46>[CLAN-CHAT]</color>: {0}",
  "Chat.Alliance.Format": "[{0}] <color={1}>{2}</color>: {3}",
  "Admin.BroadcastToClan": "<color=#ff3333>[ADMIN]</color>: {0}",
  "Admin.Rename": "Ein Administrator hat dein Clan-Tag auf <color=#aaff55>[{0}]</color> geändert",
  "Admin.Disband": "Ein Administrator hat deinen Clan aufgelöst",
  "Admin.Invite": "Ein Administrator hat {0} eingeladen, deinem Clan beizutreten",
  "Admin.Join": "Ein Administrator hat dich gezwungen, <color=#aaff55>[{0}]</color> beizutreten",
  "Admin.Kick": "Ein Administrator hat dich aus <color=#aaff55>[{0}]</color> gekickt",
  "Admin.SetOwner": "Ein Administrator hat {0} als Clan-Anführer gesetzt",
  "Admin.Promote": "Ein Administrator hat {0} zum Rang {1} befördert",
  "Admin.Demote": "Ein Administrator hat {0} zum Rang {1} degradiert"
}