{
  "CommandUsageExtLoad": "Verwendung: oxide.ext.load <extname>+",
  "CommandUsageExtUnload": "Verwendung: oxide.ext.unload <extname>+",
  "CommandUsageExtReload": "Verwendung: oxide.ext.reload <extname>+",
  "CommandUsageGrant": "Verwendung: oxide.grant <group|user> <name|id> <permission>",
  "CommandUsageGroup": "Verwendung: oxide.group <add|set> <name> [title] [rank]",
  "CommandUsageGroupParent": "Verwendung: oxide.group <parent> <name> <parentName>",
  "CommandUsageGroupRemove": "Verwendung: oxide.group <remove> <name>",
  "CommandUsageLang": "Verwendung: oxide.lang <zweibuchstabiger Sprachcode>",
  "CommandUsageLoad": "Verwendung: oxide.load *|<pluginname>+",
  "CommandUsageReload": "Verwendung: oxide.reload *|<pluginname>+",
  "CommandUsageRevoke": "Verwendung: oxide.revoke <group|user> <name|id> <permission>",
  "CommandUsageShow": "Verwendung: oxide.show <groups|perms>",
  "CommandUsageShowName": "Verwendung: oxide.show <group|user> <name>",
  "CommandUsageUnload": "Verwendung: oxide.unload *|<pluginname>+",
  "CommandUsageUserGroup": "Verwendung: oxide.usergroup <add|remove> <username> <groupname>",
  "ConnectionRejected": "Verbindung wurde abgelehnt",
  "DataSaved": "Oxide-Daten werden gespeichert...",
  "GroupAlreadyExists": "Gruppe '{0}' existiert bereits",
  "GroupAlreadyHasPermission": "Gruppe '{0}' hat bereits die Berechtigung '{1}'",
  "GroupDoesNotHavePermission": "Gruppe '{0}' hat nicht die Berechtigung '{1}'",
  "GroupChanged": "Gruppe '{0}' geändert",
  "GroupCreated": "Gruppe '{0}' erstellt",
  "GroupDeleted": "Gruppe '{0}' gelöscht",
  "GroupNotFound": "Gruppe '{0}' existiert nicht",
  "GroupParentChanged": "Elterngruppe von '{0}' geändert zu '{1}'",
  "GroupParentNotChanged": "Elterngruppe von '{0}' wurde nicht geändert",
  "GroupParentNotFound": "Elterngruppe '{0}' existiert nicht",
  "GroupPermissionGranted": "Gruppe '{0}' erteilte Berechtigung '{1}'",
  "GroupPermissionRevoked": "Gruppe '{0}' hat Berechtigung '{1}' entzogen",
  "GroupPermissions": "Berechtigungen der Gruppe '{0}'",
  "GroupPlayers": "Spieler der Gruppe '{0}'",
  "Groups": "Gruppen",
  "InvalidLanguageName": "Ungültiger Sprachname: '{0}'",
  "NoGroupPermissions": "Keine aktuellen Berechtigungen vergeben",
  "NoPermissionGroups": "Keine Gruppen mit dieser Berechtigung",
  "NoPermissionPlayers": "Keine Spieler mit dieser Berechtigung",
  "NoPluginsFound": "Derzeit sind keine Plugins verfügbar",
  "NoPlayerGroups": "Spieler ist keiner Gruppe zugeordnet",
  "NoPlayerPermissions": "Keine aktuellen Berechtigungen vergeben",
  "NoPlayersInGroup": "Derzeit keine Spieler in der Gruppe",
  "NotAllowed": "Du darfst den Befehl '{0}' nicht verwenden",
  "ParentGroupPermissions": "Berechtigungen der Elterngruppe '{0}'",
  "PermissionGroups": "Berechtigung '{0}' Gruppen",
  "PermissionPlayers": "Berechtigung '{0}' Spieler",
  "PermissionNotFound": "Berechtigung '{0}' existiert nicht",
  "Permissions": "Berechtigungen",
  "PermissionsNotLoaded": "Berechtigungsdateien konnten nicht geladen werden! Berechtigungen funktionieren nicht, bis das Problem behoben ist.\n => {0}",
  "PlayerLanguage": "Spielersprache auf {0} gesetzt",
  "PluginNotLoaded": "Plugin '{0}' nicht geladen.",
  "PluginReloaded": "Plugin {0} v{1} von {2} neu geladen",
  "PluginUnloaded": "Plugin {0} v{1} von {2} entladen",
  "ServerLanguage": "Serversprache auf {0} gesetzt",
  "Unknown": "Unbekannt",
  "UnknownCommand": "Unbekannter Befehl: {0}",
  "PlayerAddedToGroup": "Spieler '{0}' zur Gruppe hinzugefügt: {1}",
  "PlayerAlreadyHasPermission": "Spieler '{0}' hat bereits die Berechtigung '{1}'",
  "PlayerDoesNotHavePermission": "Spieler '{0}' hat nicht die Berechtigung '{1}'",
  "PlayerNotFound": "Spieler '{0}' nicht gefunden",
  "PlayerGroups": "Spieler '{0}' Gruppen",
  "PlayerPermissions": "Spieler '{0}' Berechtigungen",
  "PlayerPermissionGranted": "Spieler '{0}' erteilte Berechtigung '{1}'",
  "PlayerPermissionRevoked": "Spieler '{0}' hat Berechtigung '{1}' entzogen",
  "PlayerRemovedFromGroup": "Spieler '{0}' aus Gruppe '{1}' entfernt",
  "PlayersFound": "Mehrere Spieler gefunden, bitte spezifizieren: {0}",
  "Version": "Server läuft mit [#ffb658]Oxide {0}[/#] und [#ee715c]{1} {2} ({3})[/#]",
  "YouAreNotAdmin": "Du bist kein Admin"
}