{
  "WebErrorOccurred": "Fehler beim Herunterladen des Bildes! Fehler {0}.",
  "FileTooLarge": "Die Datei überschreitet die maximale Dateigröße von {0}MB.",
  "ErrorOccurred": "Ein unbekannter Fehler ist aufgetreten. Wenn dieser Fehler weiterhin besteht, benachrichtigen Sie bitte den Server-Admin.",
  "RestoreErrorOccurred": "Das Schild kann nicht wiederhergestellt werden, da ihm keine Textur zugewiesen ist.",
  "DownloadQueued": "Dein Bild wurde zur Download-Warteschlange hinzugefügt!",
  "RestoreQueued": "Dein Schild wurde zur Wiederherstellen-Warteschlange hinzugefügt!",
  "RestoreBatchQueued": "Du hast alle {0} Schilder zur Wiederherstellen-Warteschlange hinzugefügt!",
  "ImageLoaded": "Das Bild wurde erfolgreich auf das Schild geladen!",
  "ImageRestored": "Das Bild wurde erfolgreich für das Schild wiederhergestellt!",
  "LogEntry": "Spieler `{0}` (SteamId: {1}) hat {2} in {3} von {4} geladen",
  "NoSignFound": "Kein Schild gefunden! Stelle sicher, dass du eines anschaust und nicht zu weit entfernt bist.",
  "Cooldown": "Du kannst den Befehl noch nicht nutzen! Verbleibender Cooldown: {0}.",
  "SignNotOwned": "Du kannst dieses Schild nicht ändern, da es durch einen Werkzeugschrank geschützt ist.",
  "NoItemHeld": "Du hältst keinen Gegenstand.",
  "ActionQueuedAlready": "Es wurde bereits eine Aktion für dieses Schild eingereiht, bitte warte, bis diese abgeschlossen ist.",
  "SyntaxSilCommand": "Syntaxfehler!\nSyntax: /sil <url> [RAW]",
  "SyntaxSilCommandMulti": "Syntaxfehler!\nSyntax: /sil <1-{0}> <url> [RAW]",
  "SyntaxSiltCommand": "Syntaxfehler!\nSyntax: /silt <Nachricht> [<Schriftgröße:Nummer>] [<Farbe:Hex-Wert>] [<Hintergrundfarbe:Hex-Wert>] [RAW]",
  "SyntaxSiltCommandMulti": "Syntaxfehler!\nSyntax: /silt <1-{0}> <Nachricht> [<Schriftgröße:Nummer>] [<Farbe:Hex-Wert>] [<Hintergrundfarbe:Hex-Wert>] [RAW]",
  "SyntaxSiliCommandMulti": "Syntaxfehler!\nSyntax: /sili <1-{0}>",
  "NoPermission": "Du hast keine Berechtigung, diesen Befehl zu verwenden.",
  "NoPermissionFile": "Du hast keine Berechtigung, Bilder vom Server-Dateisystem zu verwenden.",
  "NoPermissionRaw": "Du hast keine Berechtigung, RAW-Dateien als Bilder zu verwenden, lade stattdessen normal.",
  "NoPermissionRestoreAll": "Du hast keine Berechtigung, alle Schilder gleichzeitig wiederherzustellen.",
  "day": "Tag",
  "days": "Tage",
  "hour": "Stunde",
  "hours": "Stunden",
  "minute": "Minute",
  "minutes": "Minuten",
  "second": "Sekunde",
  "seconds": "Sekunden",
  "and": "und"
}