{
    "NoPermToUse": "Du hast keine Berechtigung, dies zu tun",
    "NoILError": "Das Plugin funktioniert nicht richtig, bitte kontaktiere den Administrator!",
    "UI.Plugin.Title": "BESTENLISTE",
    "UI.Leaderboard.Awards.Title": "Beste Auszeichnungen",
    "UI.Leaderboard.Awards.Place": "{0}. Platz",
    "UI.Search.Players.Title": "SPIELER SUCHE NACH NAMEN ODER STEAMID",
    "UI.Search.Input.Placeholder": "NAME ODER STEAMID EINGEBEN",
    "UI.Players.List.Title": "LISTE DER SPIELER AUF DEM SERVER",
    "UI.Players.NoPlayers": "Keine Spieler verfügbar :(",
    "UI.HitRate.Title": "TREFFERQUOTE",
    "UI.HitRate.Description": "Hier siehst du die Anzahl der Treffer",
    "UI.Building.Title": "BAUEN",
    "UI.Building.Description": "Hier siehst du die Bau-Statistiken",
    "UI.Stat.Value.Total": "Insgesamt: {0}",
    "UI.Stat.Value.Today": "Heute: {0}",
    "UI.Stat.Value.KD": "Kills: {0} / Tode: {1}",
    "UI.Stat.Value.None": "Keine",
    "UI.Stat.Value.Unknown": "Unbekannt",
    "UI.Time.Years": "{0}J",
    "UI.Time.Months": "{0}M",
    "UI.Time.Days": "{0}T",
    "UI.Time.Hours": "{0}h",
    "UI.Time.Minutes": "{0}m",
    "UI.Time.Seconds": "{0}s",
    "MSG.Profile.Already.Loading": "Dieses Profil wird bereits geladen, bitte warte.",
    "MSG.Profile.Wait.Before.Another": "Bitte einen Moment warten, bevor du ein weiteres Profil öffnest.",
    "UI.Leaderboard.Loading": "Laden...",
    "Msg.Player.NotFound": "Spielerstatistiken nicht gefunden",
    "Msg.Invalid.SteamID": "Ungültiges Steam ID-Format",
    "Msg.Hide.Self.Hidden": "Du bist jetzt auf der Bestenliste verborgen",
    "Msg.Hide.Self.Visible": "Du bist jetzt auf der Bestenliste sichtbar",
    "UI.Category.MY STATISTICS": "MEINE STATISTIKEN",
    "UI.Category.TOP 10 PLAYERS": "TOP 10 SPIELER",
    "UI.Category.SEARCH": "SUCHE",
    "UI.Awards.TOP scorers": "BESTE Punktesammler",
    "UI.Awards.Place.Frontiersman Pack": "Frontiersman Paket",
    "UI.Awards.Place.Lumberjack Pack": "Holzfäller-Paket",
    "UI.Awards.Place.Artic Pack": "Arktis-Paket",
    "UI.Awards.Place.Abyss Pack": "Abyss Paket",
    "UI.Awards.Place.Retro Tool Cupboard": "Retro Werkzeugschrank",
    "UI.Awards.TOP killers": "BESTE Killer",
    "UI.Awards.TOP time played": "BESTE Spielzeit",
    "UI.Tabs.GENERAL": "ALLGEMEIN",
    "UI.Field.Profile": "Profil",
    "UI.Field.name": "name",
    "UI.Field.K/D": "K/D",
    "UI.Field.kd": "kd",
    "UI.Field.Time": "Zeit",
    "UI.Field.current_playtime": "current_playtime",
    "UI.Field.Longest Kill Distance": "Längste Kill-Distanz",
    "UI.Field.longest_kill_distance": "longest_kill_distance",
    "UI.Field.Total Resources Gathered": "Gesammelte Ressourcen insgesamt",
    "UI.Field.total_resources": "total_resources",
    "UI.Field.Favorite Resource": "Lieblingsresource",
    "UI.Field.favorite_resource": "favorite_resource",
    "UI.Field.Total Items Crafted": "Insgesamt erstellte Gegenstände",
    "UI.Field.total_items_crafted": "total_items_crafted",
    "UI.Field.Structures Built": "Gebauten Strukturen",
    "UI.Field.structures_built": "structures_built",
    "UI.Field.Upgrades Performed": "Durchgeführte Upgrades",
    "UI.Field.upgrades_performed": "upgrades_performed",
    "UI.Field.Favorite Building Material": "Lieblingsbaumaterial",
    "UI.Field.favorite_building_material": "favorite_building_material",
    "UI.Field.Events Won": "Gewonnene Events",
    "UI.Field.events_won": "events_won",
    "UI.Field.Favorite Event": "Lieblings-Event",
    "UI.Field.favorite_event": "favorite_event",
    "UI.Column.EVENTS": "EREIGNISSE",
    "UI.Field.Convoy": "Konvoi",
    "UI.Field.Sputnik": "Sputnik",
    "UI.Field.Caravan": "Karawane",
    "UI.Field.GasStation": "Tankstelle",
    "UI.Field.GasStationEvent": "Tankstellen-Event",
    "UI.Field.Air": "Luft",
    "UI.Field.AirEvent": "Luft-Event",
    "UI.Field.SatDish": "Satellitenschüssel",
    "UI.Field.SatDishEvent": "Satellitenschüssel-Event",
    "UI.Field.Triangulation": "Triangulation",
    "UI.Field.Water": "Wasser",
    "UI.Field.WaterEvent": "Wasser-Event",
    "UI.Field.Harbor": "Hafen",
    "UI.Field.HarborEvent": "Hafen-Event",
    "UI.Field.ArcticBase": "Arktische Basis",
    "UI.Field.ArcticBaseEvent": "Arktische Basis-Event",
    "UI.Field.Junkyard": "Schrottplatz",
    "UI.Field.JunkyardEvent": "Schrottplatz-Event",
    "UI.Field.Supermarket": "Supermarkt",
    "UI.Field.SupermarketEvent": "Supermarkt-Event",
    "UI.Field.PowerPlant": "Kraftwerk",
    "UI.Field.PowerPlantEvent": "Kraftwerk-Event",
    "UI.Field.Paintball Team": "Paintball-Team",
    "UI.Field.PaintballTeam": "PaintballTeam",
    "UI.Field.Paintball FFA": "Paintball Jeder-gegen-Jeden",
    "UI.Field.PaintballFFA": "PaintballFFA",
    "UI.Field.Survival Arena": "Überlebens-Arena",
    "UI.Field.SurvivalArena": "SurvivalArena",
    "UI.Field.Gun Game": "Waffenspiel",
    "UI.Field.GunGame": "GunGame",
    "UI.Field.Zombie Infection": "Zombie-Infektion",
    "UI.Field.ZombieInfection": "ZombieInfection",
    "UI.Field.Tugboat Pirates": "Tugboot Piraten",
    "UI.Field.TugboatPirates": "TugbootPiraten",
    "UI.Tabs.RESOURCES": "RESSOURCEN",
    "UI.Column.RESOURCES": "RESSOURCEN",
    "UI.Field.Stone": "Stein",
    "UI.Field.stones": "stones",
    "UI.Field.Wood": "Holz",
    "UI.Field.wood": "wood",
    "UI.Field.Sulfur Ore": "Schwefelerz",
    "UI.Field.sulfur.ore": "sulfur.ore",
    "UI.Field.Metal Ore": "Metallerz",
    "UI.Field.metal.ore": "metal.ore",
    "UI.Field.High Quality Metal Ore": "Hochwertiges Metallerz",
    "UI.Field.hq.metal.ore": "hq.metal.ore",
    "UI.Field.Leather": "Leder",
    "UI.Field.leather": "leather",
    "UI.Field.Bone Fragments": "Knochenfragmente",
    "UI.Field.bone.fragments": "bone.fragments",
    "UI.Field.Animal Fat": "Tierfett",
    "UI.Field.fat.animal": "fat.animal",
    "UI.Field.Scrap": "Schrott",
    "UI.Field.scrap": "scrap",
    "UI.Column.FARMING": "FARMEN",
    "UI.Field.Hemp": "Hanf",
    "UI.Field.hemp-collectable": "hemp-collectable",
    "UI.Field.Blue Berry": "Blaue Beeren",
    "UI.Field.blue.berry": "blue.berry",
    "UI.Field.Red Berry": "Rote Beeren",
    "UI.Field.red.berry": "red.berry",
    "UI.Field.Yellow Berry": "Gelbe Beeren",
    "UI.Field.yellow.berry": "yellow.berry",
    "UI.Field.Black Berry": "Schwarze Beeren",
    "UI.Field.black.berry": "black.berry",
    "UI.Field.Green Berry": "Grüne Beeren",
    "UI.Field.green.berry": "green.berry",
    "UI.Field.White Berry": "Weiße Beeren",
    "UI.Field.white.berry": "white.berry",
    "UI.Field.Potato": "Kartoffel",
    "UI.Field.potato": "potato",
    "UI.Field.Cloth": "Stoff",
    "UI.Field.cloth": "cloth",
    "UI.Field.Mushroom": "Pilz",
    "UI.Field.mushroom": "mushroom",
    "UI.Field.Corn": "Mais",
    "UI.Field.corn": "corn",
    "UI.Field.Pumpkin": "Kürbis",
    "UI.Field.pumpkin": "pumpkin",
    "UI.Field.Orchid": "Orchidee",
    "UI.Field.orchid": "orchid",
    "UI.Field.Rose": "Rose",
    "UI.Field.rose": "rose",
    "UI.Field.Sunflower": "Sonnenblume",
    "UI.Field.sunflower": "sunflower",
    "UI.Field.Wheat": "Weizen",
    "UI.Field.wheat": "wheat",
    "UI.Column.MISC": "VERSCHIEDENES",
    "UI.Field.Bears": "Bären",
    "UI.Field.bear": "bear",
    "UI.Field.Polar Bears": "Eisbären",
    "UI.Field.polarbear": "polarbear",
    "UI.Field.Boars": "Wildschweine",
    "UI.Field.boar": "boar",
    "UI.Field.Chicken": "Hühner",
    "UI.Field.chicken": "chicken",
    "UI.Field.Stag": "Hirsch",
    "UI.Field.stag": "stag",
    "UI.Field.Wolf": "Wolf",
    "UI.Field.wolf2": "wolf2",
    "UI.Field.Panther": "Panther",
    "UI.Field.panther": "panther",
    "UI.Field.Crocodile": "Krokodil",
    "UI.Field.crocodile": "crocodile",
    "UI.Field.Snake": "Schlange",
    "UI.Field.snake.entity": "snake.entity",
    "UI.Field.Tiger": "Tiger",
    "UI.Field.tiger": "tiger",
    "UI.Field.Shark": "Hai",
    "UI.Field.simpleshark": "simpleshark",
    "UI.Field.Bradley": "Bradley",
    "UI.Field.bradleyapc": "bradleyapc",
    "UI.Field.Helicopter": "Hubschrauber",
    "UI.Field.helicopter": "helicopter",
    "UI.Field.Scientist": "Wissenschaftler",
    "UI.Field.npc_underwaterdweller|scientistnpc_arena|scientistnpc_bradley|scientistnpc_bradley_heavy|scientistnpc_cargo|scientistnpc_cargo_turret_any|scientistnpc_cargo_turret_lr300|scientistnpc_ch47_gunner|scientistnpc_excavator|scientistnpc_full_any|scientistnpc_full_lr300|scientistnpc_full_mp5|scientistnpc_full_pistol|scientistnpc_full_shotgun|scientistnpc_junkpile_pistol|scientistnpc_oilrig|scientistnpc_patrol|scientistnpc_patrol_arctic|scientistnpc_peacekeeper|scientistnpc_roam|scientistnpc_roam_nvg_variant|scientistnpc_roamtethered": "npc_underwaterdweller|scientistnpc_arena|scientistnpc_bradley|scientistnpc_bradley_heavy|scientistnpc_cargo|scientistnpc_cargo_turret_any|scientistnpc_cargo_turret_lr300|scientistnpc_ch47_gunner|scientistnpc_excavator|scientistnpc_full_any|scientistnpc_full_lr300|scientistnpc_full_mp5|scientistnpc_full_pistol|scientistnpc_full_shotgun|scientistnpc_junkpile_pistol|scientistnpc_oilrig|scientistnpc_patrol|scientistnpc_patrol_arctic|scientistnpc_peacekeeper|scientistnpc_roam|scientistnpc_roam_nvg_variant|scientistnpc_roamtethered",
    "UI.Field.Heavy Scientist": "Schwer gepanzerter Wissenschaftler",
    "UI.Field.scientistnpc_heavy": "scientistnpc_heavy",
    "UI.Field.Tunnel Dweller": "Tunnelbewohner",
    "UI.Field.npc_tunneldweller|npc_tunneldwellerspawned": "npc_tunneldweller|npc_tunneldwellerspawned",
    "UI.Field.Underwater Lab Dweller": "Bewohner der Unterwasserlabors",
    "UI.Field.npc_underwaterdweller": "npc_underwaterdweller",
    "UI.Column.RAID": "RAID",
    "UI.Field.Satchel": "Tasche (explosiv)",
    "UI.Field.explosive.satchel": "explosive.satchel",
    "UI.Field.Molotov": "Molotow",
    "UI.Field.grenade.molotov": "grenade.molotov",
    "UI.Field.Flashbang": "Blendgranate",
    "UI.Field.grenade.flashbang": "grenade.flashbang",
    "UI.Field.Survey Charge": "Sprengladung",
    "UI.Field.surveycharge": "surveycharge",
    "UI.Field.Grenade": "Granate",
    "UI.Field.grenade.f1": "grenade.f1",
    "UI.Field.Beancan": "Bohnendosen-Granate",
    "UI.Field.grenade.beancan": "grenade.beancan",
    "UI.Field.Rocket": "Rakete",
    "UI.Field.ammo.rocket.basic": "ammo.rocket.basic",
    "UI.Field.Incendiary Rocket": "Brandrakete",
    "UI.Field.ammo.rocket.fire": "ammo.rocket.fire",
    "UI.Field.Rocket HV": "Hochgeschwindigkeitsrakete",
    "UI.Field.ammo.rocket.hv": "ammo.rocket.hv",
    "UI.Field.Explosive 5.56 Rifle Ammo": "Explosive 5.56 Gewehrmunition",
    "UI.Field.ammo.rifle.explosive": "ammo.rifle.explosive",
    "UI.Field.GL HE": "GL HE",
    "UI.Field.ammo.grenadelauncher.he": "ammo.grenadelauncher.he",
    "UI.Field.C4": "C4",
    "UI.Field.explosive.timed": "explosive.timed",
    "UI.Field.MLRS Rocket": "MLRS Rakete",
    "UI.Field.ammo.rocket.mlrs": "ammo.rocket.mlrs",
    "UI.Column.RECYCLED": "RECYCELT",
    "UI.Field.Propane Tanks": "Propangasflasche",
    "UI.Field.propanetank": "propanetank",
    "UI.Field.Gears": "Zahnräder",
    "UI.Field.gears": "gears",
    "UI.Field.Metal Pipe": "Metallrohr",
    "UI.Field.metalpipe": "metalpipe",
    "UI.Field.Rifle Body": "Gewehrgehäuse",
    "UI.Field.riflebody": "riflebody",
    "UI.Field.Semi Body": "Halbautomatik-Gehäuse",
    "UI.Field.semibody": "semibody",
    "UI.Field.Metal Springs": "Metallfedern",
    "UI.Field.metalspring": "metalspring",
    "UI.Field.Road Signs": "Straßenschilder",
    "UI.Field.roadsigns": "roadsigns",
    "UI.Field.Sewing Kits": "Nähsets",
    "UI.Field.sewingkit": "sewingkit",
    "UI.Field.Tarp": "Plane",
    "UI.Field.tarp": "tarp",
    "UI.Field.Rope": "Seil",
    "UI.Field.rope": "rope",
    "UI.Field.Sheet Metal": "Wellblech",
    "UI.Field.sheetmetal": "sheetmetal",
    "UI.Field.Fuse": "Sicherung",
    "UI.Field.fuse": "fuse",
    "UI.Field.Metal Blade": "Metallklinge",
    "UI.Field.metalblade": "metalblade",
    "UI.Field.SMG Body": "MP-Gehäuse",
    "UI.Field.smgbody": "smgbody",
    "UI.Field.Tech Parts": "Technikteile",
    "UI.Field.techparts": "techparts",
    "UI.Field.Targeting Computer": "Zielcomputer",
    "UI.Field.targeting.computer": "targeting.computer",
    "UI.Field.CCTV Camera": "Überwachungskamera",
    "UI.Field.cctv.camera": "cctv.camera",
    "UI.Column.FIRED": "GEFEUERT",
    "UI.Field.Pistol": "Pistolenmunition",
    "UI.Field.ammo.pistol": "ammo.pistol",
    "UI.Field.Pistol Incendiary": "Pistolen Brandmunition",
    "UI.Field.ammo.pistol.fire": "ammo.pistol.fire",
    "UI.Field.Pistol HV": "Pistolenmunition (hohe Geschwindigkeit)",
    "UI.Field.ammo.pistol.hv": "ammo.pistol.hv",
    "UI.Field.Nailguns": "Nagelpistolen",
    "UI.Field.ammo.nailgun.nails": "ammo.nailgun.nails",
    "UI.Field.Rifle": "Gewehrmunition",
    "UI.Field.ammo.rifle": "ammo.rifle",
    "UI.Field.Rifle HV": "Gewehrmunition (hohe Geschwindigkeit)",
    "UI.Field.ammo.rifle.hv": "ammo.rifle.hv",
    "UI.Field.Rifle Incendiary": "Gewehr Brandmunition",
    "UI.Field.ammo.rifle.incendiary": "ammo.rifle.incendiary",
    "UI.Field.HandMades": "Selbstgemacht",
    "UI.Field.ammo.handmade.shell": "ammo.handmade.shell",
    "UI.Field.GL Buckshot": "Schrotflinten Munition",
    "UI.Field.ammo.grenadelauncher.buckshot": "ammo.grenadelauncher.buckshot",
    "UI.Field.Shotgun Slug": "Schrotflinten Einzelgeschoss",
    "UI.Field.ammo.shotgun.slug": "ammo.shotgun.slug",
    "UI.Field.Shotgun Fire": "Schrotflinte Brandmunition",
    "UI.Field.ammo.shotgun.fire": "ammo.shotgun.fire",
    "UI.Field.Shotgun": "Schrotflinte",
    "UI.Field.ammo.shotgun": "ammo.shotgun",
    "UI.Field.SnowBall": "Schneeball",
    "UI.Field.snowball": "snowball",
    "UI.Field.Wooden Arrow": "Holzpfeil",
    "UI.Field.arrow.wooden": "arrow.wooden",
    "UI.Field.Fire Arrow": "Brandpfeil",
    "UI.Field.arrow.fire": "arrow.fire",
    "UI.Field.Bone Arrow": "Knochenpfeil",
    "UI.Field.arrow.bone": "arrow.bone",
    "UI.Field.High Velocity Arrow": "Hochgeschwindigkeits-Pfeil",
    "UI.Field.arrow.hv": "arrow.hv",
    "UI.Column.FISHING": "FISCHEN",
    "UI.Field.Anchovy": "Sardelle",
    "UI.Field.fish.anchovy": "fish.anchovy",
    "UI.Field.Catfish": "Wels",
    "UI.Field.fish.catfish": "fish.catfish",
    "UI.Field.Herring": "Hering",
    "UI.Field.fish.herring": "fish.herring",
    "UI.Field.Orange Roughy": "Granatbarsch",
    "UI.Field.fish.orangeroughy": "fish.orangeroughy",
    "UI.Field.Salmon": "Lachs",
    "UI.Field.fish.salmon": "fish.salmon",
    "UI.Field.Sardine": "Sardine",
    "UI.Field.fish.sardine": "fish.sardine",
    "UI.Field.Small Shark": "Kleiner Hai",
    "UI.Field.fish.smallshark": "fish.smallshark",
    "UI.Field.Small Trout": "Kleine Forelle",
    "UI.Field.fish.troutsmall": "fish.troutsmall",
    "UI.Field.Yellow Perch": "Gelber Flussbarsch",
    "UI.Field.fish.yellowperch": "fish.yellowperch",
    "UI.Field.Minnows": "Kleinfische",
    "UI.Field.fish.minnows": "fish.minnows",
    "UI.Column.CRAFTED": "HERGESTELLT",
    "UI.Field.Garage Door": "Garagentor",
    "UI.Field.wall.frame.garagedoor": "wall.frame.garagedoor",
    "UI.Field.Sheet Metal Double Door": "Metall-Doppeltür",
    "UI.Field.door.double.hinged.metal": "door.double.hinged.metal",
    "UI.Field.Armored Double Door": "Gepanzerte Doppeltür",
    "UI.Field.door.double.hinged.toptier": "door.double.hinged.toptier",
    "UI.Field.Wood Double Door": "Holz-Doppeltür",
    "UI.Field.door.double.hinged.wood": "door.double.hinged.wood",
    "UI.Field.Sheet Metal Door": "Metalltür",
    "UI.Field.door.hinged.metal": "door.hinged.metal",
    "UI.Field.Armored Door": "Gepanzerte Tür",
    "UI.Field.door.hinged.toptier": "door.hinged.toptier",
    "UI.Field.Wood Door": "Holztür",
    "UI.Field.door.hinged.wood": "door.hinged.wood",
    "UI.Field.Large Wood Box": "Große Holzkiste",
    "UI.Field.box.wooden.large": "box.wooden.large",
    "UI.Field.Wood Storage Box": "Holz-Aufbewahrungsbox",
    "UI.Field.box.wooden": "box.wooden",
    "UI.Field.Flame Turret": "Flammengeschütz",
    "UI.Field.flameturret": "flameturret",
    "UI.Field.Shotgun Trap": "Schrotflintenfalle",
    "UI.Field.guntrap": "guntrap",
    "UI.Field.Auto Turret": "Automatisches Geschütz",
    "UI.Field.autoturret": "autoturret",
    "UI.Field.Code Lock": "Code-Schloss",
    "UI.Field.lock.code": "lock.code",
    "UI.Field.Key Lock": "Schloss",
    "UI.Field.lock.key": "lock.key",
    "UI.Field.Wooden Ladder": "Holzleiter",
    "UI.Field.ladder.wooden.wall": "ladder.wooden.wall",
    "UI.Field.Medical Syringe": "Medizinische Spritze",
    "UI.Field.syringe.medical": "syringe.medical",
    "UI.Field.Bandage": "Bandage",
    "UI.Field.bandage": "bandage",
    "UI.Field.Large Medkit": "Großes Medikit",
    "UI.Field.largemedkit": "largemedkit",
    "UI.Field.Rocket Launcher": "Raketenwerfer",
    "UI.Field.rocket.launcher": "rocket.launcher",
    "UI.Field.HV Rocket": "Hochgeschwindigkeitsrakete",
    "UI.Field.Explosives": "Sprengstoff",
    "UI.Field.explosives": "explosives",
    "UI.Field.Gun Powder": "Schießpulver",
    "UI.Field.gunpowder": "gunpowder",
    "UI.Field.Low Grade Fuel": "Minderwertiger Treibstoff",
    "UI.Field.lowgradefuel": "lowgradefuel",
    "UI.Column.LOOTED": "GEPLÜNDERT",
    "UI.Field.Normal Crate": "Normale Kiste",
    "UI.Field.crate_normal_2": "crate_normal_2",
    "UI.Field.Basic Crate": "Einfache Kiste",
    "UI.Field.crate_basic": "crate_basic",
    "UI.Field.Elite Crate": "Elite-Kiste",
    "UI.Field.crate_elite": "crate_elite",
    "UI.Field.Military Crate": "Militärkiste",
    "UI.Field.crate_normal": "crate_normal",
    "UI.Field.Tools Crate": "Werkzeugkiste",
    "UI.Field.crate_tools": "crate_tools",
    "UI.Field.Supply Drop": "Airdrop",
    "UI.Field.supply_drop": "supply_drop",
    "UI.Field.Locked Crate": "Verschlossene Kiste",
    "UI.Field.codelockedhackablecrate|codelockedhackablecrate_oilrig": "codelockedhackablecrate|codelockedhackablecrate_oilrig",
    "UI.Tabs.BUILDING": "BAUEN",
    "UI.Tabs.HITRATE": "TREFFERQUOTE",
    "UI.Field.Head kills": "Kopfschüsse",
    "UI.Field.HEAD": "KOPF",
    "UI.Leaderboard.Column.Nickname": "Spitzname",
    "UI.Leaderboard.Column.Kills": "Kills",
    "UI.Leaderboard.Column.Deaths": "Tode",
    "UI.Leaderboard.Column.KDR": "K/D-Verhältnis",
    "UI.Leaderboard.Column.NPC Kills": "NPC Kills",
    "UI.Leaderboard.Column.Total online": "Gesamt online",
    "UI.Leaderboard.Column.Scores": "Punkte",
    "UI.BodyParts.HEAD": "KOPF",
    "UI.BodyParts.ARM": "ARM",
    "UI.BodyParts.CHEST": "BRUST",
    "UI.BodyParts.HIP": "HÜFTE",
    "UI.BodyParts.BODY": "KÖRPER",
    "UI.BodyParts.NECK": "HALS",
    "UI.Building.wall.frame_twigs": "WAND.RAHMEN- ZWEIGE",
    "UI.Grade.twigs": "ZWEIGE",
    "UI.Building.wall.frame_wood": "WAND.RAHMEN- HOLZ",
    "UI.Grade.wood": "HOLZ",
    "UI.Building.wall.frame_stone": "WAND.RAHMEN- STEIN",
    "UI.Grade.stone": "STEIN",
    "UI.Building.wall.frame_metal": "WAND.RAHMEN- METALL",
    "UI.Grade.metal": "METALL",
    "UI.Building.wall.frame_toptier": "WAND.RAHMEN- OBERSTUFE",
    "UI.Grade.toptier": "OBERSTUFE",
    "UI.Building.wall.frame_count": "WAND.RAHMEN- ANZAHL",
    "UI.Grade.count": "ANZAHL",
    "UI.Building.wall.frame_none": "WAND.RAHMEN- KEINE",
    "UI.Grade.none": "KEINE",
    "UI.Building.block.stair.ushape_twigs": "BLOCK.TREPPE.UFÖRMIG- ZWEIGE",
    "UI.Building.block.stair.ushape_wood": "BLOCK.TREPPE.UFÖRMIG- HOLZ",
    "UI.Building.block.stair.ushape_stone": "BLOCK.TREPPE.UFÖRMIG- STEIN",
    "UI.Building.block.stair.ushape_metal": "BLOCK.TREPPE.UFÖRMIG- METALL",
    "UI.Building.block.stair.ushape_toptier": "BLOCK.TREPPE.UFÖRMIG- OBERSTUFE",
    "UI.Building.block.stair.ushape_count": "BLOCK.TREPPE.UFÖRMIG- ANZAHL",
    "UI.Building.block.stair.ushape_none": "BLOCK.TREPPE.UFÖRMIG- KEINE",
    "UI.Building.roof_twigs": "DACH- ZWEIGE",
    "UI.Building.roof_wood": "DACH- HOLZ",
    "UI.Building.roof_stone": "DACH- STEIN",
    "UI.Building.roof_metal": "DACH- METALL",
    "UI.Building.roof_toptier": "DACH- OBERSTUFE",
    "UI.Building.roof_count": "DACH- ANZAHL",
    "UI.Building.roof_none": "DACH- KEINE",
    "UI.Building.wall.window_twigs": "WAND.FENSTER- ZWEIGE",
    "UI.Building.wall.window_wood": "WAND.FENSTER- HOLZ",
    "UI.Building.wall.window_stone": "WAND.FENSTER- STEIN",
    "UI.Building.wall.window_metal": "WAND.FENSTER- METALL",
    "UI.Building.wall.window_toptier": "WAND.FENSTER- OBERSTUFE",
    "UI.Building.wall.window_count": "WAND.FENSTER- ANZAHL",
    "UI.Building.wall.window_none": "WAND.FENSTER- KEINE",
    "UI.Building.floor.triangle.frame_twigs": "BODEN.DREIECK.RAHMEN- ZWEIGE",
    "UI.Building.floor.triangle.frame_wood": "BODEN.DREIECK.RAHMEN- HOLZ",
    "UI.Building.floor.triangle.frame_stone": "BODEN.DREIECK.RAHMEN- STEIN",
    "UI.Building.floor.triangle.frame_metal": "BODEN.DREIECK.RAHMEN- METALL",
    "UI.Building.floor.triangle.frame_toptier": "BODEN.DREIECK.RAHMEN- OBERSTUFE",
    "UI.Building.floor.triangle.frame_count": "BODEN.DREIECK.RAHMEN- ANZAHL",
    "UI.Building.floor.triangle.frame_none": "BODEN.DREIECK.RAHMEN- KEINE",
    "UI.Building.wall.low_twigs": "WAND.NIEDRIG- ZWEIGE",
    "UI.Building.wall.low_wood": "WAND.NIEDRIG- HOLZ",
    "UI.Building.wall.low_stone": "WAND.NIEDRIG- STEIN",
    "UI.Building.wall.low_metal": "WAND.NIEDRIG- METALL",
    "UI.Building.wall.low_toptier": "WAND.NIEDRIG- OBERSTUFE",
    "UI.Building.wall.low_count": "WAND.NIEDRIG- ANZAHL",
    "UI.Building.wall.low_none": "WAND.NIEDRIG- KEINE",
    "UI.Building.wall.half_twigs": "WAND.HALB- ZWEIGE",
    "UI.Building.wall.half_wood": "WAND.HALB- HOLZ",
    "UI.Building.wall.half_stone": "WAND.HALB- STEIN",
    "UI.Building.wall.half_metal": "WAND.HALB- METALL",
    "UI.Building.wall.half_toptier": "WAND.HALB- OBERSTUFE",
    "UI.Building.wall.half_count": "WAND.HALB- ANZAHL",
    "UI.Building.wall.half_none": "WAND.HALB- KEINE",
    "UI.Building.roof.triangle_twigs": "DACH.DREIECK- ZWEIGE",
    "UI.Building.roof.triangle_wood": "DACH.DREIECK- HOLZ",
    "UI.Building.roof.triangle_stone": "DACH.DREIECK- STEIN",
    "UI.Building.roof.triangle_metal": "DACH.DREIECK- METALL",
    "UI.Building.roof.triangle_toptier": "DACH.DREIECK- OBERSTUFE",
    "UI.Building.roof.triangle_count": "DACH.DREIECK- ANZAHL",
    "UI.Building.roof.triangle_none": "DACH.DREIECK- KEINE",
    "UI.Building.foundation.steps_twigs": "FUNDAMENT.STUFEN- ZWEIGE",
    "UI.Building.foundation.steps_wood": "FUNDAMENT.STUFEN- HOLZ",
    "UI.Building.foundation.steps_stone": "FUNDAMENT.STUFEN- STEIN",
    "UI.Building.foundation.steps_metal": "FUNDAMENT.STUFEN- METALL",
    "UI.Building.foundation.steps_toptier": "FUNDAMENT.STUFEN- OBERSTUFE",
    "UI.Building.foundation.steps_count": "FUNDAMENT.STUFEN- ANZAHL",
    "UI.Building.foundation.steps_none": "FUNDAMENT.STUFEN- KEINE",
    "UI.Building.floor_twigs": "BODEN- ZWEIGE",
    "UI.Building.floor_wood": "BODEN- HOLZ",
    "UI.Building.floor_stone": "BODEN- STEIN",
    "UI.Building.floor_metal": "BODEN- METALL",
    "UI.Building.floor_toptier": "BODEN- OBERSTUFE",
    "UI.Building.floor_count": "BODEN- ANZAHL",
    "UI.Building.floor_none": "BODEN- KEINE",
    "UI.Building.ramp_twigs": "RAMPE- ZWEIGE",
    "UI.Building.ramp_wood": "RAMPE- HOLZ",
    "UI.Building.ramp_stone": "RAMPE- STEIN",
    "UI.Building.ramp_metal": "RAMPE- METALL",
    "UI.Building.ramp_toptier": "RAMPE- OBERSTUFE",
    "UI.Building.ramp_count": "RAMPE- ANZAHL",
    "UI.Building.ramp_none": "RAMPE- KEINE",
    "UI.Building.wall_twigs": "WAND- ZWEIGE",
    "UI.Building.wall_wood": "WAND- HOLZ",
    "UI.Building.wall_stone": "WAND- STEIN",
    "UI.Building.wall_metal": "WAND- METALL",
    "UI.Building.wall_toptier": "WAND- OBERSTUFE",
    "UI.Building.wall_count": "WAND- ANZAHL",
    "UI.Building.wall_none": "WAND- KEINE",
    "UI.Building.wall.doorway_twigs": "WAND.TÜRAUSSCHNITT- ZWEIGE",
    "UI.Building.wall.doorway_wood": "WAND.TÜRAUSSCHNITT- HOLZ",
    "UI.Building.wall.doorway_stone": "WAND.TÜRAUSSCHNITT- STEIN",
    "UI.Building.wall.doorway_metal": "WAND.TÜRAUSSCHNITT- METALL",
    "UI.Building.wall.doorway_toptier": "WAND.TÜRAUSSCHNITT- OBERSTUFE",
    "UI.Building.wall.doorway_count": "WAND.TÜRAUSSCHNITT- ANZAHL",
    "UI.Building.wall.doorway_none": "WAND.TÜRAUSSCHNITT- KEINE",
    "UI.Building.block.stair.lshape_twigs": "BLOCK.TREPPE.L-FORM- ZWEIGE",
    "UI.Building.block.stair.lshape_wood": "BLOCK.TREPPE.L-FORM- HOLZ",
    "UI.Building.block.stair.lshape_stone": "BLOCK.TREPPE.L-FORM- STEIN",
    "UI.Building.block.stair.lshape_metal": "BLOCK.TREPPE.L-FORM- METALL",
    "UI.Building.block.stair.lshape_toptier": "BLOCK.TREPPE.L-FORM- OBERSTUFE",
    "UI.Building.block.stair.lshape_count": "BLOCK.TREPPE.L-FORM- ANZAHL",
    "UI.Building.block.stair.lshape_none": "BLOCK.TREPPE.L-FORM- KEINE",
    "UI.Building.foundation.triangle_twigs": "FUNDAMENT.DREIECK- ZWEIGE",
    "UI.Building.foundation.triangle_wood": "FUNDAMENT.DREIECK- HOLZ",
    "UI.Building.foundation.triangle_stone": "FUNDAMENT.DREIECK- STEIN",
    "UI.Building.foundation.triangle_metal": "FUNDAMENT.DREIECK- METALL",
    "UI.Building.foundation.triangle_toptier": "FUNDAMENT.DREIECK- OBERSTUFE",
    "UI.Building.foundation.triangle_count": "FUNDAMENT.DREIECK- ANZAHL",
    "UI.Building.foundation.triangle_none": "FUNDAMENT.DREIECK- KEINE",
    "UI.Building.floor.triangle_twigs": "BODEN.DREIECK- ZWEIGE",
    "UI.Building.floor.triangle_wood": "BODEN.DREIECK- HOLZ",
    "UI.Building.floor.triangle_stone": "BODEN.DREIECK- STEIN",
    "UI.Building.floor.triangle_metal": "BODEN.DREIECK- METALL",
    "UI.Building.floor.triangle_toptier": "BODEN.DREIECK- OBERSTUFE",
    "UI.Building.floor.triangle_count": "BODEN.DREIECK- ANZAHL",
    "UI.Building.floor.triangle_none": "BODEN.DREIECK- KEINE",
    "UI.Building.floor.frame_twigs": "BODEN.RAHMEN- ZWEIGE",
    "UI.Building.floor.frame_wood": "BODEN.RAHMEN- HOLZ",
    "UI.Building.floor.frame_stone": "BODEN.RAHMEN- STEIN",
    "UI.Building.floor.frame_metal": "BODEN.RAHMEN- METALL",
    "UI.Building.floor.frame_toptier": "BODEN.RAHMEN- OBERSTUFE",
    "UI.Building.floor.frame_count": "BODEN.RAHMEN- ANZAHL",
    "UI.Building.floor.frame_none": "BODEN.RAHMEN- KEINE",
    "UI.Building.foundation_twigs": "FUNDAMENT- ZWEIGE",
    "UI.Building.foundation_wood": "FUNDAMENT- HOLZ",
    "UI.Building.foundation_stone": "FUNDAMENT- STEIN",
    "UI.Building.foundation_metal": "FUNDAMENT- METALL",
    "UI.Building.foundation_toptier": "FUNDAMENT- OBERSTUFE",
    "UI.Building.foundation_count": "FUNDAMENT- ANZAHL",
    "UI.Building.foundation_none": "FUNDAMENT- KEINE",
    "UI.Building.block.stair.spiral_twigs": "BLOCK.TREPPE.SCHNECKE- ZWEIGE",
    "UI.Building.block.stair.spiral_wood": "BLOCK.TREPPE.SCHNECKE- HOLZ",
    "UI.Building.block.stair.spiral_stone": "BLOCK.TREPPE.SCHNECKE- STEIN",
    "UI.Building.block.stair.spiral_metal": "BLOCK.TREPPE.SCHNECKE- METALL",
    "UI.Building.block.stair.spiral_toptier": "BLOCK.TREPPE.SCHNECKE- OBERSTUFE",
    "UI.Building.block.stair.spiral_count": "BLOCK.TREPPE.SCHNECKE- ANZAHL",
    "UI.Building.block.stair.spiral_none": "BLOCK.TREPPE.SCHNECKE- KEINE",
    "UI.Building.block.stair.spiral.triangle_twigs": "BLOCK.TREPPE.SCHNECKE.DREIECK- ZWEIGE",
    "UI.Building.block.stair.spiral.triangle_wood": "BLOCK.TREPPE.SCHNECKE.DREIECK- HOLZ",
    "UI.Building.block.stair.spiral.triangle_stone": "BLOCK.TREPPE.SCHNECKE.DREIECK- STEIN",
    "UI.Building.block.stair.spiral.triangle_metal": "BLOCK.TREPPE.SCHNECKE.DREIECK- METALL",
    "UI.Building.block.stair.spiral.triangle_toptier": "BLOCK.TREPPE.SCHNECKE.DREIECK- OBERSTUFE",
    "UI.Building.block.stair.spiral.triangle_count": "BLOCK.TREPPE.SCHNECKE.DREIECK- ANZAHL",
    "UI.Building.block.stair.spiral.triangle_none": "BLOCK.TREPPE.SCHNECKE.DREIECK- KEINE"
}
