{
    "Playtime": "<color=#838383>[</color><color=#f7432a>BestRust Servers</color><color=#838383>]</color> Je kunt <color=#7dda58>wachtrij overslaan</color> krijgen door een bepaalde tijd gespeeld te hebben op Bestrust servers.\n\nJe kunt je speeltijd controleren en meer informatie lezen met het <color=#ff5c45>/playtime</color> commando.",
    "RustMagic": "<color=#838383>[</color><color=#f7432a>BestRust Servers</color><color=#838383>]</color> Krijg <color=#f5e942>3 gratis hoogwaardige rust skins</color> hier door de <color=#f5e942>BESTRUST code</color> te gebruiken: https://splits.gg/r/BESTRUST",
    "Store": "<color=#838383>[</color><color=#f7432a>BestRust Servers</color><color=#838383>]</color> Je kunt <color=#f5e942>VIP - Wachtrij Overslaan voor slechts 1€</color> kopen, bekijk onze winkel! Klik op de link om naar onze winkel te gaan.<color=#ff5c45>https://store.bestrustservers.com/</color>",
    "Staff": "<color=#838383>[</color><color=#f7432a>BestRust Servers</color><color=#838383>]</color> Wil je <color=#f5e942>gratis VIP, echt geld of skins</color> verdienen?\nWe zoeken nieuwe stafleden. Je kunt solliciteren voor <color=#7dda58>Moderator</color>, <color=#da5a5a>Admin</color>, <color=#cc6ce7>Community Manager</color> of <color=#d49a17>Content Creator</color>.\n\nAls je geïnteresseerd bent, bezoek het #open-applications kanaal op onze discord: <color=#ff5c45>discord.gg/bestrustservers</color>",
    "RustMagic2": "<color=#838383>[</color><color=#f7432a>BestRust Servers</color><color=#838383>]</color> Krijg <color=#f5e942>3 gratis hoogwaardige rust skins</color> hier door de <color=#f5e942>BESTRUST code</color> te gebruiken: https://splits.gg/r/BESTRUST",
    "Store2": "<color=#838383>[</color><color=#f7432a>BestRust Servers</color><color=#838383>]</color> Je kunt <color=#f5e942>VIP - Wachtrij Overslaan voor slechts 1€</color> kopen, bekijk onze winkel! Klik op de link om naar onze winkel te gaan.<color=#ff5c45>https://store.bestrustservers.com/</color>",
    "Discord": "<color=#838383>[</color><color=#f7432a>BestRust Servers</color><color=#838383>]</color> Als je hulp nodig hebt of een speler wilt rapporteren, maak dan een ticket aan op onze discord. We helpen je graag! <color=#ff5c45>discord.gg/bestrustservers</color>"
}