{
    "Store": "<color=#838383>[</color><color=#f7432a>BestRust Servers</color><color=#838383>]</color> Onze winkel is heel eenvoudig te gebruiken, je kunt <color=#f5e942>VIP Rangen en Kits</color> kopen Al <color=#f5e942> vanaf 1$</color> en je ontvangt ze onmiddellijk. \nJe kunt betalen met <color=#ff7763>alle betaalmethoden</color>, zelfs met <color=#f5e942>Rust skins</color> en <color=#f5e942>crypto</color>. Gebruik <color=#f7432a>/kit</color> en kijk naar de kits.\n\nVIP-voordelen omvatten <color=#ff7763>Kits</color>, <color=#ff7763>Wachtlijn overslaan</color>, <color=#ff7763>Skinbox</color>, <color=#ff7763>Spawn met meer gezondheid, water en voedsel</color> & <color=#ff7763>veel meer</color>, dus neem zeker een kijkje in onze winkel!\n\nDank aan iedereen die onze servers steunt en helpt ze draaiende te houden!\n\n<color=#ff5c45>https://store.bestrustservers.com/</color>",
    "Splits": "<color=#838383>[</color><color=#f7432a>BestRust Servers</color><color=#838383>]</color> Get <color=#f5e942>Multiple Very OP kit rewards</color> for depositing on splits.gg with the <color=#f5e942>BESTRUST code</color>. </color>Check <color=#ff5c45>/kit</color> for the rewards and make sure you use the <color=#f5e942>BESTRUST code</color> when you deposit on splits.gg",
    "PlaytimeRewards": "<color=#838383>[</color><color=#f7432a>BestRust Servers</color><color=#838383>]</color> Je kunt <color=#7dda58>gratis kits</color> en <color=#e1c05f>beloningen</color> verdienen door een bepaalde speeltijd op de BestRust-servers te bereiken.\n\nJe kunt je speeltijd controleren en meer info lezen met het <color=#ff5c45>/playtime</color> commando.",
    "Store2": "<color=#838383>[</color><color=#f7432a>BestRust Servers</color><color=#838383>]</color> Onze winkel is heel eenvoudig te gebruiken, je kunt <color=#f5e942>VIP Rangen en Kits</color> kopen Al <color=#f5e942> vanaf 1$</color> en je ontvangt ze onmiddellijk. \nJe kunt betalen met <color=#ff7763>alle betaalmethoden</color>, zelfs met <color=#f5e942>Rust skins</color> en <color=#f5e942>crypto</color>. Gebruik <color=#f7432a>/kit</color> en kijk naar de kits.\n\nVIP-voordelen omvatten <color=#ff7763>Kits</color>, <color=#ff7763>Wachtlijn overslaan</color>, <color=#ff7763>Skinbox</color>, <color=#ff7763>Spawn met meer gezondheid, water en voedsel</color> & <color=#ff7763>veel meer</color>, dus neem zeker een kijkje in onze winkel!\n\nDank aan iedereen die onze servers steunt en helpt ze draaiende te houden!\n\n<color=#ff5c45>https://store.bestrustservers.com/</color>",
    "Splits2": "<color=#838383>[</color><color=#f7432a>BestRust Servers</color><color=#838383>]</color> Get <color=#f5e942>3 free high value rust skins and a free kit</color> by using the <color=#f5e942>BESTRUST code</color>on splits.gg",
    "Staff": "<color=#838383>[</color><color=#f7432a>BestRust Servers</color><color=#838383>]</color> Wil je <color=#f5e942>gratis VIP, echt geld of skins</color> verdienen?\nWe zijn op zoek naar nieuwe stafleden. Je kunt solliciteren voor <color=#7dda58>Moderator</color>, <color=#da5a5a>Admin</color>, <color=#cc6ce7>Community Manager</color> of <color=#d49a17>Content Creator</color>.\n\nAls je geïnteresseerd bent, bezoek dan het #open-applications kanaal op onze discord: <color=#ff5c45>discord.gg/bestrustservers</color>",
    "Store3": "<color=#838383>[</color><color=#f7432a>BestRust Servers</color><color=#838383>]</color> Onze winkel is heel eenvoudig te gebruiken, je kunt <color=#f5e942>VIP Rangen en Kits</color> kopen Al <color=#f5e942> vanaf 1$</color> en je ontvangt ze onmiddellijk. \nJe kunt betalen met <color=#ff7763>alle betaalmethoden</color>, zelfs met <color=#f5e942>Rust skins</color> en <color=#f5e942>crypto</color>. Gebruik <color=#f7432a>/kit</color> en kijk naar de kits.\n\nVIP-voordelen omvatten <color=#ff7763>Kits</color>, <color=#ff7763>Wachtlijn overslaan</color>, <color=#ff7763>Skinbox</color>, <color=#ff7763>Spawn met meer gezondheid, water en voedsel</color> & <color=#ff7763>veel meer</color>, dus neem zeker een kijkje in onze winkel!\n\nDank aan iedereen die onze servers steunt en helpt ze draaiende te houden!\n\n<color=#ff5c45>https://store.bestrustservers.com/</color>",
    "Splits3": "<color=#838383>[</color><color=#f7432a>BestRust Servers</color><color=#838383>]</color> Get <color=#f5e942>Multiple Very OP kit rewards</color> for depositing on splits.gg with the <color=#f5e942>BESTRUST code</color>. </color>Check <color=#ff5c45>/kit</color> for the rewards and make sure you use the <color=#f5e942>BESTRUST code</color> when you deposit on splits.gg",
    "Discord": "<color=#838383>[</color><color=#f7432a>BestRust Servers</color><color=#838383>]</color> Als je hulp nodig hebt of een speler wilt rapporteren, maak dan een ticket aan op onze discord. We helpen je graag! <color=#ff5c45>discord.gg/bestrustservers</color>"
}
