{
  "Prefix": "<color=#D85540>[Blueprint Delen]</color> ",
  "ArgumentsError": "Onjuiste commando-gebruik. Probeer <color=#ffff00>/bs help</color>.",
  "Help": "<color=#D85540>Blueprint Delen Commando's:</color>\n<color=#D85540>/bs toggle</color> - Zet automatisch blueprint delen aan/uit\n<color=#D85540>/bs share <player></color> - Deel je geleerde blueprints met een speler\n<color=#D85540>/bs show <team|clan|friend> [name]</color> - Bekijk blueprints die met je gedeeld zijn\n<color=#D85540>/bs help</color> - Toon dit helpmenu",
  "ToggleOn": "Blueprint delen is nu <color=#00ff00>ingeschakeld</color>.",
  "ToggleOff": "Blueprint delen is nu <color=#ff0000>uitgeschakeld</color>.",
  "NoPermission": "Je hebt geen toestemming om dit commando te gebruiken.",
  "CannotShare": "Je kunt geen blueprints delen met deze speler; ze moeten in je team, clan of vriendenlijst staan.",
  "NoTarget": "Je moet een speler opgeven om mee te delen.",
  "TargetEqualsPlayer": "Je kunt geen blueprints met jezelf delen.",
  "PlayerNotFound": "Speler niet gevonden.",
  "PlayerSharedBlueprints": "Je hebt <color=#ffff00>{0}</color> blueprint(s) gedeeld met <color=#ffff00>{1}</color>.",
  "TargetLearntBlueprints": "<color=#ffff00>{0}</color> heeft <color=#ffff00>{1}</color> blueprint(s) met je gedeeld.",
  "NoBlueprintsToShare": "Je hebt geen nieuwe blueprints om te delen met <color=#ffff00>{0}</color>.",
  "PlayerSharedBlueprint": "Je hebt de <color=#ffff00>{0}</color> blueprint geleerd en gedeeld met <color=#ffff00>{1}</color> speler(s).",
  "TargetLearntBlueprint": "<color=#ffff00>{0}</color> heeft de <color=#ffff00>{1}</color> blueprint met je gedeeld.",
  "BlueprintBlocked": "De <color=#ffff00>{0}</color> blueprint is geblokkeerd voor delen, maar je hebt hem wel geleerd.",
  "TargetSharingDisabled": "Kan geen blueprints delen met <color=#ffff00>{0}</color> – ze hebben delen uitgeschakeld.",
  "BlueprintsRemoved": "Je hebt toegang verloren tot <color=#ffff00>{0}</color> blueprint(s).",
  "ShowMissingArgument": "Je moet opgeven welke gedeelde blueprints je wilt bekijken. Opties: <color=#ffff00>team</color>, <color=#ffff00>clan</color>, of <color=#ffff00>vriend</color>.",
  "ShowFriendArgumentMissing": "Je moet de naam van een vriend opgeven.",
  "NotFriends": "Je bent geen vrienden met deze speler.",
  "NoSharedBlueprints": "Er zijn geen blueprints met je gedeeld.",
  "SharedBlueprintsTitle": "Blueprints Gedeeld Met Jou:",
  "ShowSharedBlueprints": "<color=#ffff00>Tier {0}:</color> {1}",
  "LoseBlueprintsDisabled": "Deze functie is uitgeschakeld door de serverbeheerder."
}