{
  "Notification.ClanInfo.Title": "<size=18><color=#ffa500>Clans</color></size><size=14><color=#ce422b> HERBOREN</color></size>",
  "Notification.ClanInfo.Tag": "\nClanTag: <color=#b2eece>{0}</color>",
  "Notification.ClanInfo.Description": "\nBeschrijving: <color=#b2eece>{0}</color>",
  "Notification.ClanInfo.Online": "\nLeden Online: {0}",
  "Notification.ClanInfo.Offline": "\nLeden Offline: {0}",
  "Notification.ClanInfo.Members": "\nLeden: {0}",
  "Notification.ClanInfo.Established": "\nOpgericht: <color=#b2eece>{0}</color>",
  "Notification.ClanInfo.LastOnline": "\nLaatst Online: <color=#b2eece>{0}</color>",
  "Notification.ClanInfo.Alliances": "\nAlliantie: <color=#b2eece>{0}</color>",
  "Notification.ClanInfo.Alliances.None": "Geen",
  "Notification.ClanInfo.TotalMembers": "\nLeden: <color=#b2eece>{0}</color>",
  "Notification.ClanInfo.TotalAlliances": "\nAllianties: <color=#b2eece>{0}</color>",
  "Notification.Create.InExistingClan": "Je bent al lid van een clan",
  "Notification.Create.NoPermission": "Je hebt geen toestemming om een clan te maken",
  "Notification.Create.TagReserved1": "De tag {0} is gereserveerd voor een andere speler",
  "Notification.Create.InvalidTagLength": "De tag die je hebt gekozen is ongeldig. Het moet tussen {0} en {1} tekens lang zijn",
  "Notification.Create.InvalidCharacters": "De tag die je hebt gekozen bevat woorden/tekens die niet zijn toegestaan",
  "Notification.Create.ClanExists": "Er bestaat al een clan met die tag",
  "Notification.Create.NoNativeCreate": "Je moet een clan maken met /clan create <tag> <beschrijving>",
  "Notification.Create.Success": "Je hebt de clan gevormd <color=#aaff55>[{0}]</color>",
  "Notification.Kick.IsOwner": "Je kunt de clanleider niet kicken",
  "Notification.Kick.NoPermissions": "Je hebt onvoldoende toestemming om clangenoten te kicken",
  "Notification.Kick.NotClanmember": "Het doelwit is geen clangenoot van je",
  "Notification.Kick.Self": "Je kunt jezelf niet kicken",
  "Notification.Kick.NotEnoughRank": "Alleen de clanleider kan een lid met een rang kicken",
  "Notification.Kick.NoPlayerFound": "Kan geen speler vinden met de opgegeven naam of ID",
  "Notification.Kick.Message": "{0} heeft {1} uit de clan gekickt!",
  "Notification.Kick.PlayerMessage": "{0} heeft je uit de clan gekickt!",
  "Notification.Kick.NoPermission": "Je hebt geen toestemming om clangenoten te kicken",
  "Notification.Leave.Message": "{0} heeft de clan verlaten!",
  "Notification.Leave.PlayerMessage": "Je hebt de clan <color=#aaff55>[{0}]</color> verlaten!",
  "Notification.Leave.NewOwner": "{0} is nu de clanleider!",
  "Notification.Leave.NoPermission": "Je hebt geen toestemming om deze clan te verlaten",
  "Notification.Join.NoPermission": "Je hebt geen toestemming om lid te worden van een clan",
  "Notification.Join.ExpiredInvite": "Je uitnodiging voor {0} is verlopen!",
  "Notification.Join.InExistingClan": "Je bent al lid van een andere clan",
  "Notification.Join.Message": "{0} is lid geworden van de clan!",
  "Notification.Invite.NoPermissions": "Je hebt onvoldoende toestemming om andere spelers uit te nodigen",
  "Notification.Invite.InviteLimit": "Je hebt al het maximum aantal uitnodigingen bereikt",
  "Notification.Invite.InviteCooldown": "Je moet nog {0} wachten voordat je nieuwe leden kunt uitnodigen voor je clan",
  "Notification.Invite.HasPending": "{0} heeft al een lopende claninvitatie",
  "Notification.Invite.IsMember": "{0} is al lid van de clan",
  "Notification.Invite.InClan": "{0} is al lid van een andere clan",
  "Notification.Invite.NoPermission": "{0} heeft niet de vereiste toestemming om lid te worden van een clan",
  "Notification.Invite.SuccesTarget": "Je bent uitgenodigd om lid te worden van de clan: <color=#aaff55>[{0}]</color> '{1}'\nOm lid te worden, typ: <color=#ffd479>/{2} accept {0}</color>",
  "Notification.Invite.SuccessClan": "{0} heeft {1} uitgenodigd om lid te worden van de clan",
  "Notification.PendingInvites": "Je hebt openstaande claninvitaties van: {0}\nJe kunt lid worden van een clan, typ: <color=#ffd479>/{1} accept <tag></color>",
  "Notification.WithdrawInvite.NoPermissions": "Je hebt onvoldoende toestemming om liduitnodigingen in te trekken",
  "Notification.WithdrawInvite.UnableToFind": "Niet in staat om een uitnodiging te vinden voor de speler met {0}",
  "Notification.WithdrawInvite.Success": "{0} heeft de liduitnodiging voor {1} ingetrokken",
  "Notification.RejectInvite.InvalidInvite": "Je hebt geen uitnodiging om lid te worden van <color=#aaff55>[{0}]</color>",
  "Notification.RejectInvite.Message": "{0} heeft de uitnodiging om lid te worden van je clan afgewezen",
  "Notification.RejectInvite.PlayerMessage": "Je hebt de uitnodiging om lid te worden van <color=#aaff55>[{0}]</color> afgewezen",
  "Notification.Promotion.NoPermissions": "Je hebt onvoldoende toestemming om andere spelers te promoten",
  "Notification.Promotion.TargetNoClan": "{0} is geen lid van je clan",
  "Notification.Promotion.IsOwner": "Je kan de clanleider niet promoten",
  "Notification.Promotion.IsCouncil": "Je kan niet hoger dan de rang van raadslid promoten",
  "Notification.Promotion.CouncilTaken": "De rang van raadslid is al toegekend",
  "Notification.Promotion.ModeratorLimit": "Je hebt al het maximum aantal moderators",
  "Notification.Promotion.IsModerator": "Je kan niet hoger dan de rang van moderator promoten",
  "Notification.Promotion.Message": "{0} is gepromoveerd naar de rang van {1} door {2}",
  "Notification.Demotion.NoPermissions": "Je hebt onvoldoende toestemming om andere spelers te degraderen",
  "Notification.Demotion.IsOwner": "Je kan de clanleider niet degraderen",
  "Notification.Demotion.IsMember": "{0} is al op de laagste rang",
  "Notification.Demotion.Message": "{0} is gedegradeerd naar de rang van {1} door {2}",
  "Notification.Alliance.NoPermissions": "Je hebt onvoldoende toestemming om allianties te beheren",
  "Notification.Alliance.PendingInvite": "<color=#aaff55>[{0}]</color> heeft al een lopende alliantie-uitnodiging",
  "Notification.Alliance.MaximumInvites": "Je hebt al het maximum aantal alliantie-uitnodigingen bereikt",
  "Notification.Alliance.MaximumAlliances": "Je hebt al het maximum aantal allianties gevormd",
  "Notification.Alliance.InviteSent": "Je hebt een alliantie-uitnodiging gestuurd naar <color=#aaff55>[{0}]</color>\nDe uitnodiging verloopt in: {1}",
  "Notification.Alliance.InviteReceived": "Je hebt een alliantie-uitnodiging ontvangen van <color=#aaff55>[{0}]</color>\nOm te accepteren, typ: <color=#ffd479>/{2} accept {0}</color>\nDe uitnodiging verloopt in: {1}",
  "Notification.Alliance.NoActiveInvite": "Je hebt geen actieve alliantie-uitnodiging voor <color=#aaff55>[{0}]</color>",
  "Notification.Alliance.NoActiveInviteFrom": "Je hebt geen actieve alliantie-uitnodiging van <color=#aaff55>[{0}]</color>",
  "Notification.Alliance.WithdrawnClan": "{0} heeft een alliantie-uitnodiging voor <color=#aaff55>[{1}]</color> ingetrokken",
  "Notification.Alliance.WithdrawnTarget": "<color=#aaff55>[{0}]</color> heeft hun alliantie-uitnodiging ingetrokken",
  "Notification.Alliance.AtLimitTarget": "<color=#aaff55>[{0}]</color> heeft momenteel het maximum aantal allianties bereikt",
  "Notification.Alliance.AtLimitSelf": "Je clan heeft momenteel het maximum aantal allianties bereikt",
  "Notification.Alliance.AtLimitAlliedMembersTarget": "<color=#aaff55>[{0}]</color> clanaantal plus alliantieledenaantal plus je clanaantal is groter dan toegestaan",
  "Notification.Alliance.AtLimitAlliedMembersSelf": "Je clanaantal plus alliantieledenaantal plus dit clanaantal is groter dan toegestaan",
  "Notification.Alliance.Formed": "<color=#aaff55>[{0}]</color> heeft een alliantie gevormd met <color=#aaff55>[{1}]</color>",
  "Notification.Alliance.Rejected": "<color=#aaff55>[{0}]</color> heeft de oproep tot een alliantie met <color=#aaff55>[{1}]</color> afgewezen",
  "Notification.Alliance.Revoked": "<color=#aaff55>[{0}]</color> heeft hun alliantie met <color=#aaff55>[{1}]</color> ingetrokken",
  "Notification.Alliance.NoActiveAlliance": "Je hebt momenteel geen alliantie met <color=#aaff55>[{0}]</color>",
  "Notification.FF.MemberEnabled": "Clangenoten <color=#ffd479>zullen</color> schade oplopen van eigen vuur",
  "Notification.FF.MemberDisabled": "Clangenoten <color=#ffd479>zullen geen</color> schade oplopen van eigen vuur",
  "Notification.FF.AllyEnabled": "Alliantieleden <color=#ffd479>zullen</color> schade oplopen van eigen vuur",
  "Notification.FF.AllyDisabled": "Alliantieleden <color=#ffd479>zullen geen</color> schade oplopen van eigen vuur",
  "Notification.FF.IsEnabled": "<color=#aaff55>Ingeschakeld</color>",
  "Notification.FF.IsDisabled": "<color=#ce422b>Uitgeschakeld</color>",
  "Notification.FF.OnHitClanMember": "{0} is een clangenoot en kan niet worden geraakt.\nOm clanvriendelijk vuur te wisselen, typ: <color=#ffd479>/{1}</color>",
  "Notification.FF.OnHitAllyMember": "{0} is een lid van een bevriende clan en kan niet worden geraakt.\nOm alliantie-vriendelijk vuur te wisselen, typ: <color=#ffd479>/{1}</color>",
  "Notification.FF.ToggleNotOwner": "Alleen de clanleider of de raad kan eigen vuur wisselen",
  "Notification.FF.OwnerToggle": "{0} heeft eigen vuur gewisseld.\n{1}",
  "Notification.FF.OwnerAllyToggle": "{0} heeft alliantie-eigen vuur gewisseld.\n{1}",
  "Notification.ClanHelp.NoClan": "\nBeschikbare Commando's:\n<color=#ffd479>/{0} create <tag> \"beschrijving\"</color> - Maak een nieuwe clan aan\n<color=#ffd479>/{0} accept <tag></color> - Word lid van een clan via uitnodiging\n<color=#ffd479>/{0} reject <tag></color> - Wijs een claninvitatie af",
  "Notification.ClanHelp.Basic2": "\nBeschikbare Commando's:\n<color=#ffd479>/{0}</color> - Je claninformatie tonen\n<color=#ffd479>/{1} <bericht></color> - Een bericht sturen via clanchat\n<color=#ffd479>/{0} leave</color> - Verlaat je huidige clan",
  "Notification.ClanHelp.MFF": "\n<color=#ffd479>/{0}</color> - Wissel eigen vuur tegen clangenoten",
  "Notification.ClanHelp.AFF": "\n<color=#ffd479>/{0}</color> - Wissel eigen vuur tegen alliantieleden",
  "Notification.ClanHelp.Alliance": "\n\n<color=#45b6fe><size=14>Alliantie-commando's:</size></color>\n<color=#ffd479>/{0} invite <tag></color> - Nodig een clan uit om bondgenoten te worden\n<color=#ffd479>/{0} withdraw <tag></color> - Trek een alliantie-uitnodiging in\n<color=#ffd479>/{0} accept <tag></color> - Accepteer een alliantie-uitnodiging\n<color=#ffd479>/{0} reject <tag></color> - Wijs een alliantie-uitnodiging af\n<color=#ffd479>/{0} revoke <tag></color> - Trek een alliantie in",
  "Notification.ClanHelp.Moderator": "\n\n<color=#b573ff><size=14>Moderator-commando's:</size></color>\n<color=#ffd479>/{0} invite <naam of ID></color> - Nodig een speler uit voor je clan\n<color=#ffd479>/{0} withdraw <naam of ID></color> - Trek een uitnodiging in\n<color=#ffd479>/{0} kick <naam of ID></color> - Verwijder een lid uit je clan",
  "Notification.ClanHelp.Owner": "\n\n<color=#a1ff46><size=14>Eigenaar-commando's:</size></color>\n<color=#ffd479>/{0} promote <naam of ID></color> - Promoot een clangenoot\n<color=#ffd479>/{0} demote <naam of ID></color> - Degradeer een clangenoot\n<color=#ffd479>/{0} disband forever</color> - Hef je clan op",
  "Notification.ClanHelp.TagColor": "\n<color=#ffd479>/{0} tagcolor <hex></color> - Stel een aangepaste clantag-kleur in\n<color=#ffd479>/{0} tagcolor reset</color> - Herstel de standaard clantag-kleur",
  "Notification.Clan.NotInAClan": "\nJe bent momenteel geen lid van een clan",
  "Notification.Clan.Help": "\nBeschikbare commando's, typ: <color=#ffd479>/{0}</color>",
  "Notification.Clan.OwnerOf": "\nJe bent de leider van: <color=#aaff55>{0}</color> ({1}/{2})",
  "Notification.Clan.CouncilOf": "\nJe bent een raadslid van: <color=#aaff55>{0}</color> ({1}/{2})",
  "Notification.Clan.ModeratorOf": "\nJe bent een moderator van: <color=#aaff55>{0}</color> ({1}/{2})",
  "Notification.Clan.MemberOf": "\nJe bent lid van: <color=#aaff55>{0}</color> ({1}/{2})",
  "Notification.Clan.MembersOnline": "\nLeden Online: {0}",
  "Notification.Clan.MFF": "\nClan FF-status: {0} (<color=#ffd479>/{1}</color>)",
  "Notification.Clan.AFF": "\nAlliantie FF-status: {0} (<color=#ffd479>/{1}</color>)",
  "Notification.Clan.CreateSyntax": "<color=#ffd479>/{0} create <tag> \"beschrijving\"</color> - Maak een nieuwe clan aan",
  "Notification.Clan.InviteSyntax": "<color=#ffd479>/{0} invite <gedeeltelijkeNaamOfID></color> - Nodig een speler uit voor je clan",
  "Notification.Clan.WithdrawSyntax": "<color=#ffd479>/{0} withdraw <gedeeltelijkeNaamOfID></color> - Trek een liduitnodiging in",
  "Notification.Clan.AcceptSyntax": "<color=#ffd479>/{0} accept <tag></color> - Word lid van een clan via uitnodiging",
  "Notification.Clan.RejectSyntax": "<color=#ffd479>/{0} reject <tag></color> - Wijs een claninvitatie af",
  "Notification.Clan.PromoteSyntax": "<color=#ffd479>/{0} promote <gedeeltelijkeNaamOfID></color> - Promoot een clangenoot naar de volgende rang",
  "Notification.Clan.DemoteSyntax": "<color=#ffd479>/{0} demote <gedeeltelijkeNaamOfID></color> - Degradeer een clangenoot naar de volgende lagere rang",
  "Notification.Clan.DisbandSyntax": "<color=#ffd479>/{0} disband forever</color> - Hef je clan op (dit kan niet ongedaan worden gemaakt)",
  "Notification.Clan.KickSyntax": "<color=#ffd479>/{0} kick <gedeeltelijkeNaamOfID></color> - Verwijder een lid uit je clan",
  "Notification.Clan.TagColorSyntax": "<color=#ffd479>/{0} tagcolor <hex (XXXXXX)></color> - Stel een aangepaste clantag-kleur in",
  "Notification.Clan.TagColorFormat": "<color=#ffd479>De hex-string moet 6 tekens lang zijn en een geldige hex-kleur zijn</color>",
  "Notification.Clan.TagColorReset": "<color=#ffd479>Je hebt de kleur van je clantag gereset</color>",
  "Notification.Clan.TagColorSet": "<color=#ffd479>Je hebt de kleur van je clantag ingesteld op</color> <color=#{0}>{0}</color>",
  "Notification.Clan.TagColorDisabled": "<color=#ffd479>Aangepaste tagkleuren zijn uitgeschakeld op deze server</color>",
  "Notification.Clan.TagColorBlocked": "<color=#ffd479>De kleur <color=#{0}>{0}</color> is geblokkeerd voor gebruik door clans.</color>",
  "Notification.Clan.TagColorOutOfRange": "<color=#ffd479>De kleur <color=#{0}>{0}</color> valt buiten het toegestane kleurbereik. Je moet een kleur kiezen tussen <color=#{1}>{1}</color> en <color=#{2}>{2}</color></color>",
  "Notification.Disband.NotOwner": "Je moet de clanleider zijn om dit commando te gebruiken",
  "Notification.Disband.Success": "Je hebt de clan <color=#aaff55>[{0}]</color> opgeheven",
  "Notification.Disband.Message": "De clan is opgeheven",
  "Notification.Disband.NoPermission": "Je hebt geen toestemming om deze clan op te heffen",
  "Notification.Generic.ClanFull": "De clan heeft al de maximale capaciteit bereikt",
  "Notification.Generic.NoClan": "Je bent geen lid van een clan",
  "Notification.Generic.InvalidClan": "De clan <color=#aaff55>[{0}]</color> bestaat niet!",
  "Notification.Generic.NoPermissions": "Je hebt onvoldoende toestemming om dat commando te gebruiken",
  "Notification.Generic.SpecifyClanTag": "Vul een clantag in",
  "Notification.Generic.UnableToFindPlayer": "Kan geen speler vinden met de naam of ID {0}",
  "Notification.Generic.CommandSelf": "Je kunt dit commando niet op jezelf gebruiken",
  "Chat.IsMuted": "Je bent momenteel gedempt",
  "Chat.Alliance.Prefix": "<color=#a1ff46>[ALLIANTIECHAT]</color>: {0}",
  "Chat.Clan.Prefix": "<color=#a1ff46>[CLANCHAT]</color>: {0}",
  "Chat.Alliance.Format": "[{0}] <color={1}>{2}</color>: {3}",
  "Admin.BroadcastToClan": "<color=#ff3333>[ADMIN]</color>: {0}",
  "Admin.Rename": "Een beheerder heeft je clantag gewijzigd naar <color=#aaff55>[{0}]</color>",
  "Admin.Disband": "Een beheerder heeft je clan opgeheven",
  "Admin.Invite": "Een beheerder heeft {0} uitgenodigd om lid te worden van je clan",
  "Admin.Join": "Een beheerder heeft je gedwongen om lid te worden van <color=#aaff55>[{0}]</color>",
  "Admin.Kick": "Een beheerder heeft je uit <color=#aaff55>[{0}]</color> gekickt",
  "Admin.SetOwner": "Een beheerder heeft {0} als clanleider ingesteld",
  "Admin.Promote": "Een beheerder heeft {0} gepromoveerd naar de rang van {1}",
  "Admin.Demote": "Een beheerder heeft {0} gedegradeerd naar de rang van {1}"
}