{
  "CommandUsageExtLoad": "Gebruik: oxide.ext.load <extname>+",
  "CommandUsageExtUnload": "Gebruik: oxide.ext.unload <extname>+",
  "CommandUsageExtReload": "Gebruik: oxide.ext.reload <extname>+",
  "CommandUsageGrant": "Gebruik: oxide.grant <group|user> <name|id> <permission>",
  "CommandUsageGroup": "Gebruik: oxide.group <add|set> <name> [title] [rank]",
  "CommandUsageGroupParent": "Gebruik: oxide.group <parent> <name> <parentName>",
  "CommandUsageGroupRemove": "Gebruik: oxide.group <remove> <name>",
  "CommandUsageLang": "Gebruik: oxide.lang <twee-letter taalcode>",
  "CommandUsageLoad": "Gebruik: oxide.load *|<pluginname>+",
  "CommandUsageReload": "Gebruik: oxide.reload *|<pluginname>+",
  "CommandUsageRevoke": "Gebruik: oxide.revoke <group|user> <name|id> <permission>",
  "CommandUsageShow": "Gebruik: oxide.show <groups|perms>",
  "CommandUsageShowName": "Gebruik: oxide.show <group|user> <name>",
  "CommandUsageUnload": "Gebruik: oxide.unload *|<pluginname>+",
  "CommandUsageUserGroup": "Gebruik: oxide.usergroup <add|remove> <username> <groupname>",
  "ConnectionRejected": "Verbinding geweigerd",
  "DataSaved": "Oxide-gegevens worden opgeslagen...",
  "GroupAlreadyExists": "Groep '{0}' bestaat al",
  "GroupAlreadyHasPermission": "Groep '{0}' heeft al toestemming '{1}'",
  "GroupDoesNotHavePermission": "Groep '{0}' heeft geen toestemming '{1}'",
  "GroupChanged": "Groep '{0}' gewijzigd",
  "GroupCreated": "Groep '{0}' aangemaakt",
  "GroupDeleted": "Groep '{0}' verwijderd",
  "GroupNotFound": "Groep '{0}' bestaat niet",
  "GroupParentChanged": "Bovenliggende groep van '{0}' gewijzigd naar '{1}'",
  "GroupParentNotChanged": "Bovenliggende groep van '{0}' niet gewijzigd",
  "GroupParentNotFound": "Bovenliggende groep '{0}' bestaat niet",
  "GroupPermissionGranted": "Groep '{0}' kreeg toestemming '{1}'",
  "GroupPermissionRevoked": "Groep '{0}' intrekking toestemming '{1}'",
  "GroupPermissions": "Groep '{0}' toestemmingen",
  "GroupPlayers": "Groep '{0}' spelers",
  "Groups": "Groepen",
  "InvalidLanguageName": "Ongeldige taalnaam: '{0}'",
  "NoGroupPermissions": "Geen huidige toestemmingen verleend",
  "NoPermissionGroups": "Geen groepen met deze toestemming",
  "NoPermissionPlayers": "Geen spelers met deze toestemming",
  "NoPluginsFound": "Geen plugins momenteel beschikbaar",
  "NoPlayerGroups": "Speler is aan geen enkele groep toegewezen",
  "NoPlayerPermissions": "Geen huidige toestemmingen verleend",
  "NoPlayersInGroup": "Geen spelers momenteel in groep",
  "NotAllowed": "Je mag het commando '{0}' niet gebruiken",
  "ParentGroupPermissions": "Bovenliggende groep '{0}' toestemmingen",
  "PermissionGroups": "Toestemming '{0}' Groepen",
  "PermissionPlayers": "Toestemming '{0}' Spelers",
  "PermissionNotFound": "Toestemming '{0}' bestaat niet",
  "Permissions": "Toestemmingen",
  "PermissionsNotLoaded": "Kan toestemming bestanden niet laden! Toestemmingen zullen niet werken totdat dit is opgelost.\n => {0}",
  "PlayerLanguage": "Spelertaal ingesteld op {0}",
  "PluginNotLoaded": "Plugin '{0}' niet geladen.",
  "PluginReloaded": "Plugin {0} v{1} door {2} herladen",
  "PluginUnloaded": "Plugin {0} v{1} door {2} uitgeschakeld",
  "ServerLanguage": "Servertaal ingesteld op {0}",
  "Unknown": "Onbekend",
  "UnknownCommand": "Onbekend commando: {0}",
  "PlayerAddedToGroup": "Speler '{0}' toegevoegd aan groep: {1}",
  "PlayerAlreadyHasPermission": "Speler '{0}' heeft al toestemming '{1}'",
  "PlayerDoesNotHavePermission": "Speler '{0}' heeft geen toestemming '{1}'",
  "PlayerNotFound": "Speler '{0}' niet gevonden",
  "PlayerGroups": "Speler '{0}' groepen",
  "PlayerPermissions": "Speler '{0}' toestemmingen",
  "PlayerPermissionGranted": "Speler '{0}' kreeg toestemming '{1}'",
  "PlayerPermissionRevoked": "Speler '{0}' intrekking toestemming '{1}'",
  "PlayerRemovedFromGroup": "Speler '{0}' verwijderd uit groep '{1}'",
  "PlayersFound": "Meerdere spelers gevonden, specificeer alsjeblieft: {0}",
  "Version": "Server draait [#ffb658]Oxide {0}[/#] en [#ee715c]{1} {2} ({3})[/#]",
  "YouAreNotAdmin": "Je bent geen admin"
}