{
  "WebErrorOccurred": "Downloaden van de afbeelding mislukt! Fout {0}.",
  "FileTooLarge": "Het bestand overschrijdt de maximale bestandsgrootte van {0}Mb.",
  "ErrorOccurred": "Er is een onbekende fout opgetreden, als deze fout blijft optreden, meld het dan aan de serverbeheerder.",
  "RestoreErrorOccurred": "Kan het bord niet herstellen omdat er geen textuur aan is toegewezen.",
  "DownloadQueued": "Je afbeelding is toegevoegd aan de wachtrij voor downloads!",
  "RestoreQueued": "Je bord is toegevoegd aan de wachtrij voor herstel!",
  "RestoreBatchQueued": "Je hebt alle {0} borden toegevoegd aan de wachtrij voor herstel!",
  "ImageLoaded": "De afbeelding is succesvol geladen op het bord!",
  "ImageRestored": "De afbeelding is succesvol hersteld voor het bord!",
  "LogEntry": "Speler `{0}` (SteamId: {1}) heeft {2} geladen in {3} van {4}",
  "NoSignFound": "Kan geen bord vinden! Zorg ervoor dat je er naar kijkt en dat je er niet te ver vanaf bent.",
  "Cooldown": "Je kunt de opdracht nog niet gebruiken! Resterende wachttijd: {0}.",
  "SignNotOwned": "Je kunt dit bord niet aanpassen omdat het beschermd is door een tool cupboard.",
  "NoItemHeld": "Je houdt geen item vast.",
  "ActionQueuedAlready": "Er is al een actie in de wachtrij voor dit bord, wacht tot deze actie is voltooid.",
  "SyntaxSilCommand": "Syntaxisfout!\nSyntaxis: /sil <url> [raw]",
  "SyntaxSilCommandMulti": "Syntaxisfout!\nSyntaxis: /sil <1-{0}> <url> [raw]",
  "SyntaxSiltCommand": "Syntaxisfout!\nSyntaxis: /silt <bericht> [<lettergrootte:getal>] [<kleur:hex waarde>] [<achtergrondkleur:hex waarde>] [raw]",
  "SyntaxSiltCommandMulti": "Syntaxisfout!\nSyntaxis: /silt <1-{0}> <bericht> [<lettergrootte:getal>] [<kleur:hex waarde>] [<achtergrondkleur:hex waarde>] [raw]",
  "SyntaxSiliCommandMulti": "Syntaxisfout!\nSyntaxis: /sili <1-{0}>",
  "NoPermission": "Je hebt geen toestemming om deze opdracht te gebruiken.",
  "NoPermissionFile": "Je hebt geen toestemming om afbeeldingen van het bestandssysteem van de server te gebruiken.",
  "NoPermissionRaw": "Je hebt geen toestemming om raw-afbeeldingen te gebruiken, normaal laden in plaats daarvan.",
  "NoPermissionRestoreAll": "Je hebt geen toestemming om alle borden tegelijk te herstellen.",
  "day": "dag",
  "days": "dagen",
  "hour": "uur",
  "hours": "uren",
  "minute": "minuut",
  "minutes": "minuten",
  "second": "seconde",
  "seconds": "seconden",
  "and": "en"
}