{
    "NoPermToUse": "Je hebt geen toestemming om dit te doen",
    "NoILError": "De plugin werkt niet correct, neem contact op met de beheerder!",
    "UI.Plugin.Title": "LEADERBOARD",
    "UI.Leaderboard.Awards.Title": "Beste beloningen",
    "UI.Leaderboard.Awards.Place": "{0}. plaats",
    "UI.Search.Players.Title": "ZOEK SPELER OP NAAM OF STEAMID",
    "UI.Search.Input.Placeholder": "VOER NAAM OF STEAMID IN",
    "UI.Players.List.Title": "LIJST VAN SPELERS OP DE SERVER",
    "UI.Players.NoPlayers": "Geen spelers beschikbaar :(",
    "UI.HitRate.Title": "HITRATE",
    "UI.HitRate.Description": "Hier zie je het aantal treffers op lichaamsdelen",
    "UI.Building.Title": "BOUWEN",
    "UI.Building.Description": "Hier zie je de bouwstatistieken",
    "UI.Stat.Value.Total": "Totaal: {0}",
    "UI.Stat.Value.Today": "Vandaag: {0}",
    "UI.Stat.Value.KD": "Kills: {0} / Doden: {1}",
    "UI.Stat.Value.None": "Geen",
    "UI.Stat.Value.Unknown": "Onbekend",
    "UI.Time.Years": "{0}j",
    "UI.Time.Months": "{0}m",
    "UI.Time.Days": "{0}d",
    "UI.Time.Hours": "{0}u",
    "UI.Time.Minutes": "{0}m",
    "UI.Time.Seconds": "{0}s",
    "MSG.Profile.Already.Loading": "Dit profiel wordt al geladen, even geduld alstublieft.",
    "MSG.Profile.Wait.Before.Another": "Wacht een moment voordat je een nieuw profiel opent.",
    "UI.Leaderboard.Loading": "Laden...",
    "Msg.Player.NotFound": "Spelerstatistieken niet gevonden",
    "Msg.Invalid.SteamID": "Ongeldig Steam ID formaat",
    "Msg.Hide.Self.Hidden": "Je bent nu verborgen op het leaderboard",
    "Msg.Hide.Self.Visible": "Je bent nu zichtbaar op het leaderboard",
    "UI.Category.MY STATISTICS": "MIJN STATISTIEKEN",
    "UI.Category.TOP 10 PLAYERS": "TOP 10 SPELERS",
    "UI.Category.SEARCH": "ZOEKEN",
    "UI.Awards.TOP scorers": "TOP scorers",
    "UI.Awards.Place.Frontiersman Pack": "Frontiersman Pack",
    "UI.Awards.Place.Lumberjack Pack": "Houthakker Pack",
    "UI.Awards.Place.Artic Pack": "Arctisch Pack",
    "UI.Awards.Place.Abyss Pack": "Abyss Pack",
    "UI.Awards.Place.Retro Tool Cupboard": "Retro Gereedschapskasten",
    "UI.Awards.TOP killers": "TOP killers",
    "UI.Awards.TOP time played": "TOP speeltijd",
    "UI.Tabs.GENERAL": "ALGEMEEN",
    "UI.Field.Profile": "Profiel",
    "UI.Field.name": "naam",
    "UI.Field.K/D": "K/D",
    "UI.Field.kd": "kd",
    "UI.Field.Time": "Tijd",
    "UI.Field.current_playtime": "huidige speeltijd",
    "UI.Field.Longest Kill Distance": "Langste kill afstand",
    "UI.Field.longest_kill_distance": "langste_kill_afstand",
    "UI.Field.Total Resources Gathered": "Totaal verzamelde grondstoffen",
    "UI.Field.total_resources": "totaal_grondstoffen",
    "UI.Field.Favorite Resource": "Favoriete grondstof",
    "UI.Field.favorite_resource": "favoriete_grondstof",
    "UI.Field.Total Items Crafted": "Totaal gemaakte items",
    "UI.Field.total_items_crafted": "totaal_gemaakte_items",
    "UI.Field.Structures Built": "Gebouwde structuren",
    "UI.Field.structures_built": "gebouwde_structuren",
    "UI.Field.Upgrades Performed": "Uitgevoerde upgrades",
    "UI.Field.upgrades_performed": "uitgevoerde_upgrades",
    "UI.Field.Favorite Building Material": "Favoriete bouwmateriaal",
    "UI.Field.favorite_building_material": "favoriete_bouwmateriaal",
    "UI.Field.Events Won": "Gewonnen evenementen",
    "UI.Field.events_won": "gewonnen_evenementen",
    "UI.Field.Favorite Event": "Favoriete evenement",
    "UI.Field.favorite_event": "favoriete_evenement",
    "UI.Column.EVENTS": "EVENEMENTEN",
    "UI.Field.Convoy": "Convoy",
    "UI.Field.Sputnik": "Sputnik",
    "UI.Field.Caravan": "Karavaan",
    "UI.Field.GasStation": "Tankstation",
    "UI.Field.GasStationEvent": "Tankstation evenement",
    "UI.Field.Air": "Lucht",
    "UI.Field.AirEvent": "Lucht evenement",
    "UI.Field.SatDish": "Satellietschotel",
    "UI.Field.SatDishEvent": "Satellietschotel evenement",
    "UI.Field.Triangulation": "Triangulatie",
    "UI.Field.Water": "Water",
    "UI.Field.WaterEvent": "Water evenement",
    "UI.Field.Harbor": "Haven",
    "UI.Field.HarborEvent": "Haven evenement",
    "UI.Field.ArcticBase": "Arctische basis",
    "UI.Field.ArcticBaseEvent": "Arctische basis evenement",
    "UI.Field.Junkyard": "Vuilstort",
    "UI.Field.JunkyardEvent": "Vuilstort evenement",
    "UI.Field.Supermarket": "Supermarkt",
    "UI.Field.SupermarketEvent": "Supermarkt evenement",
    "UI.Field.PowerPlant": "Kerncentrale",
    "UI.Field.PowerPlantEvent": "Kerncentrale evenement",
    "UI.Field.Paintball Team": "Paintball team",
    "UI.Field.PaintballTeam": "PaintballTeam",
    "UI.Field.Paintball FFA": "Paintball iedereen tegen iedereen",
    "UI.Field.PaintballFFA": "PaintballFFA",
    "UI.Field.Survival Arena": "Survival Arena",
    "UI.Field.SurvivalArena": "SurvivalArena",
    "UI.Field.Gun Game": "Gun Game",
    "UI.Field.GunGame": "GunGame",
    "UI.Field.Zombie Infection": "Zombie Infectie",
    "UI.Field.ZombieInfection": "ZombieInfection",
    "UI.Field.Tugboat Pirates": "Sleepboot Piraten",
    "UI.Field.TugboatPirates": "TugboatPirates",
    "UI.Tabs.RESOURCES": "GRONDSTOFFEN",
    "UI.Column.RESOURCES": "GRONDSTOFFEN",
    "UI.Field.Stone": "Steen",
    "UI.Field.stones": "stones",
    "UI.Field.Wood": "Hout",
    "UI.Field.wood": "wood",
    "UI.Field.Sulfur Ore": "Zwavelerts",
    "UI.Field.sulfur.ore": "sulfur.ore",
    "UI.Field.Metal Ore": "Metaalerts",
    "UI.Field.metal.ore": "metal.ore",
    "UI.Field.High Quality Metal Ore": "Hoogwaardige metaalerts",
    "UI.Field.hq.metal.ore": "hq.metal.ore",
    "UI.Field.Leather": "Leer",
    "UI.Field.leather": "leather",
    "UI.Field.Bone Fragments": "Botfragmenten",
    "UI.Field.bone.fragments": "bone.fragments",
    "UI.Field.Animal Fat": "Dierlijk vet",
    "UI.Field.fat.animal": "fat.animal",
    "UI.Field.Scrap": "Schroot",
    "UI.Field.scrap": "scrap",
    "UI.Column.FARMING": "LANDBOUW",
    "UI.Field.Hemp": "Hennep",
    "UI.Field.hemp-collectable": "hemp-collectable",
    "UI.Field.Blue Berry": "Blauwe bes",
    "UI.Field.blue.berry": "blue.berry",
    "UI.Field.Red Berry": "Rode bes",
    "UI.Field.red.berry": "red.berry",
    "UI.Field.Yellow Berry": "Gele bes",
    "UI.Field.yellow.berry": "yellow.berry",
    "UI.Field.Black Berry": "Zwarte bes",
    "UI.Field.black.berry": "black.berry",
    "UI.Field.Green Berry": "Groene bes",
    "UI.Field.green.berry": "green.berry",
    "UI.Field.White Berry": "Witte bes",
    "UI.Field.white.berry": "white.berry",
    "UI.Field.Potato": "Aardappel",
    "UI.Field.potato": "potato",
    "UI.Field.Cloth": "Stof",
    "UI.Field.cloth": "cloth",
    "UI.Field.Mushroom": "Champignon",
    "UI.Field.mushroom": "mushroom",
    "UI.Field.Corn": "Maïs",
    "UI.Field.corn": "corn",
    "UI.Field.Pumpkin": "Pompoen",
    "UI.Field.pumpkin": "pumpkin",
    "UI.Field.Orchid": "Orchidee",
    "UI.Field.orchid": "orchid",
    "UI.Field.Rose": "Roos",
    "UI.Field.rose": "rose",
    "UI.Field.Sunflower": "Zonnebloem",
    "UI.Field.sunflower": "sunflower",
    "UI.Field.Wheat": "Tarwe",
    "UI.Field.wheat": "wheat",
    "UI.Column.MISC": "OVERIG",
    "UI.Field.Bears": "Beren",
    "UI.Field.bear": "bear",
    "UI.Field.Polar Bears": "IJsberen",
    "UI.Field.polarbear": "polarbear",
    "UI.Field.Boars": "Everzwijnen",
    "UI.Field.boar": "boar",
    "UI.Field.Chicken": "Kip",
    "UI.Field.chicken": "chicken",
    "UI.Field.Stag": "Hert",
    "UI.Field.stag": "stag",
    "UI.Field.Wolf": "Wolf",
    "UI.Field.wolf2": "wolf2",
    "UI.Field.Panther": "Panter",
    "UI.Field.panther": "panther",
    "UI.Field.Crocodile": "Krokodil",
    "UI.Field.crocodile": "crocodile",
    "UI.Field.Snake": "Slang",
    "UI.Field.snake.entity": "snake.entity",
    "UI.Field.Tiger": "Tijger",
    "UI.Field.tiger": "tiger",
    "UI.Field.Shark": "Haai",
    "UI.Field.simpleshark": "simpleshark",
    "UI.Field.Bradley": "Bradley",
    "UI.Field.bradleyapc": "bradleyapc",
    "UI.Field.Helicopter": "Helikopter",
    "UI.Field.helicopter": "helicopter",
    "UI.Field.Scientist": "Wetenschapper",
    "UI.Field.npc_underwaterdweller|scientistnpc_arena|scientistnpc_bradley|scientistnpc_bradley_heavy|scientistnpc_cargo|scientistnpc_cargo_turret_any|scientistnpc_cargo_turret_lr300|scientistnpc_ch47_gunner|scientistnpc_excavator|scientistnpc_full_any|scientistnpc_full_lr300|scientistnpc_full_mp5|scientistnpc_full_pistol|scientistnpc_full_shotgun|scientistnpc_junkpile_pistol|scientistnpc_oilrig|scientistnpc_patrol|scientistnpc_patrol_arctic|scientistnpc_peacekeeper|scientistnpc_roam|scientistnpc_roam_nvg_variant|scientistnpc_roamtethered": "npc_underwaterdweller|scientistnpc_arena|scientistnpc_bradley|scientistnpc_bradley_heavy|scientistnpc_cargo|scientistnpc_cargo_turret_any|scientistnpc_cargo_turret_lr300|scientistnpc_ch47_gunner|scientistnpc_excavator|scientistnpc_full_any|scientistnpc_full_lr300|scientistnpc_full_mp5|scientistnpc_full_pistol|scientistnpc_full_shotgun|scientistnpc_junkpile_pistol|scientistnpc_oilrig|scientistnpc_patrol|scientistnpc_patrol_arctic|scientistnpc_peacekeeper|scientistnpc_roam|scientistnpc_roam_nvg_variant|scientistnpc_roamtethered",
    "UI.Field.Heavy Scientist": "Zwaar bepantserde wetenschapper",
    "UI.Field.scientistnpc_heavy": "scientistnpc_heavy",
    "UI.Field.Tunnel Dweller": "Tunnelbewoner",
    "UI.Field.npc_tunneldweller|npc_tunneldwellerspawned": "npc_tunneldweller|npc_tunneldwellerspawned",
    "UI.Field.Underwater Lab Dweller": "Onderwater laboratorium bewoner",
    "UI.Field.npc_underwaterdweller": "npc_underwaterdweller",
    "UI.Column.RAID": "RAID",
    "UI.Field.Satchel": "Tasje (explosief)",
    "UI.Field.explosive.satchel": "explosive.satchel",
    "UI.Field.Molotov": "Molotov",
    "UI.Field.grenade.molotov": "grenade.molotov",
    "UI.Field.Flashbang": "Flashbang",
    "UI.Field.grenade.flashbang": "grenade.flashbang",
    "UI.Field.Survey Charge": "Verkenningslading",
    "UI.Field.surveycharge": "surveycharge",
    "UI.Field.Grenade": "Granaat",
    "UI.Field.grenade.f1": "grenade.f1",
    "UI.Field.Beancan": "Beancan Bomba",
    "UI.Field.grenade.beancan": "grenade.beancan",
    "UI.Field.Rocket": "Raket",
    "UI.Field.ammo.rocket.basic": "ammo.rocket.basic",
    "UI.Field.Incendiary Rocket": "Brandraket",
    "UI.Field.ammo.rocket.fire": "ammo.rocket.fire",
    "UI.Field.Rocket HV": "Hogesnelheidsraket",
    "UI.Field.ammo.rocket.hv": "ammo.rocket.hv",
    "UI.Field.Explosive 5.56 Rifle Ammo": "Explosieve 5.56 geweermunitie",
    "UI.Field.ammo.rifle.explosive": "ammo.rifle.explosive",
    "UI.Field.GL HE": "GL HE",
    "UI.Field.ammo.grenadelauncher.he": "ammo.grenadelauncher.he",
    "UI.Field.C4": "C4",
    "UI.Field.explosive.timed": "explosive.timed",
    "UI.Field.MLRS Rocket": "MLRS raket",
    "UI.Field.ammo.rocket.mlrs": "ammo.rocket.mlrs",
    "UI.Column.RECYCLED": "GERECYCLED",
    "UI.Field.Propane Tanks": "Propaantanks",
    "UI.Field.propanetank": "propanetank",
    "UI.Field.Gears": "Tandwielen",
    "UI.Field.gears": "gears",
    "UI.Field.Metal Pipe": "Metaalbuis",
    "UI.Field.metalpipe": "metalpipe",
    "UI.Field.Rifle Body": "Geweerlichaam",
    "UI.Field.riflebody": "riflebody",
    "UI.Field.Semi Body": "Semi-automatisch lichaam",
    "UI.Field.semibody": "semibody",
    "UI.Field.Metal Springs": "Metalen veren",
    "UI.Field.metalspring": "metalspring",
    "UI.Field.Road Signs": "Verkeersborden",
    "UI.Field.roadsigns": "roadsigns",
    "UI.Field.Sewing Kits": "Naaiset",
    "UI.Field.sewingkit": "sewingkit",
    "UI.Field.Tarp": "Zeil",
    "UI.Field.tarp": "tarp",
    "UI.Field.Rope": "Touw",
    "UI.Field.rope": "rope",
    "UI.Field.Sheet Metal": "Plaatmetaal",
    "UI.Field.sheetmetal": "sheetmetal",
    "UI.Field.Fuse": "Zekering",
    "UI.Field.fuse": "fuse",
    "UI.Field.Metal Blade": "Metalen mes",
    "UI.Field.metalblade": "metalblade",
    "UI.Field.SMG Body": "SMG lichaam",
    "UI.Field.smgbody": "smgbody",
    "UI.Field.Tech Parts": "Technische onderdelen",
    "UI.Field.techparts": "techparts",
    "UI.Field.Targeting Computer": "Richtcomputer",
    "UI.Field.targeting.computer": "targeting.computer",
    "UI.Field.CCTV Camera": "Beveiligingscamera",
    "UI.Field.cctv.camera": "cctv.camera",
    "UI.Column.FIRED": "AFGESCHOTEN",
    "UI.Field.Pistol": "Pistool",
    "UI.Field.ammo.pistol": "ammo.pistol",
    "UI.Field.Pistol Incendiary": "Pistool (brand)",
    "UI.Field.ammo.pistol.fire": "ammo.pistol.fire",
    "UI.Field.Pistol HV": "Pistool (hoge snelheid)",
    "UI.Field.ammo.pistol.hv": "ammo.pistol.hv",
    "UI.Field.Nailguns": "Spijkerpistolen",
    "UI.Field.ammo.nailgun.nails": "ammo.nailgun.nails",
    "UI.Field.Rifle": "Geweer",
    "UI.Field.ammo.rifle": "ammo.rifle",
    "UI.Field.Rifle HV": "Geweer (hoge snelheid)",
    "UI.Field.ammo.rifle.hv": "ammo.rifle.hv",
    "UI.Field.Rifle Incendiary": "Geweer (brand)",
    "UI.Field.ammo.rifle.incendiary": "ammo.rifle.incendiary",
    "UI.Field.HandMades": "Handgemaakt",
    "UI.Field.ammo.handmade.shell": "ammo.handmade.shell",
    "UI.Field.GL Buckshot": "GL hagel",
    "UI.Field.ammo.grenadelauncher.buckshot": "ammo.grenadelauncher.buckshot",
    "UI.Field.Shotgun Slug": "Hagelgeweer slug",
    "UI.Field.ammo.shotgun.slug": "ammo.shotgun.slug",
    "UI.Field.Shotgun Fire": "Hagelgeweer (brand)",
    "UI.Field.ammo.shotgun.fire": "ammo.shotgun.fire",
    "UI.Field.Shotgun": "Hagelgeweer",
    "UI.Field.ammo.shotgun": "ammo.shotgun",
    "UI.Field.SnowBall": "Sneeuwbal",
    "UI.Field.snowball": "snowball",
    "UI.Field.Wooden Arrow": "Houten pijl",
    "UI.Field.arrow.wooden": "arrow.wooden",
    "UI.Field.Fire Arrow": "Vuurnaald",
    "UI.Field.arrow.fire": "arrow.fire",
    "UI.Field.Bone Arrow": "Botpijl",
    "UI.Field.arrow.bone": "arrow.bone",
    "UI.Field.High Velocity Arrow": "Hogesnelheidspijl",
    "UI.Field.arrow.hv": "arrow.hv",
    "UI.Column.FISHING": "VISSEN",
    "UI.Field.Anchovy": "Ansjovis",
    "UI.Field.fish.anchovy": "fish.anchovy",
    "UI.Field.Catfish": "Meerval",
    "UI.Field.fish.catfish": "fish.catfish",
    "UI.Field.Herring": "Haring",
    "UI.Field.fish.herring": "fish.herring",
    "UI.Field.Orange Roughy": "Oranje ruwevis",
    "UI.Field.fish.orangeroughy": "fish.orangeroughy",
    "UI.Field.Salmon": "Zalm",
    "UI.Field.fish.salmon": "fish.salmon",
    "UI.Field.Sardine": "Sardine",
    "UI.Field.fish.sardine": "fish.sardine",
    "UI.Field.Small Shark": "Kleine haai",
    "UI.Field.fish.smallshark": "fish.smallshark",
    "UI.Field.Small Trout": "Kleine forel",
    "UI.Field.fish.troutsmall": "fish.troutsmall",
    "UI.Field.Yellow Perch": "Gele baars",
    "UI.Field.fish.yellowperch": "fish.yellowperch",
    "UI.Field.Minnows": "Elrits",
    "UI.Field.fish.minnows": "fish.minnows",
    "UI.Column.CRAFTED": "GEMAAKT",
    "UI.Field.Garage Door": "Garagedeur",
    "UI.Field.wall.frame.garagedoor": "wall.frame.garagedoor",
    "UI.Field.Sheet Metal Double Door": "Dubbele metalen deur",
    "UI.Field.door.double.hinged.metal": "door.double.hinged.metal",
    "UI.Field.Armored Double Door": "Dubbele gepantserde deur",
    "UI.Field.door.double.hinged.toptier": "door.double.hinged.toptier",
    "UI.Field.Wood Double Door": "Dubbele houten deur",
    "UI.Field.door.double.hinged.wood": "door.double.hinged.wood",
    "UI.Field.Sheet Metal Door": "Metalen deur",
    "UI.Field.door.hinged.metal": "door.hinged.metal",
    "UI.Field.Armored Door": "Gepantserde deur",
    "UI.Field.door.hinged.toptier": "door.hinged.toptier",
    "UI.Field.Wood Door": "Houten deur",
    "UI.Field.door.hinged.wood": "door.hinged.wood",
    "UI.Field.Large Wood Box": "Grote houten kist",
    "UI.Field.box.wooden.large": "box.wooden.large",
    "UI.Field.Wood Storage Box": "Houten opbergkist",
    "UI.Field.box.wooden": "box.wooden",
    "UI.Field.Flame Turret": "Vlammenwerpertoren",
    "UI.Field.flameturret": "flameturret",
    "UI.Field.Shotgun Trap": "Hagelgeweer val",
    "UI.Field.guntrap": "guntrap",
    "UI.Field.Auto Turret": "Automatische toren",
    "UI.Field.autoturret": "autoturret",
    "UI.Field.Code Lock": "Cijferslot",
    "UI.Field.lock.code": "lock.code",
    "UI.Field.Key Lock": "Sleutelslot",
    "UI.Field.lock.key": "lock.key",
    "UI.Field.Wooden Ladder": "Houten ladder",
    "UI.Field.ladder.wooden.wall": "ladder.wooden.wall",
    "UI.Field.Medical Syringe": "Medische spuit",
    "UI.Field.syringe.medical": "syringe.medical",
    "UI.Field.Bandage": "Verband",
    "UI.Field.bandage": "bandage",
    "UI.Field.Large Medkit": "Grote EHBO-set",
    "UI.Field.largemedkit": "largemedkit",
    "UI.Field.Rocket Launcher": "Raketwerper",
    "UI.Field.rocket.launcher": "rocket.launcher",
    "UI.Field.HV Rocket": "Hogesnelheidsraket",
    "UI.Field.Explosives": "Explosieven",
    "UI.Field.explosives": "explosives",
    "UI.Field.Gun Powder": "Buskruit",
    "UI.Field.gunpowder": "gunpowder",
    "UI.Field.Low Grade Fuel": "Laagwaardige brandstof",
    "UI.Field.lowgradefuel": "lowgradefuel",
    "UI.Column.LOOTED": "GEBUIT",
    "UI.Field.Normal Crate": "Normale kist",
    "UI.Field.crate_normal_2": "crate_normal_2",
    "UI.Field.Basic Crate": "Basis kist",
    "UI.Field.crate_basic": "crate_basic",
    "UI.Field.Elite Crate": "Elite kist",
    "UI.Field.crate_elite": "crate_elite",
    "UI.Field.Military Crate": "Militaire kist",
    "UI.Field.crate_normal": "crate_normal",
    "UI.Field.Tools Crate": "Gereedschapskist",
    "UI.Field.crate_tools": "crate_tools",
    "UI.Field.Supply Drop": "Voedseldrop",
    "UI.Field.supply_drop": "supply_drop",
    "UI.Field.Locked Crate": "Gesloten kist",
    "UI.Field.codelockedhackablecrate|codelockedhackablecrate_oilrig": "codelockedhackablecrate|codelockedhackablecrate_oilrig",
    "UI.Tabs.BUILDING": "BOUWEN",
    "UI.Tabs.HITRATE": "HITRATE",
    "UI.Field.Head kills": "Headshots",
    "UI.Field.HEAD": "HOOFD",
    "UI.Leaderboard.Column.Nickname": "Bijnaam",
    "UI.Leaderboard.Column.Kills": "Kills",
    "UI.Leaderboard.Column.Deaths": "Doden",
    "UI.Leaderboard.Column.KDR": "K/D ratio",
    "UI.Leaderboard.Column.NPC Kills": "NPC kills",
    "UI.Leaderboard.Column.Total online": "Totaal online",
    "UI.Leaderboard.Column.Scores": "Punten",
    "UI.BodyParts.HEAD": "HOOFD",
    "UI.BodyParts.ARM": "ARM",
    "UI.BodyParts.CHEST": "BORST",
    "UI.BodyParts.HIP": "HEUP",
    "UI.BodyParts.BODY": "LICHAAM",
    "UI.BodyParts.NECK": "NEK",
    "UI.Building.wall.frame_twigs": "MUUR.FRAME- TAKKEN",
    "UI.Grade.twigs": "TAKKEN",
    "UI.Building.wall.frame_wood": "MUUR.FRAME- HOUT",
    "UI.Grade.wood": "HOUT",
    "UI.Building.wall.frame_stone": "MUUR.FRAME- STEEN",
    "UI.Grade.stone": "STEEN",
    "UI.Building.wall.frame_metal": "MUUR.FRAME- METAAL",
    "UI.Grade.metal": "METAAL",
    "UI.Building.wall.frame_toptier": "MUUR.FRAME- TOPNIVEAU",
    "UI.Grade.toptier": "TOPNIVEAU",
    "UI.Building.wall.frame_count": "MUUR.FRAME- AANTAL",
    "UI.Grade.count": "AANTAL",
    "UI.Building.wall.frame_none": "MUUR.FRAME- GEEN",
    "UI.Grade.none": "GEEN",
    "UI.Building.block.stair.ushape_twigs": "BLOK.TRAP.U-VORM- TAKKEN",
    "UI.Building.block.stair.ushape_wood": "BLOK.TRAP.U-VORM- HOUT",
    "UI.Building.block.stair.ushape_stone": "BLOK.TRAP.U-VORM- STEEN",
    "UI.Building.block.stair.ushape_metal": "BLOK.TRAP.U-VORM- METAAL",
    "UI.Building.block.stair.ushape_toptier": "BLOK.TRAP.U-VORM- TOPNIVEAU",
    "UI.Building.block.stair.ushape_count": "BLOK.TRAP.U-VORM- AANTAL",
    "UI.Building.block.stair.ushape_none": "BLOK.TRAP.U-VORM- GEEN",
    "UI.Building.roof_twigs": "DAK- TAKKEN",
    "UI.Building.roof_wood": "DAK- HOUT",
    "UI.Building.roof_stone": "DAK- STEEN",
    "UI.Building.roof_metal": "DAK- METAAL",
    "UI.Building.roof_toptier": "DAK- TOPNIVEAU",
    "UI.Building.roof_count": "DAK- AANTAL",
    "UI.Building.roof_none": "DAK- GEEN",
    "UI.Building.wall.window_twigs": "MUUR.RAAM- TAKKEN",
    "UI.Building.wall.window_wood": "MUUR.RAAM- HOUT",
    "UI.Building.wall.window_stone": "MUUR.RAAM- STEEN",
    "UI.Building.wall.window_metal": "MUUR.RAAM- METAAL",
    "UI.Building.wall.window_toptier": "MUUR.RAAM- TOPNIVEAU",
    "UI.Building.wall.window_count": "MUUR.RAAM- AANTAL",
    "UI.Building.wall.window_none": "MUUR.RAAM- GEEN",
    "UI.Building.floor.triangle.frame_twigs": "VLOER.DRIEHOEK.FRAME- TAKKEN",
    "UI.Building.floor.triangle.frame_wood": "VLOER.DRIEHOEK.FRAME- HOUT",
    "UI.Building.floor.triangle.frame_stone": "VLOER.DRIEHOEK.FRAME- STEEN",
    "UI.Building.floor.triangle.frame_metal": "VLOER.DRIEHOEK.FRAME- METAAL",
    "UI.Building.floor.triangle.frame_toptier": "VLOER.DRIEHOEK.FRAME- TOPNIVEAU",
    "UI.Building.floor.triangle.frame_count": "VLOER.DRIEHOEK.FRAME- AANTAL",
    "UI.Building.floor.triangle.frame_none": "VLOER.DRIEHOEK.FRAME- GEEN",
    "UI.Building.wall.low_twigs": "MUUR.LAAG- TAKKEN",
    "UI.Building.wall.low_wood": "MUUR.LAAG- HOUT",
    "UI.Building.wall.low_stone": "MUUR.LAAG- STEEN",
    "UI.Building.wall.low_metal": "MUUR.LAAG- METAAL",
    "UI.Building.wall.low_toptier": "MUUR.LAAG- TOPNIVEAU",
    "UI.Building.wall.low_count": "MUUR.LAAG- AANTAL",
    "UI.Building.wall.low_none": "MUUR.LAAG- GEEN",
    "UI.Building.wall.half_twigs": "MUUR.HALF- TAKKEN",
    "UI.Building.wall.half_wood": "MUUR.HALF- HOUT",
    "UI.Building.wall.half_stone": "MUUR.HALF- STEEN",
    "UI.Building.wall.half_metal": "MUUR.HALF- METAAL",
    "UI.Building.wall.half_toptier": "MUUR.HALF- TOPNIVEAU",
    "UI.Building.wall.half_count": "MUUR.HALF- AANTAL",
    "UI.Building.wall.half_none": "MUUR.HALF- GEEN",
    "UI.Building.roof.triangle_twigs": "DAK.DRIEHOEK- TAKKEN",
    "UI.Building.roof.triangle_wood": "DAK.DRIEHOEK- HOUT",
    "UI.Building.roof.triangle_stone": "DAK.DRIEHOEK- STEEN",
    "UI.Building.roof.triangle_metal": "DAK.DRIEHOEK- METAAL",
    "UI.Building.roof.triangle_toptier": "DAK.DRIEHOEK- TOPNIVEAU",
    "UI.Building.roof.triangle_count": "DAK.DRIEHOEK- AANTAL",
    "UI.Building.roof.triangle_none": "DAK.DRIEHOEK- GEEN",
    "UI.Building.foundation.steps_twigs": "FUNDERING.TRAPPEN- TAKKEN",
    "UI.Building.foundation.steps_wood": "FUNDERING.TRAPPEN- HOUT",
    "UI.Building.foundation.steps_stone": "FUNDERING.TRAPPEN- STEEN",
    "UI.Building.foundation.steps_metal": "FUNDERING.TRAPPEN- METAAL",
    "UI.Building.foundation.steps_toptier": "FUNDERING.TRAPPEN- TOPNIVEAU",
    "UI.Building.foundation.steps_count": "FUNDERING.TRAPPEN- AANTAL",
    "UI.Building.foundation.steps_none": "FUNDERING.TRAPPEN- GEEN",
    "UI.Building.floor_twigs": "VLOER- TAKKEN",
    "UI.Building.floor_wood": "VLOER- HOUT",
    "UI.Building.floor_stone": "VLOER- STEEN",
    "UI.Building.floor_metal": "VLOER- METAAL",
    "UI.Building.floor_toptier": "VLOER- TOPNIVEAU",
    "UI.Building.floor_count": "VLOER- AANTAL",
    "UI.Building.floor_none": "VLOER- GEEN",
    "UI.Building.ramp_twigs": "HEUVEL- TAKKEN",
    "UI.Building.ramp_wood": "HEUVEL- HOUT",
    "UI.Building.ramp_stone": "HEUVEL- STEEN",
    "UI.Building.ramp_metal": "HEUVEL- METAAL",
    "UI.Building.ramp_toptier": "HEUVEL- TOPNIVEAU",
    "UI.Building.ramp_count": "HEUVEL- AANTAL",
    "UI.Building.ramp_none": "HEUVEL- GEEN",
    "UI.Building.wall_twigs": "MUUR- TAKKEN",
    "UI.Building.wall_wood": "MUUR- HOUT",
    "UI.Building.wall_stone": "MUUR- STEEN",
    "UI.Building.wall_metal": "MUUR- METAAL",
    "UI.Building.wall_toptier": "MUUR- TOPNIVEAU",
    "UI.Building.wall_count": "MUUR- AANTAL",
    "UI.Building.wall_none": "MUUR- GEEN",
    "UI.Building.wall.doorway_twigs": "MUUR.DEUROPENING- TAKKEN",
    "UI.Building.wall.doorway_wood": "MUUR.DEUROPENING- HOUT",
    "UI.Building.wall.doorway_stone": "MUUR.DEUROPENING- STEEN",
    "UI.Building.wall.doorway_metal": "MUUR.DEUROPENING- METAAL",
    "UI.Building.wall.doorway_toptier": "MUUR.DEUROPENING- TOPNIVEAU",
    "UI.Building.wall.doorway_count": "MUUR.DEUROPENING- AANTAL",
    "UI.Building.wall.doorway_none": "MUUR.DEUROPENING- GEEN",
    "UI.Building.block.stair.lshape_twigs": "BLOK.TRAP.L-VORM- TAKKEN",
    "UI.Building.block.stair.lshape_wood": "BLOK.TRAP.L-VORM- HOUT",
    "UI.Building.block.stair.lshape_stone": "BLOK.TRAP.L-VORM- STEEN",
    "UI.Building.block.stair.lshape_metal": "BLOK.TRAP.L-VORM- METAAL",
    "UI.Building.block.stair.lshape_toptier": "BLOK.TRAP.L-VORM- TOPNIVEAU",
    "UI.Building.block.stair.lshape_count": "BLOK.TRAP.L-VORM- AANTAL",
    "UI.Building.block.stair.lshape_none": "BLOK.TRAP.L-VORM- GEEN",
    "UI.Building.foundation.triangle_twigs": "FUNDERING.DRIEHOEK- TAKKEN",
    "UI.Building.foundation.triangle_wood": "FUNDERING.DRIEHOEK- HOUT",
    "UI.Building.foundation.triangle_stone": "FUNDERING.DRIEHOEK- STEEN",
    "UI.Building.foundation.triangle_metal": "FUNDERING.DRIEHOEK- METAAL",
    "UI.Building.foundation.triangle_toptier": "FUNDERING.DRIEHOEK- TOPNIVEAU",
    "UI.Building.foundation.triangle_count": "FUNDERING.DRIEHOEK- AANTAL",
    "UI.Building.foundation.triangle_none": "FUNDERING.DRIEHOEK- GEEN",
    "UI.Building.floor.triangle_twigs": "VLOER.DRIEHOEK- TAKKEN",
    "UI.Building.floor.triangle_wood": "VLOER.DRIEHOEK- HOUT",
    "UI.Building.floor.triangle_stone": "VLOER.DRIEHOEK- STEEN",
    "UI.Building.floor.triangle_metal": "VLOER.DRIEHOEK- METAAL",
    "UI.Building.floor.triangle_toptier": "VLOER.DRIEHOEK- TOPNIVEAU",
    "UI.Building.floor.triangle_count": "VLOER.DRIEHOEK- AANTAL",
    "UI.Building.floor.triangle_none": "VLOER.DRIEHOEK- GEEN",
    "UI.Building.floor.frame_twigs": "VLOER.FRAME- TAKKEN",
    "UI.Building.floor.frame_wood": "VLOER.FRAME- HOUT",
    "UI.Building.floor.frame_stone": "VLOER.FRAME- STEEN",
    "UI.Building.floor.frame_metal": "VLOER.FRAME- METAAL",
    "UI.Building.floor.frame_toptier": "VLOER.FRAME- TOPNIVEAU",
    "UI.Building.floor.frame_count": "VLOER.FRAME- AANTAL",
    "UI.Building.floor.frame_none": "VLOER.FRAME- GEEN",
    "UI.Building.foundation_twigs": "FUNDERING- TAKKEN",
    "UI.Building.foundation_wood": "FUNDERING- HOUT",
    "UI.Building.foundation_stone": "FUNDERING- STEEN",
    "UI.Building.foundation_metal": "FUNDERING- METAAL",
    "UI.Building.foundation_toptier": "FUNDERING- TOPNIVEAU",
    "UI.Building.foundation_count": "FUNDERING- AANTAL",
    "UI.Building.foundation_none": "FUNDERING- GEEN",
    "UI.Building.block.stair.spiral_twigs": "BLOK.TRAP.SPIRELVORM- TAKKEN",
    "UI.Building.block.stair.spiral_wood": "BLOK.TRAP.SPIRELVORM- HOUT",
    "UI.Building.block.stair.spiral_stone": "BLOK.TRAP.SPIRELVORM- STEEN",
    "UI.Building.block.stair.spiral_metal": "BLOK.TRAP.SPIRELVORM- METAAL",
    "UI.Building.block.stair.spiral_toptier": "BLOK.TRAP.SPIRELVORM- TOPNIVEAU",
    "UI.Building.block.stair.spiral_count": "BLOK.TRAP.SPIRELVORM- AANTAL",
    "UI.Building.block.stair.spiral_none": "BLOK.TRAP.SPIRELVORM- GEEN",
    "UI.Building.block.stair.spiral.triangle_twigs": "BLOK.TRAP.SPIRELVORM.DRIEHOEK- TAKKEN",
    "UI.Building.block.stair.spiral.triangle_wood": "BLOK.TRAP.SPIRELVORM.DRIEHOEK- HOUT",
    "UI.Building.block.stair.spiral.triangle_stone": "BLOK.TRAP.SPIRELVORM.DRIEHOEK- STEEN",
    "UI.Building.block.stair.spiral.triangle_metal": "BLOK.TRAP.SPIRELVORM.DRIEHOEK- METAAL",
    "UI.Building.block.stair.spiral.triangle_toptier": "BLOK.TRAP.SPIRELVORM.DRIEHOEK- TOPNIVEAU",
    "UI.Building.block.stair.spiral.triangle_count": "BLOK.TRAP.SPIRELVORM.DRIEHOEK- AANTAL",
    "UI.Building.block.stair.spiral.triangle_none": "BLOK.TRAP.SPIRELVORM.DRIEHOEK- GEEN"
}
