{
    "Playtime": "<color=#838383>[</color><color=#f7432a>BestRust Servers</color><color=#838383>]</color> Du kan få <color=#7dda58>springe køen over</color> ved at opnå en bestemt spilletid på Bestrust servere.\n\nDu kan tjekke din spilletid og læse mere info med <color=#ff5c45>/playtime</color> kommandoen.",
    "RustMagic": "<color=#838383>[</color><color=#f7432a>BestRust Servers</color><color=#838383>]</color> Få <color=#f5e942>3 gratis rust skins af høj værdi</color> her ved at bruge <color=#f5e942>BESTRUST koden</color>: https://splits.gg/r/BESTRUST",
    "Store": "<color=#838383>[</color><color=#f7432a>BestRust Servers</color><color=#838383>]</color> Du kan købe <color=#f5e942>VIP - Spring køen over for kun 1€</color>, tjek vores butik! Klik på vis hjemmeside for at nå vores butik.<color=#ff5c45>https://store.bestrustservers.com/</color>",
    "Staff": "<color=#838383>[</color><color=#f7432a>BestRust Servers</color><color=#838383>]</color> Vil du tjene <color=#f5e942>gratis VIP, rigtige penge eller skins</color>?\nVi søger nye medarbejdere. Du kan ansøge som <color=#7dda58>Moderator</color>, <color=#da5a5a>Admin</color>, <color=#cc6ce7>Community Manager</color> eller <color=#d49a17>Content Creator</color>.\n\nHvis du er interesseret, besøg #open-applications kanalen på vores discord: <color=#ff5c45>discord.gg/bestrustservers</color>",
    "RustMagic2": "<color=#838383>[</color><color=#f7432a>BestRust Servers</color><color=#838383>]</color> Få <color=#f5e942>3 gratis rust skins af høj værdi</color> her ved at bruge <color=#f5e942>BESTRUST koden</color>: https://splits.gg/r/BESTRUST",
    "Store2": "<color=#838383>[</color><color=#f7432a>BestRust Servers</color><color=#838383>]</color> Du kan købe <color=#f5e942>VIP - Spring køen over for kun 1€</color>, tjek vores butik! Klik på vis hjemmeside for at nå vores butik.<color=#ff5c45>https://store.bestrustservers.com/</color>",
    "Discord": "<color=#838383>[</color><color=#f7432a>BestRust Servers</color><color=#838383>]</color> Hvis du har brug for hjælp eller ønsker at rapportere en spiller, skal du oprette en ticket på vores discord. Vi er altid glade for at hjælpe dig! <color=#ff5c45>discord.gg/bestrustservers</color>"
}