{
    "Store": "<color=#838383>[</color><color=#f7432a>BestRust Servers</color><color=#838383>]</color> Vores butik er super nem at bruge, du kan købe <color=#f5e942>VIP Ranks og Kits</color> for <color=#f5e942>kun 1€</color> og få dem med det samme. \nDu kan betale med <color=#ff7763>alle betalingsmetoder</color>, endda <color=#f5e942>Rust skins</color> og <color=#f5e942>krypto</color>. Brug <color=#f7432a>/kit</color> og tjek kitsne ud.\n\nVIP fordele inkluderer <color=#ff7763>Kits</color>, <color=#ff7763>Springe Køen Over</color>, <color=#ff7763>Skinbox</color>, <color=#ff7763>Spawn med mere liv, vand og mad</color> & <color=#ff7763>meget mere</color>, så husk at tjekke vores butik!\n\nTak til alle der støtter vores servere og hjælper os med at holde dem kørende!\n\n<color=#ff5c45>https://store.bestrustservers.com/</color>",
    "Splits": "<color=#838383>[</color><color=#f7432a>BestRust Servers</color><color=#838383>]</color> Get <color=#f5e942>Multiple Very OP kit rewards</color> for depositing on splits.gg with the <color=#f5e942>BESTRUST code</color>. </color>Check <color=#ff5c45>/kit</color> for the rewards and make sure you use the <color=#f5e942>BESTRUST code</color> when you deposit on splits.gg",
    "PlaytimeRewards": "<color=#838383>[</color><color=#f7432a>BestRust Servers</color><color=#838383>]</color> Du kan tjene <color=#7dda58>gratis kits</color> og <color=#e1c05f>belønninger</color> ved at nå en vis tid spillet på BestRust servere.\n\nDu kan tjekke din tid spillet og læse mere info med <color=#ff5c45>/playtime</color> kommandoen.",
    "Store2": "<color=#838383>[</color><color=#f7432a>BestRust Servers</color><color=#838383>]</color> Vores butik er super nem at bruge, du kan købe <color=#f5e942>VIP Ranks og Kits</color> for <color=#f5e942>kun 1€</color> og få dem med det samme. \nDu kan betale med <color=#ff7763>alle betalingsmetoder</color>, endda <color=#f5e942>Rust skins</color> og <color=#f5e942>krypto</color>. Brug <color=#f7432a>/kit</color> og tjek kitsne ud.\n\nVIP fordele inkluderer <color=#ff7763>Kits</color>, <color=#ff7763>Springe Køen Over</color>, <color=#ff7763>Skinbox</color>, <color=#ff7763>Spawn med mere liv, vand og mad</color> & <color=#ff7763>meget mere</color>, så husk at tjekke vores butik!\n\nTak til alle der støtter vores servere og hjælper os med at holde dem kørende!\n\n<color=#ff5c45>https://store.bestrustservers.com/</color>",
    "Splits2": "<color=#838383>[</color><color=#f7432a>BestRust Servers</color><color=#838383>]</color> Get <color=#f5e942>3 free high value rust skins and a free kit</color> by using the <color=#f5e942>BESTRUST code</color>on splits.gg",
    "Staff": "<color=#838383>[</color><color=#f7432a>BestRust Servers</color><color=#838383>]</color> Ønsker du at tjene <color=#f5e942>gratis VIP, rigtige penge eller skins</color>?\nVi søger nye medarbejdere. Du kan ansøge som <color=#7dda58>Moderator</color>, <color=#da5a5a>Admin</color>, <color=#cc6ce7>Community Manager</color> eller <color=#d49a17>Content Creator</color>.\n\nHvis du er interesseret, besøg #open-applications kanalen på vores discord: <color=#ff5c45>discord.gg/bestrustservers</color>",
    "Store3": "<color=#838383>[</color><color=#f7432a>BestRust Servers</color><color=#838383>]</color> Vores butik er super nem at bruge, du kan købe <color=#f5e942>VIP Ranks og Kits</color> for <color=#f5e942>kun 1€</color> og få dem med det samme. \nDu kan betale med <color=#ff7763>alle betalingsmetoder</color>, endda <color=#f5e942>Rust skins</color> og <color=#f5e942>krypto</color>. Brug <color=#f7432a>/kit</color> og tjek kitsne ud.\n\nVIP fordele inkluderer <color=#ff7763>Kits</color>, <color=#ff7763>Springe Køen Over</color>, <color=#ff7763>Skinbox</color>, <color=#ff7763>Spawn med mere liv, vand og mad</color> & <color=#ff7763>meget mere</color>, så husk at tjekke vores butik!\n\nTak til alle der støtter vores servere og hjælper os med at holde dem kørende!\n\n<color=#ff5c45>https://store.bestrustservers.com/</color>",
    "Splits3": "<color=#838383>[</color><color=#f7432a>BestRust Servers</color><color=#838383>]</color> Get <color=#f5e942>Multiple Very OP kit rewards</color> for depositing on splits.gg with the <color=#f5e942>BESTRUST code</color>. </color>Check <color=#ff5c45>/kit</color> for the rewards and make sure you use the <color=#f5e942>BESTRUST code</color> when you deposit on splits.gg",
    "Discord": "<color=#838383>[</color><color=#f7432a>BestRust Servers</color><color=#838383>]</color> Hvis du har brug for hjælp eller vil rapportere en spiller, så opret en ticket på vores discord. Vi er altid glade for at hjælpe dig! <color=#ff5c45>discord.gg/bestrustservers</color>"
}
