{
  "Prefix": "<color=#D85540>[Blueprint Deling]</color> ",
  "ArgumentsError": "Forkert brug af kommandoen. Prøv <color=#ffff00>/bs help</color>.",
  "Help": "<color=#D85540>Blueprint Delingskommandoer:</color>\n<color=#D85540>/bs toggle</color> - Skift automatisk blueprint-deling\n<color=#D85540>/bs share <player></color> - Del dine lærte blueprints med en spiller\n<color=#D85540>/bs show <team|clan|friend> [name]</color> - Se blueprints delt med dig\n<color=#D85540>/bs help</color> - Vis denne hjælpemenu",
  "ToggleOn": "Blueprint-deling er nu <color=#00ff00>aktiveret</color>.",
  "ToggleOff": "Blueprint-deling er nu <color=#ff0000>deaktiveret</color>.",
  "NoPermission": "Du har ikke tilladelse til at bruge denne kommando.",
  "CannotShare": "Du kan ikke dele blueprints med denne spiller, de skal være på dit hold, i din klan eller på din venneliste.",
  "NoTarget": "Du skal angive en spiller at dele med.",
  "TargetEqualsPlayer": "Du kan ikke dele blueprints med dig selv.",
  "PlayerNotFound": "Spiller ikke fundet.",
  "PlayerSharedBlueprints": "Du delte <color=#ffff00>{0}</color> blueprint(s) med <color=#ffff00>{1}</color>.",
  "TargetLearntBlueprints": "<color=#ffff00>{0}</color> har delt <color=#ffff00>{1}</color> blueprint(s) med dig.",
  "NoBlueprintsToShare": "Du har ingen nye blueprints at dele med <color=#ffff00>{0}</color>.",
  "PlayerSharedBlueprint": "Du har lært <color=#ffff00>{0}</color> blueprintet og delt det med <color=#ffff00>{1}</color> spiller(e).",
  "TargetLearntBlueprint": "<color=#ffff00>{0}</color> har delt <color=#ffff00>{1}</color> blueprintet med dig.",
  "BlueprintBlocked": "<color=#ffff00>{0}</color> blueprintet er blokeret fra deling, men du kan stadig lære det.", 
  "TargetSharingDisabled": "Kan ikke dele blueprints med <color=#ffff00>{0}</color> � de har deaktiveret deling.",
  "BlueprintsRemoved": "Du har mistet adgangen til <color=#ffff00>{0}</color> blueprint(s).",
  "ShowMissingArgument": "Du skal angive, hvilke delte blueprints du vil se. Valgmuligheder: <color=#ffff00>team</color>, <color=#ffff00>clan</color>, eller <color=#ffff00>friend</color>.",
  "ShowFriendArgumentMissing": "Du skal angive en vens navn.",
  "NotFriends": "Du er ikke venner med denne spiller.",
  "NoSharedBlueprints": "Ingen blueprints er blevet delt med dig.",
  "SharedBlueprintsTitle": "Blueprints delt med dig:",
  "ShowSharedBlueprints": "<color=#ffff00>Trin {0}:</color> {1}",
  "LoseBlueprintsDisabled": "Denne funktion er blevet deaktiveret af serveradministrator."
}