{
  "Notification.ClanInfo.Title": "<size=18><color=#ffa500>Klans</color></size><size=14><color=#ce422b> GENFØDTE</color></size>",
  "Notification.ClanInfo.Tag": "\nKlanTag: <color=#b2eece>{0}</color>",
  "Notification.ClanInfo.Description": "\nBeskrivelse: <color=#b2eece>{0}</color>",
  "Notification.ClanInfo.Online": "\nMedlemmer Online: {0}",
  "Notification.ClanInfo.Offline": "\nMedlemmer Offline: {0}",
  "Notification.ClanInfo.Members": "\nMedlemmer: {0}",
  "Notification.ClanInfo.Established": "\nEtableret: <color=#b2eece>{0}</color>",
  "Notification.ClanInfo.LastOnline": "\nSidst Online: <color=#b2eece>{0}</color>",
  "Notification.ClanInfo.Alliances": "\nAlliancer: <color=#b2eece>{0}</color>",
  "Notification.ClanInfo.Alliances.None": "Ingen",
  "Notification.ClanInfo.TotalMembers": "\nMedlemmer: <color=#b2eece>{0}</color>",
  "Notification.ClanInfo.TotalAlliances": "\nAlliancer: <color=#b2eece>{0}</color>",
  "Notification.Create.InExistingClan": "Du er allerede medlem af en klan",
  "Notification.Create.NoPermission": "Du har ikke tilladelse til at oprette en klan",
  "Notification.Create.TagReserved1": "Tagget {0} er reserveret til en anden spiller",
  "Notification.Create.InvalidTagLength": "Tagget du har valgt er ugyldigt. Det skal være mellem {0} og {1} tegn langt",
  "Notification.Create.InvalidCharacters": "Tagget du har valgt indeholder ord/tegn, der ikke er tilladt",
  "Notification.Create.ClanExists": "En klan med dette tag eksisterer allerede",
  "Notification.Create.NoNativeCreate": "Du skal oprette en klan ved at bruge /clan create <tag> <beskrivelse>",
  "Notification.Create.Success": "Du har dannet klanen <color=#aaff55>[{0}]</color>",
  "Notification.Kick.IsOwner": "Du kan ikke smide klanlederen ud",
  "Notification.Kick.NoPermissions": "Du har ikke tilladelse til at smide klanmedlemmer ud",
  "Notification.Kick.NotClanmember": "Personen er ikke medlem af din klan",
  "Notification.Kick.Self": "Du kan ikke smide dig selv ud",
  "Notification.Kick.NotEnoughRank": "Kun klanlederen kan smide et andet rangeret medlem ud",
  "Notification.Kick.NoPlayerFound": "Kunne ikke finde en spiller med det angivne navn eller ID",
  "Notification.Kick.Message": "{0} smed {1} ud af klanen!",
  "Notification.Kick.PlayerMessage": "{0} smed dig ud af klanen!",
  "Notification.Kick.NoPermission": "Du har ikke tilladelse til at smide klanmedlemmer ud",
  "Notification.Leave.Message": "{0} har forladt klanen!",
  "Notification.Leave.PlayerMessage": "Du har forladt klanen <color=#aaff55>[{0}]</color>!",
  "Notification.Leave.NewOwner": "{0} er nu klanlederen!",
  "Notification.Leave.NoPermission": "Du har ikke tilladelse til at forlade denne klan",
  "Notification.Join.NoPermission": "Du har ikke tilladelse til at blive medlem af en klan",
  "Notification.Join.ExpiredInvite": "Din invitation til {0} er udløbet!",
  "Notification.Join.InExistingClan": "Du er allerede medlem af en anden klan",
  "Notification.Join.Message": "{0} er blevet medlem af klanen!",
  "Notification.Invite.NoPermissions": "Du har ikke tilladelse til at invitere andre spillere",
  "Notification.Invite.InviteLimit": "Du har allerede det maksimale antal tilladte invitationer",
  "Notification.Invite.InviteCooldown": "Du skal vente yderligere {0}, før du kan invitere nye medlemmer til din klan",
  "Notification.Invite.HasPending": "{0} har allerede en ventende klaninvitation",
  "Notification.Invite.IsMember": "{0} er allerede klanmedlem",
  "Notification.Invite.InClan": "{0} er allerede medlem af en anden klan",
  "Notification.Invite.NoPermission": "{0} har ikke tilladelse til at blive medlem af en klan",
  "Notification.Invite.SuccesTarget": "Du er blevet inviteret til at deltage i klanen: <color=#aaff55>[{0}]</color> '{1}'\nFor at deltage, skriv: <color=#ffd479>/{2} accept {0}</color>",
  "Notification.Invite.SuccessClan": "{0} har inviteret {1} til at deltage i klanen",
  "Notification.PendingInvites": "Du har ventende klaninvitationer fra: {0}\nFor at blive medlem af en klan skriv: <color=#ffd479>/{1} accept <tag></color>",
  "Notification.WithdrawInvite.NoPermissions": "Du har ikke tilladelse til at trække invitationer tilbage",
  "Notification.WithdrawInvite.UnableToFind": "Kunne ikke finde en invitation til spilleren {0}",
  "Notification.WithdrawInvite.Success": "{0} trak klaninvitationen tilbage for {1}",
  "Notification.RejectInvite.InvalidInvite": "Du har ikke en invitation til at deltage i <color=#aaff55>[{0}]</color>",
  "Notification.RejectInvite.Message": "{0} har afvist deres invitation til at deltage i din klan",
  "Notification.RejectInvite.PlayerMessage": "Du har afvist invitationen til at deltage i <color=#aaff55>[{0}]</color>",
  "Notification.Promotion.NoPermissions": "Du har ikke tilladelse til at forfremme andre spillere",
  "Notification.Promotion.TargetNoClan": "{0} er ikke medlem af din klan",
  "Notification.Promotion.IsOwner": "Du kan ikke forfremme klanlederen",
  "Notification.Promotion.IsCouncil": "Du kan ikke forfremme højere end rang af råd",
  "Notification.Promotion.CouncilTaken": "Rang af råd er allerede tildelt",
  "Notification.Promotion.ModeratorLimit": "Du har allerede det maksimale antal moderatorer",
  "Notification.Promotion.IsModerator": "Du kan ikke forfremme højere end rang af moderator",
  "Notification.Promotion.Message": "{0} blev forfremmet til rang af {1} af {2}",
  "Notification.Demotion.NoPermissions": "Du har ikke tilladelse til at degradere andre spillere",
  "Notification.Demotion.IsOwner": "Du kan ikke degradere klanlederen",
  "Notification.Demotion.IsMember": "{0} er allerede i laveste rang",
  "Notification.Demotion.Message": "{0} blev degraderet til rang af {1} af {2}",
  "Notification.Alliance.NoPermissions": "Du har ikke tilladelse til at administrere alliancer",
  "Notification.Alliance.PendingInvite": "<color=#aaff55>[{0}]</color> har allerede en ventende alliance invitation",
  "Notification.Alliance.MaximumInvites": "Du har allerede det maksimale antal alliance invitationer tilladt",
  "Notification.Alliance.MaximumAlliances": "Du har allerede det maksimale antal dannede alliancer",
  "Notification.Alliance.InviteSent": "Du har sendt en klanalliance invitation til <color=#aaff55>[{0}]</color>\nInvitationen udløber i: {1}",
  "Notification.Alliance.InviteReceived": "Du har modtaget en klanalliance invitation fra <color=#aaff55>[{0}]</color>\nFor at acceptere, skriv: <color=#ffd479>/{2} accept {0}</color>\nInvitationen udløber i: {1}",
  "Notification.Alliance.NoActiveInvite": "Du har ikke en aktiv alliance invitation til <color=#aaff55>[{0}]</color>",
  "Notification.Alliance.NoActiveInviteFrom": "Du har ikke en aktiv alliance invitation fra <color=#aaff55>[{0}]</color>",
  "Notification.Alliance.WithdrawnClan": "{0} har trukket en alliance invitation tilbage til <color=#aaff55>[{1}]</color>",
  "Notification.Alliance.WithdrawnTarget": "<color=#aaff55>[{0}]</color> har trukket deres alliance invitation tilbage",
  "Notification.Alliance.AtLimitTarget": "<color=#aaff55>[{0}]</color> har i øjeblikket det maksimale antal tilladte alliancer",
  "Notification.Alliance.AtLimitSelf": "Din klan har i øjeblikket det maksimale antal tilladte alliancer",
  "Notification.Alliance.AtLimitAlliedMembersTarget": "<color=#aaff55>[{0}]</color> klanmedlems antal plus alliance medlem antal plus din klans medlems antal er større end tilladt",
  "Notification.Alliance.AtLimitAlliedMembersSelf": "Din klanmedlems antal plus alliance medlem antal plus denne klans medlems antal er større end tilladt",
  "Notification.Alliance.Formed": "<color=#aaff55>[{0}]</color> har dannet en alliance med <color=#aaff55>[{1}]</color>",
  "Notification.Alliance.Rejected": "<color=#aaff55>[{0}]</color> har afvist at danne en alliance med <color=#aaff55>[{1}]</color>",
  "Notification.Alliance.Revoked": "<color=#aaff55>[{0}]</color> har ophævet deres alliance med <color=#aaff55>[{1}]</color>",
  "Notification.Alliance.NoActiveAlliance": "Du har ikke en alliance med <color=#aaff55>[{0}]</color> lige nu",
  "Notification.FF.MemberEnabled": "Klankammerater <color=#ffd479>vil</color> tage skade fra egenbeskydning",
  "Notification.FF.MemberDisabled": "Klankammerater <color=#ffd479>vil ikke</color> tage skade fra egenbeskydning",
  "Notification.FF.AllyEnabled": "Allierede <color=#ffd479>vil</color> tage skade fra egenbeskydning",
  "Notification.FF.AllyDisabled": "Allierede <color=#ffd479>vil ikke</color> tage skade fra egenbeskydning",
  "Notification.FF.IsEnabled": "<color=#aaff55>Aktiveret</color>",
  "Notification.FF.IsDisabled": "<color=#ce422b>Deaktiveret</color>",
  "Notification.FF.OnHitClanMember": "{0} er et klanmedlem og kan ikke blive såret.\nFor at skifte klan egenbeskydning skriv: <color=#ffd479>/{1}</color>",
  "Notification.FF.OnHitAllyMember": "{0} er medlem af en allieret klan og kan ikke blive såret.\nFor at skifte allieret egenbeskydning skriv: <color=#ffd479>/{1}</color>",
  "Notification.FF.ToggleNotOwner": "Kun klanelederen eller Rådet kan skifte egenbeskydning",
  "Notification.FF.OwnerToggle": "{0} har skiftet egenbeskydning.\n{1}",
  "Notification.FF.OwnerAllyToggle": "{0} har skiftet allieret egenbeskydning.\n{1}",
  "Notification.ClanHelp.NoClan": "\nTilgængelige Kommandoer:\n<color=#ffd479>/{0} create <tag> \"beskrivelse\"</color> - Opret en ny klan\n<color=#ffd479>/{0} accept <tag></color> - Bliv medlem af en klan via invitation\n<color=#ffd479>/{0} reject <tag></color> - Afvis en klan invitation",
  "Notification.ClanHelp.Basic2": "\nTilgængelige Kommandoer:\n<color=#ffd479>/{0}</color> - Vis dine klaninformationer\n<color=#ffd479>/{1} <besked></color> - Send en besked via klan chat\n<color=#ffd479>/{0} leave</color> - Forlad din nuværende klan",
  "Notification.ClanHelp.MFF": "\n<color=#ffd479>/{0}</color> - Skift egenbeskydning mod andre klanmedlemmer",
  "Notification.ClanHelp.AFF": "\n<color=#ffd479>/{0}</color> - Skift egenbeskydning mod allierede klanmedlemmer",
  "Notification.ClanHelp.Alliance": "\n\n<color=#45b6fe><size=14>Alliance Kommandoer:</size></color>\n<color=#ffd479>/{0} invite <tag></color> - Inviter en klan til at blive allieret\n<color=#ffd479>/{0} withdraw <tag></color> - Træk en alliance invitation tilbage\n<color=#ffd479>/{0} accept <tag></color> - Acceptér en alliance invitation\n<color=#ffd479>/{0} reject <tag></color> - Afvis en alliance invitation\n<color=#ffd479>/{0} revoke <tag></color> - Ophæv en alliance",
  "Notification.ClanHelp.Moderator": "\n\n<color=#b573ff><size=14>Moderator Kommandoer:</size></color>\n<color=#ffd479>/{0} invite <navn eller ID></color> - Inviter en spiller til din klan\n<color=#ffd479>/{0} withdraw <navn eller ID></color> - Ophæv en invitation\n<color=#ffd479>/{0} kick <navn eller ID></color> - Smid et medlem ud af din klan",
  "Notification.ClanHelp.Owner": "\n\n<color=#a1ff46><size=14>Klanleder Kommandoer:</size></color>\n<color=#ffd479>/{0} promote <navn eller ID></color> - Forfrem et klanmedlem\n<color=#ffd479>/{0} demote <navn eller ID></color> - Degrader et klanmedlem\n<color=#ffd479>/{0} disband forever</color> - Opløs din klan",
  "Notification.ClanHelp.TagColor": "\n<color=#ffd479>/{0} tagcolor <hex></color> - Indstil en brugerdefineret klan tag farve\n<color=#ffd479>/{0} tagcolor reset</color> - Gendan standard klan tag farve",
  "Notification.Clan.NotInAClan": "\nDu er ikke medlem af en klan lige nu",
  "Notification.Clan.Help": "\nFor at se tilgængelige kommandoer skriv: <color=#ffd479>/{0}</color>",
  "Notification.Clan.OwnerOf": "\nDu er leder af: <color=#aaff55>{0}</color> ({1}/{2})",
  "Notification.Clan.CouncilOf": "\nDu er rådsmedlem af: <color=#aaff55>{0}</color> ({1}/{2})",
  "Notification.Clan.ModeratorOf": "\nDu er moderator af: <color=#aaff55>{0}</color> ({1}/{2})",
  "Notification.Clan.MemberOf": "\nDu er medlem af: <color=#aaff55>{0}</color> ({1}/{2})",
  "Notification.Clan.MembersOnline": "\nMedlemmer Online: {0}",
  "Notification.Clan.MFF": "\nKlan FF Status: {0} (<color=#ffd479>/{1}</color>)",
  "Notification.Clan.AFF": "\nAllieret FF Status: {0} (<color=#ffd479>/{1}</color>)",
  "Notification.Clan.CreateSyntax": "<color=#ffd479>/{0} create <tag> \"beskrivelse\"</color> - Opret en ny klan",
  "Notification.Clan.InviteSyntax": "<color=#ffd479>/{0} invite <delvistNavnEllerID></color> - Inviter en spiller til din klan",
  "Notification.Clan.WithdrawSyntax": "<color=#ffd479>/{0} withdraw <delvistNavnEllerID></color> - Ophæv en medlems invitation",
  "Notification.Clan.AcceptSyntax": "<color=#ffd479>/{0} accept <tag></color> - Bliv medlem af en klan via invitation",
  "Notification.Clan.RejectSyntax": "<color=#ffd479>/{0} reject <tag></color> - Afvis en klan invitation",
  "Notification.Clan.PromoteSyntax": "<color=#ffd479>/{0} promote <delvistNavnEllerID></color> - Forfrem et klanmedlem til højere rang",
  "Notification.Clan.DemoteSyntax": "<color=#ffd479>/{0} demote <delvistNavnEllerID></color> - Degrader et klanmedlem til lavere rang",
  "Notification.Clan.DisbandSyntax": "<color=#ffd479>/{0} disband forever</color> - Opløs din klan (dette kan ikke fortrydes)",
  "Notification.Clan.KickSyntax": "<color=#ffd479>/{0} kick <delvistNavnEllerID></color> - Smid et medlem ud af din klan",
  "Notification.Clan.TagColorSyntax": "<color=#ffd479>/{0} tagcolor <hex (XXXXXX)></color> - Indstil en brugerdefineret klan tag farve",
  "Notification.Clan.TagColorFormat": "<color=#ffd479>Hex strengen skal være 6 tegn lang, og være en gyldig hex farve</color>",
  "Notification.Clan.TagColorReset": "<color=#ffd479>Du har nulstillet din klans tag farve</color>",
  "Notification.Clan.TagColorSet": "<color=#ffd479>Du har indstillet din klans tag farve til</color> <color=#{0}>{0}</color>",
  "Notification.Clan.TagColorDisabled": "<color=#ffd479>Brugerdefinerede tag farver er deaktiveret på denne server</color>",
  "Notification.Clan.TagColorBlocked": "<color=#ffd479>Farven <color=#{0}>{0}</color> er sortlistet til brug af klaner.",
  "Notification.Clan.TagColorOutOfRange": "<color=#ffd479>Farven <color=#{0}>{0}</color> er uden for det tilladte farvespektrum. Du skal vælge en farve mellem <color=#{1}>{1}</color> og <color=#{2}>{2}</color></color>",
  "Notification.Disband.NotOwner": "Du skal være klanlederen for at bruge denne kommando",
  "Notification.Disband.Success": "Du har opløst klanen <color=#aaff55>[{0}]</color>",
  "Notification.Disband.Message": "Klanen er blevet opløst",
  "Notification.Disband.NoPermission": "Du har ikke tilladelse til at opløse denne klan",
  "Notification.Generic.ClanFull": "Klanen er allerede fyldt op",
  "Notification.Generic.NoClan": "Du er ikke medlem af en klan",
  "Notification.Generic.InvalidClan": "Klanen <color=#aaff55>[{0}]</color> eksisterer ikke!",
  "Notification.Generic.NoPermissions": "Du har ikke tilladelse til at bruge denne kommando",
  "Notification.Generic.SpecifyClanTag": "Angiv venligst et klan tag",
  "Notification.Generic.UnableToFindPlayer": "Kunne ikke finde en spiller med navnet eller ID'et {0}",
  "Notification.Generic.CommandSelf": "Du kan ikke bruge denne kommando på dig selv",
  "Chat.IsMuted": "Du er i øjeblikket muted",
  "Chat.Alliance.Prefix": "<color=#a1ff46>[ALLIANCE CHAT]</color>: {0}",
  "Chat.Clan.Prefix": "<color=#a1ff46>[CLAN CHAT]</color>: {0}",
  "Chat.Alliance.Format": "[{0}] <color={1}>{2}</color>: {3}",
  "Admin.BroadcastToClan": "<color=#ff3333>[ADMIN]</color>: {0}",
  "Admin.Rename": "En administrator ændrede din klantag til <color=#aaff55>[{0}]</color>",
  "Admin.Disband": "En administrator har opløst din klan",
  "Admin.Invite": "En administrator har inviteret {0} til at deltage i din klan",
  "Admin.Join": "En administrator har tvunget dig til at deltage i <color=#aaff55>[{0}]</color>",
  "Admin.Kick": "En administrator har smidt dig ud af <color=#aaff55>[{0}]</color>",
  "Admin.SetOwner": "En administrator har sat {0} som klanelederen",
  "Admin.Promote": "En administrator har forfremmet {0} til rang af {1}",
  "Admin.Demote": "En administrator har degraderet {0} til rang af {1}"
}