{
  "CommandUsageExtLoad": "Brug: oxide.ext.load <extname>+",
  "CommandUsageExtUnload": "Brug: oxide.ext.unload <extname>+",
  "CommandUsageExtReload": "Brug: oxide.ext.reload <extname>+",
  "CommandUsageGrant": "Brug: oxide.grant <gruppe|bruger> <navn|id> <tilladelse>",
  "CommandUsageGroup": "Brug: oxide.group <add|set> <navn> [titel] [rang]",
  "CommandUsageGroupParent": "Brug: oxide.group <parent> <navn> <parentnavn>",
  "CommandUsageGroupRemove": "Brug: oxide.group <remove> <navn>",
  "CommandUsageLang": "Brug: oxide.lang <to-bogstavs sprogkode>",
  "CommandUsageLoad": "Brug: oxide.load *|<pluginname>+",
  "CommandUsageReload": "Brug: oxide.reload *|<pluginname>+",
  "CommandUsageRevoke": "Brug: oxide.revoke <gruppe|bruger> <navn|id> <tilladelse>",
  "CommandUsageShow": "Brug: oxide.show <groups|perms>",
  "CommandUsageShowName": "Brug: oxide.show <group|user> <navn>",
  "CommandUsageUnload": "Brug: oxide.unload *|<pluginname>+",
  "CommandUsageUserGroup": "Brug: oxide.usergroup <add|remove> <brugernavn> <gruppenavn>",
  "ConnectionRejected": "Forbindelsen blev afvist",
  "DataSaved": "Gemmer Oxide data...",
  "GroupAlreadyExists": "Gruppen '{0}' findes allerede",
  "GroupAlreadyHasPermission": "Gruppen '{0}' har allerede tilladelsen '{1}'",
  "GroupDoesNotHavePermission": "Gruppen '{0}' har ikke tilladelsen '{1}'",
  "GroupChanged": "Gruppen '{0}' ændret",
  "GroupCreated": "Gruppen '{0}' oprettet",
  "GroupDeleted": "Gruppen '{0}' slettet",
  "GroupNotFound": "Gruppen '{0}' findes ikke",
  "GroupParentChanged": "Gruppens '{0}' parent ændret til '{1}'",
  "GroupParentNotChanged": "Gruppens '{0}' parent blev ikke ændret",
  "GroupParentNotFound": "Gruppens parent '{0}' findes ikke",
  "GroupPermissionGranted": "Gruppen '{0}' fik tilladelse '{1}'",
  "GroupPermissionRevoked": "Gruppens '{0}' tilladelse '{1}' tilbagekaldt",
  "GroupPermissions": "Gruppens '{0}' tilladelser",
  "GroupPlayers": "Gruppens '{0}' spillere",
  "Groups": "Grupper",
  "InvalidLanguageName": "Ugyldigt sprognavn: '{0}'",
  "NoGroupPermissions": "Ingen tilladelser aktuelt givet",
  "NoPermissionGroups": "Ingen grupper med denne tilladelse",
  "NoPermissionPlayers": "Ingen spillere med denne tilladelse",
  "NoPluginsFound": "Ingen plugins er tilgængelige lige nu",
  "NoPlayerGroups": "Spilleren er ikke tildelt nogen grupper",
  "NoPlayerPermissions": "Ingen tilladelser aktuelt givet",
  "NoPlayersInGroup": "Ingen spillere i gruppen lige nu",
  "NotAllowed": "Du har ikke tilladelse til at bruge kommandoen '{0}'",
  "ParentGroupPermissions": "Parent gruppens '{0}' tilladelser",
  "PermissionGroups": "Tilladelse '{0}' Grupper",
  "PermissionPlayers": "Tilladelse '{0}' Spillere",
  "PermissionNotFound": "Tilladelse '{0}' findes ikke",
  "Permissions": "Tilladelser",
  "PermissionsNotLoaded": "Kunne ikke indlæse tilladelsesfiler! Tilladelser vil ikke virke før det er løst.\n => {0}",
  "PlayerLanguage": "Spillersprog indstillet til {0}",
  "PluginNotLoaded": "Plugin '{0}' ikke indlæst.",
  "PluginReloaded": "Plugin {0} v{1} af {2} genindlæst",
  "PluginUnloaded": "Plugin {0} v{1} af {2} afindlæst",
  "ServerLanguage": "Serversprog indstillet til {0}",
  "Unknown": "Ukendt",
  "UnknownCommand": "Ukendt kommando: {0}",
  "PlayerAddedToGroup": "Spiller '{0}' tilføjet til gruppe: {1}",
  "PlayerAlreadyHasPermission": "Spiller '{0}' har allerede tilladelsen '{1}'",
  "PlayerDoesNotHavePermission": "Spiller '{0}' har ikke tilladelsen '{1}'",
  "PlayerNotFound": "Spiller '{0}' ikke fundet",
  "PlayerGroups": "Spillerens '{0}' grupper",
  "PlayerPermissions": "Spillerens '{0}' tilladelser",
  "PlayerPermissionGranted": "Spiller '{0}' fik tilladelse '{1}'",
  "PlayerPermissionRevoked": "Spillerens '{0}' tilladelse '{1}' tilbagekaldt",
  "PlayerRemovedFromGroup": "Spiller '{0}' fjernet fra gruppe '{1}'",
  "PlayersFound": "Flere spillere fundet, specificer venligst: {0}",
  "Version": "Serveren kører [#ffb658]Oxide {0}[/#] og [#ee715c]{1} {2} ({3})[/#]",
  "YouAreNotAdmin": "Du er ikke admin"
}