{
  "WebErrorOccurred": "Kunne ikke downloade billedet! Fejl {0}.",
  "FileTooLarge": "Filen overstiger den maksimale filstørrelse på {0}Mb.",
  "ErrorOccurred": "En ukendt fejl er opstået, hvis denne fejl fortsætter, bedes du give besked til serveradministratoren.",
  "RestoreErrorOccurred": "Kan ikke gendanne skiltet, da der ikke er tilknyttet nogen tekstur.",
  "DownloadQueued": "Dit billede er blevet tilføjet til ventelisten!",
  "RestoreQueued": "Dit skilt er blevet tilføjet til gendannelsesventelisten!",
  "RestoreBatchQueued": "Du har tilføjet alle {0} skilte til gendannelsesventelisten!",
  "ImageLoaded": "Billedet blev succesfuldt indlæst på skiltet!",
  "ImageRestored": "Billedet blev succesfuldt gendannet på skiltet!",
  "LogEntry": "Spiller `{0}` (SteamId: {1}) indlæste {2} i {3} fra {4}",
  "NoSignFound": "Kunne ikke finde et skilt! Sørg for at kigge på et, og at du ikke er for langt væk fra det.",
  "Cooldown": "Du kan ikke bruge kommandoen endnu! Resterende ventetid: {0}.",
  "SignNotOwned": "Du kan ikke ændre dette skilt, da det er beskyttet af et værktøjskabinet.",
  "NoItemHeld": "Du holder ikke på en genstand.",
  "ActionQueuedAlready": "En handling er allerede blevet tilføjet til dette skilt, vent venligst indtil handlingen er færdig.",
  "SyntaxSilCommand": "Syntaksfejl!\nSyntaks: /sil <url> [raw]",
  "SyntaxSilCommandMulti": "Syntaksfejl!\nSyntaks: /sil <1-{0}> <url> [raw]",
  "SyntaxSiltCommand": "Syntaksfejl!\nSyntaks: /silt <besked> [<skriftstørrelse:tal>] [<farve:hex værdi>] [<bgcolor:hex værdi>] [raw]",
  "SyntaxSiltCommandMulti": "Syntaksfejl!\nSyntaks: /silt <1-{0}> <besked> [<skriftstørrelse:tal>] [<farve:hex værdi>] [<bgcolor:hex værdi>] [raw]",
  "SyntaxSiliCommandMulti": "Syntaksfejl!\nSyntaks: /sili <1-{0}>",
  "NoPermission": "Du har ikke tilladelse til at bruge denne kommando.",
  "NoPermissionFile": "Du har ikke tilladelse til at bruge billeder fra serverens filsystem.",
  "NoPermissionRaw": "Du har ikke tilladelse til at bruge rå billeder, indlæser normalt i stedet.",
  "NoPermissionRestoreAll": "Du har ikke tilladelse til at gendanne alle skilte på én gang.",
  "day": "dag",
  "days": "dage",
  "hour": "time",
  "hours": "timer",
  "minute": "minut",
  "minutes": "minutter",
  "second": "sekund",
  "seconds": "sekunder",
  "and": "og"
}