{
  "Error.NoPermission": "Du har ikke tilladelse til at bruge denne kommando",
  "Format.ButtonText": "Sorter",
  "Format.Category": "<color=#D2691E>Kategori</color>",
  "Format.Disabled": "<color=#B22222>Deaktiveret</color>",
  "Format.Enabled": "<color=#228B22>Aktiveret</color>",
  "Format.Name": "<color=#00BFFF>Navn</color>",
  "Format.Prefix": "<color=#00FF00>[Sorterings Knap]</color>: ",
  "Info.ButtonStatus": "Sorterings Knap er nu {0}",
  "Info.SortType": "Sorteringsmetoden er nu {0}",
  "Info.Help": "Liste over kommandoer:\n<color=#FFFF00>/{0}</color> - Aktiver/Deaktiver Sorterings Knap.\n<color=#FFFF00>/{0} <sort | type></color> - ændre sorteringsmetode."
}