{
    "NoPermToUse": "Du har ikke tilladelse til at gøre dette",
    "NoILError": "Pluginet fungerer ikke korrekt, kontakt administratoren!",
    "UI.Plugin.Title": "LEADERBOARD",
    "UI.Leaderboard.Awards.Title": "Bedste præmier",
    "UI.Leaderboard.Awards.Place": "{0}. plads",
    "UI.Search.Players.Title": "SØG EFTER SPILLER EFTER NAVN ELLER STEAMID",
    "UI.Search.Input.Placeholder": "INDTAST NAVN ELLER STEAMID",
    "UI.Players.List.Title": "LISTE OVER SPILLERE PÅ SERVEREN",
    "UI.Players.NoPlayers": "Ingen spillere tilgængelige :(",
    "UI.HitRate.Title": "TRÆFNINGSPROCENT",
    "UI.HitRate.Description": "Her kan du se antal ramte kropsdele",
    "UI.Building.Title": "BYGGERI",
    "UI.Building.Description": "Her kan du se bygge-statistikker",
    "UI.Stat.Value.Total": "I alt: {0}",
    "UI.Stat.Value.Today": "I dag: {0}",
    "UI.Stat.Value.KD": "Kills: {0} / Deaths: {1}",
    "UI.Stat.Value.None": "Ingen",
    "UI.Stat.Value.Unknown": "Ukendt",
    "UI.Time.Years": "{0}y",
    "UI.Time.Months": "{0}m",
    "UI.Time.Days": "{0}d",
    "UI.Time.Hours": "{0}t",
    "UI.Time.Minutes": "{0}m",
    "UI.Time.Seconds": "{0}s",
    "MSG.Profile.Already.Loading": "Denne profil indlæses allerede, vent venligst.",
    "MSG.Profile.Wait.Before.Another": "Vent et øjeblik, før du åbner en anden profil.",
    "UI.Leaderboard.Loading": "Indlæser...",
    "Msg.Player.NotFound": "Spillerstatistikker ikke fundet",
    "Msg.Invalid.SteamID": "Ugyldigt Steam ID-format",
    "Msg.Hide.Self.Hidden": "Du er nu skjult på leaderboards",
    "Msg.Hide.Self.Visible": "Du er nu synlig på leaderboards",
    "UI.Category.MY STATISTICS": "MINE STATISTIKKER",
    "UI.Category.TOP 10 PLAYERS": "TOP 10 SPILLERE",
    "UI.Category.SEARCH": "SØG",
    "UI.Awards.TOP scorers": "TOP Scorer",
    "UI.Awards.Place.Frontiersman Pack": "Grænsevagt Pakke",
    "UI.Awards.Place.Lumberjack Pack": "Skovhugger Pakke",
    "UI.Awards.Place.Artic Pack": "Arktisk Pakke",
    "UI.Awards.Place.Abyss Pack": "Abyss Pakke",
    "UI.Awards.Place.Retro Tool Cupboard": "Retro Værktøjsskabs",
    "UI.Awards.TOP killers": "TOP dræbere",
    "UI.Awards.TOP time played": "TOP spilletid",
    "UI.Tabs.GENERAL": "GENEREL",
    "UI.Field.Profile": "Profil",
    "UI.Field.name": "navn",
    "UI.Field.K/D": "K/D",
    "UI.Field.kd": "kd",
    "UI.Field.Time": "Tid",
    "UI.Field.current_playtime": "nuværende_spilletid",
    "UI.Field.Longest Kill Distance": "Længste drabsdistance",
    "UI.Field.longest_kill_distance": "længste_drabsdistance",
    "UI.Field.Total Resources Gathered": "Samlede indsamlede ressourcer",
    "UI.Field.total_resources": "samlede_ressourcer",
    "UI.Field.Favorite Resource": "Favorit ressource",
    "UI.Field.favorite_resource": "favorit_ressource",
    "UI.Field.Total Items Crafted": "Samlede fremstillede genstande",
    "UI.Field.total_items_crafted": "samlede_fremstillede_genstande",
    "UI.Field.Structures Built": "Byggede strukturer",
    "UI.Field.structures_built": "byggede_strukturer",
    "UI.Field.Upgrades Performed": "Udførte opgraderinger",
    "UI.Field.upgrades_performed": "udførte_opgraderinger",
    "UI.Field.Favorite Building Material": "Favorit byggemateriale",
    "UI.Field.favorite_building_material": "favorit_byggemateriale",
    "UI.Field.Events Won": "Vundne begivenheder",
    "UI.Field.events_won": "vundne_begivenheder",
    "UI.Field.Favorite Event": "Favorit begivenhed",
    "UI.Field.favorite_event": "favorit_begivenhed",
    "UI.Column.EVENTS": "BEGIVENHEDER",
    "UI.Field.Convoy": "Konvoj",
    "UI.Field.Sputnik": "Sputnik",
    "UI.Field.Caravan": "Karavane",
    "UI.Field.GasStation": "Tankstation",
    "UI.Field.GasStationEvent": "Tankstation begivenhed",
    "UI.Field.Air": "Luft",
    "UI.Field.AirEvent": "Luft begivenhed",
    "UI.Field.SatDish": "Satellitret",
    "UI.Field.SatDishEvent": "Satellitret begivenhed",
    "UI.Field.Triangulation": "Triangulering",
    "UI.Field.Water": "Vand",
    "UI.Field.WaterEvent": "Vand begivenhed",
    "UI.Field.Harbor": "Havn",
    "UI.Field.HarborEvent": "Havn begivenhed",
    "UI.Field.ArcticBase": "Arktisk Base",
    "UI.Field.ArcticBaseEvent": "Arktisk Base begivenhed",
    "UI.Field.Junkyard": "Skråtplads",
    "UI.Field.JunkyardEvent": "Skråtplads begivenhed",
    "UI.Field.Supermarket": "Supermarked",
    "UI.Field.SupermarketEvent": "Supermarked begivenhed",
    "UI.Field.PowerPlant": "Kraftværk",
    "UI.Field.PowerPlantEvent": "Kraftværk begivenhed",
    "UI.Field.Paintball Team": "Paintball hold",
    "UI.Field.PaintballTeam": "PaintballHold",
    "UI.Field.Paintball FFA": "Paintball alle mod alle",
    "UI.Field.PaintballFFA": "PaintballFFA",
    "UI.Field.Survival Arena": "Overlevelsesarena",
    "UI.Field.SurvivalArena": "Overlevelsesarena",
    "UI.Field.Gun Game": "Våbenspil",
    "UI.Field.GunGame": "Våbenspil",
    "UI.Field.Zombie Infection": "Zombie infektion",
    "UI.Field.ZombieInfection": "ZombieInfektion",
    "UI.Field.Tugboat Pirates": "Slæbebåd Pirater",
    "UI.Field.TugboatPirates": "SlæbebådPiraterne",
    "UI.Tabs.RESOURCES": "RESSOURCER",
    "UI.Column.RESOURCES": "RESSOURCER",
    "UI.Field.Stone": "Sten",
    "UI.Field.stones": "sten",
    "UI.Field.Wood": "Træ",
    "UI.Field.wood": "træ",
    "UI.Field.Sulfur Ore": "Svovlmalm",
    "UI.Field.sulfur.ore": "svovl.malm",
    "UI.Field.Metal Ore": "Metalmalm",
    "UI.Field.metal.ore": "metal.malm",
    "UI.Field.High Quality Metal Ore": "Høj kvalitets metalmalm",
    "UI.Field.hq.metal.ore": "hq.metal.malm",
    "UI.Field.Leather": "Læder",
    "UI.Field.leather": "læder",
    "UI.Field.Bone Fragments": "Bensplinter",
    "UI.Field.bone.fragments": "bensplinter",
    "UI.Field.Animal Fat": "Dyrefedt",
    "UI.Field.fat.animal": "fedt.dyr",
    "UI.Field.Scrap": "Skråt",
    "UI.Field.scrap": "skråt",
    "UI.Column.FARMING": "LANDBRUG",
    "UI.Field.Hemp": "Hamp",
    "UI.Field.hemp-collectable": "hamp-samlebar",
    "UI.Field.Blue Berry": "Blå bær",
    "UI.Field.blue.berry": "blå.bær",
    "UI.Field.Red Berry": "Rød bær",
    "UI.Field.red.berry": "rød.bær",
    "UI.Field.Yellow Berry": "Gul bær",
    "UI.Field.yellow.berry": "gul.bær",
    "UI.Field.Black Berry": "Sort bær",
    "UI.Field.black.berry": "sort.bær",
    "UI.Field.Green Berry": "Grøn bær",
    "UI.Field.green.berry": "grøn.bær",
    "UI.Field.White Berry": "Hvid bær",
    "UI.Field.white.berry": "hvid.bær",
    "UI.Field.Potato": "Kartoffel",
    "UI.Field.potato": "kartoffel",
    "UI.Field.Cloth": "Stof",
    "UI.Field.cloth": "stof",
    "UI.Field.Mushroom": "Svamp",
    "UI.Field.mushroom": "svamp",
    "UI.Field.Corn": "Majs",
    "UI.Field.corn": "majs",
    "UI.Field.Pumpkin": "Græskar",
    "UI.Field.pumpkin": "græskar",
    "UI.Field.Orchid": "Orkidé",
    "UI.Field.orchid": "orkidé",
    "UI.Field.Rose": "Rose",
    "UI.Field.rose": "rose",
    "UI.Field.Sunflower": "Solsikke",
    "UI.Field.sunflower": "solsikke",
    "UI.Field.Wheat": "Hvede",
    "UI.Field.wheat": "hvede",
    "UI.Column.MISC": "DIVERSE",
    "UI.Field.Bears": "Bjørne",
    "UI.Field.bear": "bjørn",
    "UI.Field.Polar Bears": "Isbjørne",
    "UI.Field.polarbear": "isbjørn",
    "UI.Field.Boars": "Vildsvin",
    "UI.Field.boar": "vildsvin",
    "UI.Field.Chicken": "Kylling",
    "UI.Field.chicken": "kylling",
    "UI.Field.Stag": "Hjort",
    "UI.Field.stag": "hjort",
    "UI.Field.Wolf": "Ulve",
    "UI.Field.wolf2": "ulv2",
    "UI.Field.Panther": "Panter",
    "UI.Field.panther": "panter",
    "UI.Field.Crocodile": "Krokodille",
    "UI.Field.crocodile": "krokodille",
    "UI.Field.Snake": "Slange",
    "UI.Field.snake.entity": "slange.enhed",
    "UI.Field.Tiger": "Tiger",
    "UI.Field.tiger": "tiger",
    "UI.Field.Shark": "Haj",
    "UI.Field.simpleshark": "simpelhaj",
    "UI.Field.Bradley": "Bradley",
    "UI.Field.bradleyapc": "bradleyapc",
    "UI.Field.Helicopter": "Helikopter",
    "UI.Field.helicopter": "helikopter",
    "UI.Field.Scientist": "Forsker",
    "UI.Field.npc_underwaterdweller|scientistnpc_arena|scientistnpc_bradley|scientistnpc_bradley_heavy|scientistnpc_cargo|scientistnpc_cargo_turret_any|scientistnpc_cargo_turret_lr300|scientistnpc_ch47_gunner|scientistnpc_excavator|scientistnpc_full_any|scientistnpc_full_lr300|scientistnpc_full_mp5|scientistnpc_full_pistol|scientistnpc_full_shotgun|scientistnpc_junkpile_pistol|scientistnpc_oilrig|scientistnpc_patrol|scientistnpc_patrol_arctic|scientistnpc_peacekeeper|scientistnpc_roam|scientistnpc_roam_nvg_variant|scientistnpc_roamtethered": "npc_underwaterdweller|scientistnpc_arena|scientistnpc_bradley|scientistnpc_bradley_heavy|scientistnpc_cargo|scientistnpc_cargo_turret_any|scientistnpc_cargo_turret_lr300|scientistnpc_ch47_gunner|scientistnpc_excavator|scientistnpc_full_any|scientistnpc_full_lr300|scientistnpc_full_mp5|scientistnpc_full_pistol|scientistnpc_full_shotgun|scientistnpc_junkpile_pistol|scientistnpc_oilrig|scientistnpc_patrol|scientistnpc_patrol_arctic|scientistnpc_peacekeeper|scientistnpc_roam|scientistnpc_roam_nvg_variant|scientistnpc_roamtethered",
    "UI.Field.Heavy Scientist": "Tung forsker",
    "UI.Field.scientistnpc_heavy": "scientistnpc_heavy",
    "UI.Field.Tunnel Dweller": "Tunnelbeboer",
    "UI.Field.npc_tunneldweller|npc_tunneldwellerspawned": "npc_tunneldweller|npc_tunneldwellerspawned",
    "UI.Field.Underwater Lab Dweller": "Underhavslaboratorie beboer",
    "UI.Field.npc_underwaterdweller": "npc_underwaterdweller",
    "UI.Column.RAID": "RAID",
    "UI.Field.Satchel": "Posesprængstof",
    "UI.Field.explosive.satchel": "explosive.satchel",
    "UI.Field.Molotov": "Molotov",
    "UI.Field.grenade.molotov": "grenade.molotov",
    "UI.Field.Flashbang": "Flashbang",
    "UI.Field.grenade.flashbang": "grenade.flashbang",
    "UI.Field.Survey Charge": "Måladgang",
    "UI.Field.surveycharge": "surveycharge",
    "UI.Field.Grenade": "Granat",
    "UI.Field.grenade.f1": "grenade.f1",
    "UI.Field.Beancan": "Bønneudåse",
    "UI.Field.grenade.beancan": "grenade.beancan",
    "UI.Field.Rocket": "Raket",
    "UI.Field.ammo.rocket.basic": "ammo.rocket.basic",
    "UI.Field.Incendiary Rocket": "Brandraket",
    "UI.Field.ammo.rocket.fire": "ammo.rocket.fire",
    "UI.Field.Rocket HV": "Høj hastigheds raket",
    "UI.Field.ammo.rocket.hv": "ammo.rocket.hv",
    "UI.Field.Explosive 5.56 Rifle Ammo": "Explosive 5.56 Riffle Ammunition",
    "UI.Field.ammo.rifle.explosive": "ammo.rifle.explosive",
    "UI.Field.GL HE": "GL HE",
    "UI.Field.ammo.grenadelauncher.he": "ammo.grenadelauncher.he",
    "UI.Field.C4": "C4",
    "UI.Field.explosive.timed": "explosive.timed",
    "UI.Field.MLRS Rocket": "MLRS raket",
    "UI.Field.ammo.rocket.mlrs": "ammo.rocket.mlrs",
    "UI.Column.RECYCLED": "GENBRUGT",
    "UI.Field.Propane Tanks": "Propan beholdere",
    "UI.Field.propanetank": "propanetank",
    "UI.Field.Gears": "Gear",
    "UI.Field.gears": "gear",
    "UI.Field.Metal Pipe": "Metalrør",
    "UI.Field.metalpipe": "metalrør",
    "UI.Field.Rifle Body": "Riffel Krop",
    "UI.Field.riflebody": "riffelkrop",
    "UI.Field.Semi Body": "Halvautomatisk krop",
    "UI.Field.semibody": "halvautomatisk_krop",
    "UI.Field.Metal Springs": "Metal fjedre",
    "UI.Field.metalspring": "metal_fjeder",
    "UI.Field.Road Signs": "Vejskilte",
    "UI.Field.roadsigns": "vejskilte",
    "UI.Field.Sewing Kits": "Sy kits",
    "UI.Field.sewingkit": "sy_kit",
    "UI.Field.Tarp": "Presenning",
    "UI.Field.tarp": "presenning",
    "UI.Field.Rope": "Reb",
    "UI.Field.rope": "reb",
    "UI.Field.Sheet Metal": "Metalplade",
    "UI.Field.sheetmetal": "metalplade",
    "UI.Field.Fuse": "Sikring",
    "UI.Field.fuse": "sikring",
    "UI.Field.Metal Blade": "Metal klinge",
    "UI.Field.metalblade": "metalklinge",
    "UI.Field.SMG Body": "SMG krop",
    "UI.Field.smgbody": "smg_krop",
    "UI.Field.Tech Parts": "Tekniske dele",
    "UI.Field.techparts": "tekniske_dele",
    "UI.Field.Targeting Computer": "Målsøgningscomputer",
    "UI.Field.targeting.computer": "målsøgningscomputer",
    "UI.Field.CCTV Camera": "CCTV Kamera",
    "UI.Field.cctv.camera": "cctv.kamera",
    "UI.Column.FIRED": "AFFYRET",
    "UI.Field.Pistol": "Pistol",
    "UI.Field.ammo.pistol": "ammo.pistol",
    "UI.Field.Pistol Incendiary": "Pistol (brand)",
    "UI.Field.ammo.pistol.fire": "ammo.pistol.brand",
    "UI.Field.Pistol HV": "Pistol (højhastighed)",
    "UI.Field.ammo.pistol.hv": "ammo.pistol.hv",
    "UI.Field.Nailguns": "Sømgeværer",
    "UI.Field.ammo.nailgun.nails": "ammo.sømgevær.søm",
    "UI.Field.Rifle": "Riffel",
    "UI.Field.ammo.rifle": "ammo.riffel",
    "UI.Field.Rifle HV": "Riffel (højhastighed)",
    "UI.Field.ammo.rifle.hv": "ammo.riffel.hv",
    "UI.Field.Rifle Incendiary": "Riffel (brand)",
    "UI.Field.ammo.rifle.incendiary": "ammo.riffel.brand",
    "UI.Field.HandMades": "Hjemmelavet",
    "UI.Field.ammo.handmade.shell": "ammo.hjemmelavet.skal",
    "UI.Field.GL Buckshot": "GL Buckshot",
    "UI.Field.ammo.grenadelauncher.buckshot": "ammo.grenadelauncher.buckshot",
    "UI.Field.Shotgun Slug": "Haglbyge Kugle",
    "UI.Field.ammo.shotgun.slug": "ammo.havnbyge.kugle",
    "UI.Field.Shotgun Fire": "Haglbyge (brand)",
    "UI.Field.ammo.shotgun.fire": "ammo.havnbyge.brand",
    "UI.Field.Shotgun": "Haglbyge",
    "UI.Field.ammo.shotgun": "ammo.havnbyge",
    "UI.Field.SnowBall": "Snebold",
    "UI.Field.snowball": "snebold",
    "UI.Field.Wooden Arrow": "Tr æpilespids",
    "UI.Field.arrow.wooden": "pilespids.træ",
    "UI.Field.Fire Arrow": "Ildpile",
    "UI.Field.arrow.fire": "pilespids.ild",
    "UI.Field.Bone Arrow": "Benpilespids",
    "UI.Field.arrow.bone": "pilespids.ben",
    "UI.Field.High Velocity Arrow": "Højhastighedspilespids",
    "UI.Field.arrow.hv": "pilespids.hv",
    "UI.Column.FISHING": "FISKERI",
    "UI.Field.Anchovy": "Ansjos",
    "UI.Field.fish.anchovy": "fisk.ansjos",
    "UI.Field.Catfish": "Hopslagsvhale",
    "UI.Field.fish.catfish": "fisk.hopslagsvhale",
    "UI.Field.Herring": "Sild",
    "UI.Field.fish.herring": "fisk.sild",
    "UI.Field.Orange Roughy": "Orange Roughy",
    "UI.Field.fish.orangeroughy": "fisk.orange_roughy",
    "UI.Field.Salmon": "Laks",
    "UI.Field.fish.salmon": "fisk.laks",
    "UI.Field.Sardine": "Sardin",
    "UI.Field.fish.sardine": "fisk.sardin",
    "UI.Field.Small Shark": "Lille haj",
    "UI.Field.fish.smallshark": "fisk.lille_haj",
    "UI.Field.Small Trout": "Lille ørred",
    "UI.Field.fish.troutsmall": "fisk.lille_ørred",
    "UI.Field.Yellow Perch": "Gule aborre",
    "UI.Field.fish.yellowperch": "fisk.gule_aborre",
    "UI.Field.Minnows": "Krybder",
    "UI.Field.fish.minnows": "fisk.krybder",
    "UI.Column.CRAFTED": "SKABT",
    "UI.Field.Garage Door": "Garageport",
    "UI.Field.wall.frame.garagedoor": "væg.ramme.garageport",
    "UI.Field.Sheet Metal Double Door": "Dobbelt metalport",
    "UI.Field.door.double.hinged.metal": "dør.dobbelt.hængslet.metal",
    "UI.Field.Armored Double Door": "Dobbelt pansret dør",
    "UI.Field.door.double.hinged.toptier": "dør.dobbelt.hængslet.topniveau",
    "UI.Field.Wood Double Door": "Dobbelt trædør",
    "UI.Field.door.double.hinged.wood": "dør.dobbelt.hængslet.træ",
    "UI.Field.Sheet Metal Door": "Metal dør",
    "UI.Field.door.hinged.metal": "dør.hængslet.metal",
    "UI.Field.Armored Door": "Pansret dør",
    "UI.Field.door.hinged.toptier": "dør.hængslet.topniveau",
    "UI.Field.Wood Door": "Trædør",
    "UI.Field.door.hinged.wood": "dør.hængslet.træ",
    "UI.Field.Large Wood Box": "Stor trækasse",
    "UI.Field.box.wooden.large": "kasse.træ.large",
    "UI.Field.Wood Storage Box": "Træopbevaringskasse",
    "UI.Field.box.wooden": "kasse.træ",
    "UI.Field.Flame Turret": "Flamtårn",
    "UI.Field.flameturret": "flamtårn",
    "UI.Field.Shotgun Trap": "Haglbygefælde",
    "UI.Field.guntrap": "våbenfælde",
    "UI.Field.Auto Turret": "Auto Tårn",
    "UI.Field.autoturret": "autotårn",
    "UI.Field.Code Lock": "Kode Lås",
    "UI.Field.lock.code": "lås.kode",
    "UI.Field.Key Lock": "Nøglelås",
    "UI.Field.lock.key": "lås.nøgle",
    "UI.Field.Wooden Ladder": "Træstige",
    "UI.Field.ladder.wooden.wall": "stige.trævæg",
    "UI.Field.Medical Syringe": "Medicinsk sprøjte",
    "UI.Field.syringe.medical": "sprøjte.medicinsk",
    "UI.Field.Bandage": "Forbinding",
    "UI.Field.bandage": "forbinding",
    "UI.Field.Large Medkit": "Stor Medicinkasse",
    "UI.Field.largemedkit": "stor.medicinkasse",
    "UI.Field.Rocket Launcher": "Raketkaster",
    "UI.Field.rocket.launcher": "raketkaster",
    "UI.Field.HV Rocket": "Højhastigheds raket",
    "UI.Field.Explosives": "Sprængstoffer",
    "UI.Field.explosives": "sprængstoffer",
    "UI.Field.Gun Powder": "Krudt",
    "UI.Field.gunpowder": "krudt",
    "UI.Field.Low Grade Fuel": "Lavkvalitets brændstof",
    "UI.Field.lowgradefuel": "lavkvalitetsbrændstof",
    "UI.Column.LOOTED": "PLYNDRET",
    "UI.Field.Normal Crate": "Normal kasse",
    "UI.Field.crate_normal_2": "kasse.normal_2",
    "UI.Field.Basic Crate": "Basiskasse",
    "UI.Field.crate_basic": "kasse.basis",
    "UI.Field.Elite Crate": "Elitekasse",
    "UI.Field.crate_elite": "kasse.elitær",
    "UI.Field.Military Crate": "Militærkasse",
    "UI.Field.crate_normal": "kasse.normal",
    "UI.Field.Tools Crate": "Værktøjskasse",
    "UI.Field.crate_tools": "kasse.værktøj",
    "UI.Field.Supply Drop": "Forsyningsfald",
    "UI.Field.supply_drop": "forsyningsfald",
    "UI.Field.Locked Crate": "Låst kasse",
    "UI.Field.codelockedhackablecrate|codelockedhackablecrate_oilrig": "kasse.mekanisklåsbar.kr.olieplatform",
    "UI.Tabs.BUILDING": "BYGNING",
    "UI.Tabs.HITRATE": "TRÆFNINGSPROCENT",
    "UI.Field.Head kills": "Hovedskud",
    "UI.Field.HEAD": "HOVEDET",
    "UI.Leaderboard.Column.Nickname": "Kaldenavn",
    "UI.Leaderboard.Column.Kills": "Drab",
    "UI.Leaderboard.Column.Deaths": "Dødsfald",
    "UI.Leaderboard.Column.KDR": "K/D ratio",
    "UI.Leaderboard.Column.NPC Kills": "NPC drab",
    "UI.Leaderboard.Column.Total online": "I alt online",
    "UI.Leaderboard.Column.Scores": "Point",
    "UI.BodyParts.HEAD": "HOVEDET",
    "UI.BodyParts.ARM": "ARM",
    "UI.BodyParts.CHEST": "BRYST",
    "UI.BodyParts.HIP": "HOFTE",
    "UI.BodyParts.BODY": "KROP",
    "UI.BodyParts.NECK": "HALS",
    "UI.Building.wall.frame_twigs": "VÆG.RAMME- KVISTE",
    "UI.Grade.twigs": "KVIST",
    "UI.Building.wall.frame_wood": "VÆG.RAMME- TRÆ",
    "UI.Grade.wood": "TRÆ",
    "UI.Building.wall.frame_stone": "VÆG.RAMME- STEN",
    "UI.Grade.stone": "STEN",
    "UI.Building.wall.frame_metal": "VÆG.RAMME- METAL",
    "UI.Grade.metal": "METAL",
    "UI.Building.wall.frame_toptier": "VÆG.RAMME- TOPTIER",
    "UI.Grade.toptier": "TOPTIER",
    "UI.Building.wall.frame_count": "VÆG.RAMME- TÆLLING",
    "UI.Grade.count": "TÆLLING",
    "UI.Building.wall.frame_none": "VÆG.RAMME- INGEN",
    "UI.Grade.none": "INGEN",
    "UI.Building.block.stair.ushape_twigs": "BLOK.TRAPPE.U-FORM- KVISTE",
    "UI.Building.block.stair.ushape_wood": "BLOK.TRAPPE.U-FORM- TRÆ",
    "UI.Building.block.stair.ushape_stone": "BLOK.TRAPPE.U-FORM- STEN",
    "UI.Building.block.stair.ushape_metal": "BLOK.TRAPPE.U-FORM- METAL",
    "UI.Building.block.stair.ushape_toptier": "BLOK.TRAPPE.U-FORM- TOPTIER",
    "UI.Building.block.stair.ushape_count": "BLOK.TRAPPE.U-FORM- TÆLLING",
    "UI.Building.block.stair.ushape_none": "BLOK.TRAPPE.U-FORM- INGEN",
    "UI.Building.roof_twigs": "TAG- KVISTE",
    "UI.Building.roof_wood": "TAG- TRÆ",
    "UI.Building.roof_stone": "TAG- STEN",
    "UI.Building.roof_metal": "TAG- METAL",
    "UI.Building.roof_toptier": "TAG- TOPTIER",
    "UI.Building.roof_count": "TAG- TÆLLING",
    "UI.Building.roof_none": "TAG- INGEN",
    "UI.Building.wall.window_twigs": "VÆG.VINDUE- KVISTE",
    "UI.Building.wall.window_wood": "VÆG.VINDUE- TRÆ",
    "UI.Building.wall.window_stone": "VÆG.VINDUE- STEN",
    "UI.Building.wall.window_metal": "VÆG.VINDUE- METAL",
    "UI.Building.wall.window_toptier": "VÆG.VINDUE- TOPTIER",
    "UI.Building.wall.window_count": "VÆG.VINDUE- TÆLLING",
    "UI.Building.wall.window_none": "VÆG.VINDUE- INGEN",
    "UI.Building.floor.triangle.frame_twigs": "GULV.TREKANT.RAMME- KVISTE",
    "UI.Building.floor.triangle.frame_wood": "GULV.TREKANT.RAMME- TRÆ",
    "UI.Building.floor.triangle.frame_stone": "GULV.TREKANT.RAMME- STEN",
    "UI.Building.floor.triangle.frame_metal": "GULV.TREKANT.RAMME- METAL",
    "UI.Building.floor.triangle.frame_toptier": "GULV.TREKANT.RAMME- TOPTIER",
    "UI.Building.floor.triangle.frame_count": "GULV.TREKANT.RAMME- TÆLLING",
    "UI.Building.floor.triangle.frame_none": "GULV.TREKANT.RAMME- INGEN",
    "UI.Building.wall.low_twigs": "VÆG.LAV- KVISTE",
    "UI.Building.wall.low_wood": "VÆG.LAV- TRÆ",
    "UI.Building.wall.low_stone": "VÆG.LAV- STEN",
    "UI.Building.wall.low_metal": "VÆG.LAV- METAL",
    "UI.Building.wall.low_toptier": "VÆG.LAV- TOPTIER",
    "UI.Building.wall.low_count": "VÆG.LAV- TÆLLING",
    "UI.Building.wall.low_none": "VÆG.LAV- INGEN",
    "UI.Building.wall.half_twigs": "VÆG.HALV- KVISTE",
    "UI.Building.wall.half_wood": "VÆG.HALV- TRÆ",
    "UI.Building.wall.half_stone": "VÆG.HALV- STEN",
    "UI.Building.wall.half_metal": "VÆG.HALV- METAL",
    "UI.Building.wall.half_toptier": "VÆG.HALV- TOPTIER",
    "UI.Building.wall.half_count": "VÆG.HALV- TÆLLING",
    "UI.Building.wall.half_none": "VÆG.HALV- INGEN",
    "UI.Building.roof.triangle_twigs": "TAG.TREKANT- KVISTE",
    "UI.Building.roof.triangle_wood": "TAG.TREKANT- TRÆ",
    "UI.Building.roof.triangle_stone": "TAG.TREKANT- STEN",
    "UI.Building.roof.triangle_metal": "TAG.TREKANT- METAL",
    "UI.Building.roof.triangle_toptier": "TAG.TREKANT- TOPTIER",
    "UI.Building.roof.triangle_count": "TAG.TREKANT- TÆLLING",
    "UI.Building.roof.triangle_none": "TAG.TREKANT- INGEN",
    "UI.Building.foundation.steps_twigs": "FUNDAMENT.TRIN- KVISTE",
    "UI.Building.foundation.steps_wood": "FUNDAMENT.TRIN- TRÆ",
    "UI.Building.foundation.steps_stone": "FUNDAMENT.TRIN- STEN",
    "UI.Building.foundation.steps_metal": "FUNDAMENT.TRIN- METAL",
    "UI.Building.foundation.steps_toptier": "FUNDAMENT.TRIN- TOPTIER",
    "UI.Building.foundation.steps_count": "FUNDAMENT.TRIN- TÆLLING",
    "UI.Building.foundation.steps_none": "FUNDAMENT.TRIN- INGEN",
    "UI.Building.floor_twigs": "GULV- KVISTE",
    "UI.Building.floor_wood": "GULV- TRÆ",
    "UI.Building.floor_stone": "GULV- STEN",
    "UI.Building.floor_metal": "GULV- METAL",
    "UI.Building.floor_toptier": "GULV- TOPTIER",
    "UI.Building.floor_count": "GULV- TÆLLING",
    "UI.Building.floor_none": "GULV- INGEN",
    "UI.Building.ramp_twigs": "RAMPE- KVISTE",
    "UI.Building.ramp_wood": "RAMPE- TRÆ",
    "UI.Building.ramp_stone": "RAMPE- STEN",
    "UI.Building.ramp_metal": "RAMPE- METAL",
    "UI.Building.ramp_toptier": "RAMPE- TOPTIER",
    "UI.Building.ramp_count": "RAMPE- TÆLLING",
    "UI.Building.ramp_none": "RAMPE- INGEN",
    "UI.Building.wall_twigs": "VÆG- KVISTE",
    "UI.Building.wall_wood": "VÆG- TRÆ",
    "UI.Building.wall_stone": "VÆG- STEN",
    "UI.Building.wall_metal": "VÆG- METAL",
    "UI.Building.wall_toptier": "VÆG- TOPTIER",
    "UI.Building.wall_count": "VÆG- TÆLLING",
    "UI.Building.wall_none": "VÆG- INGEN",
    "UI.Building.wall.doorway_twigs": "VÆG.DØRÅBNING- KVISTE",
    "UI.Building.wall.doorway_wood": "VÆG.DØRÅBNING- TRÆ",
    "UI.Building.wall.doorway_stone": "VÆG.DØRÅBNING- STEN",
    "UI.Building.wall.doorway_metal": "VÆG.DØRÅBNING- METAL",
    "UI.Building.wall.doorway_toptier": "VÆG.DØRÅBNING- TOPTIER",
    "UI.Building.wall.doorway_count": "VÆG.DØRÅBNING- TÆLLING",
    "UI.Building.wall.doorway_none": "VÆG.DØRÅBNING- INGEN",
    "UI.Building.block.stair.lshape_twigs": "BLOK.TRAPPE.L-FORM- KVISTE",
    "UI.Building.block.stair.lshape_wood": "BLOK.TRAPPE.L-FORM- TRÆ",
    "UI.Building.block.stair.lshape_stone": "BLOK.TRAPPE.L-FORM- STEN",
    "UI.Building.block.stair.lshape_metal": "BLOK.TRAPPE.L-FORM- METAL",
    "UI.Building.block.stair.lshape_toptier": "BLOK.TRAPPE.L-FORM- TOPTIER",
    "UI.Building.block.stair.lshape_count": "BLOK.TRAPPE.L-FORM- TÆLLING",
    "UI.Building.block.stair.lshape_none": "BLOK.TRAPPE.L-FORM- INGEN",
    "UI.Building.foundation.triangle_twigs": "FUNDAMENT.TREKANT- KVISTE",
    "UI.Building.foundation.triangle_wood": "FUNDAMENT.TREKANT- TRÆ",
    "UI.Building.foundation.triangle_stone": "FUNDAMENT.TREKANT- STEN",
    "UI.Building.foundation.triangle_metal": "FUNDAMENT.TREKANT- METAL",
    "UI.Building.foundation.triangle_toptier": "FUNDAMENT.TREKANT- TOPTIER",
    "UI.Building.foundation.triangle_count": "FUNDAMENT.TREKANT- TÆLLING",
    "UI.Building.foundation.triangle_none": "FUNDAMENT.TREKANT- INGEN",
    "UI.Building.floor.triangle_twigs": "GULV.TREKANT- KVISTE",
    "UI.Building.floor.triangle_wood": "GULV.TREKANT- TRÆ",
    "UI.Building.floor.triangle_stone": "GULV.TREKANT- STEN",
    "UI.Building.floor.triangle_metal": "GULV.TREKANT- METAL",
    "UI.Building.floor.triangle_toptier": "GULV.TREKANT- TOPTIER",
    "UI.Building.floor.triangle_count": "GULV.TREKANT- TÆLLING",
    "UI.Building.floor.triangle_none": "GULV.TREKANT- INGEN",
    "UI.Building.floor.frame_twigs": "GULV.RAMME- KVISTE",
    "UI.Building.floor.frame_wood": "GULV.RAMME- TRÆ",
    "UI.Building.floor.frame_stone": "GULV.RAMME- STEN",
    "UI.Building.floor.frame_metal": "GULV.RAMME- METAL",
    "UI.Building.floor.frame_toptier": "GULV.RAMME- TOPTIER",
    "UI.Building.floor.frame_count": "GULV.RAMME- TÆLLING",
    "UI.Building.floor.frame_none": "GULV.RAMME- INGEN",
    "UI.Building.foundation_twigs": "FUNDAMENT- KVISTE",
    "UI.Building.foundation_wood": "FUNDAMENT- TRÆ",
    "UI.Building.foundation_stone": "FUNDAMENT- STEN",
    "UI.Building.foundation_metal": "FUNDAMENT- METAL",
    "UI.Building.foundation_toptier": "FUNDAMENT- TOPTIER",
    "UI.Building.foundation_count": "FUNDAMENT- TÆLLING",
    "UI.Building.foundation_none": "FUNDAMENT- INGEN",
    "UI.Building.block.stair.spiral_twigs": "BLOK.TRAPPE.SPIRAL- KVISTE",
    "UI.Building.block.stair.spiral_wood": "BLOK.TRAPPE.SPIRAL- TRÆ",
    "UI.Building.block.stair.spiral_stone": "BLOK.TRAPPE.SPIRAL- STEN",
    "UI.Building.block.stair.spiral_metal": "BLOK.TRAPPE.SPIRAL- METAL",
    "UI.Building.block.stair.spiral_toptier": "BLOK.TRAPPE.SPIRAL- TOPTIER",
    "UI.Building.block.stair.spiral_count": "BLOK.TRAPPE.SPIRAL- TÆLLING",
    "UI.Building.block.stair.spiral_none": "BLOK.TRAPPE.SPIRAL- INGEN",
    "UI.Building.block.stair.spiral.triangle_twigs": "BLOK.TRAPPE.SPIRAL.TREKANT- KVISTE",
    "UI.Building.block.stair.spiral.triangle_wood": "BLOK.TRAPPE.SPIRAL.TREKANT- TRÆ",
    "UI.Building.block.stair.spiral.triangle_stone": "BLOK.TRAPPE.SPIRAL.TREKANT- STEN",
    "UI.Building.block.stair.spiral.triangle_metal": "BLOK.TRAPPE.SPIRAL.TREKANT- METAL",
    "UI.Building.block.stair.spiral.triangle_toptier": "BLOK.TRAPPE.SPIRAL.TREKANT- TOPTIER",
    "UI.Building.block.stair.spiral.triangle_count": "BLOK.TRAPPE.SPIRAL.TREKANT- TÆLLING",
    "UI.Building.block.stair.spiral.triangle_none": "BLOK.TRAPPE.SPIRAL.TREKANT- INGEN"
}
