{
    "Playtime": "<color=#838383>[</color><color=#f7432a>BestRust Servers</color><color=#838383>]</color> Saat <color=#7dda58>ohittaa jonon</color> saavuttamalla tietyn peliajan Bestrust-palvelimilla.\n\nVoit tarkistaa peliaikasi ja lukea lisää tietoa komennolla <color=#ff5c45>/playtime</color>.",
    "RustMagic": "<color=#838383>[</color><color=#f7432a>BestRust Servers</color><color=#838383>]</color> Saat <color=#f5e942>3 ilmaisia arvokkaita rust-skinejä</color> käyttämällä <color=#f5e942>BESTRUST-koodia</color>: https://splits.gg/r/BESTRUST",
    "Store": "<color=#838383>[</color><color=#f7432a>BestRust Servers</color><color=#838383>]</color> Voit ostaa <color=#f5e942>VIP - jonon ohituksen vain 1€</color>, tutustu kauppaamme! Klikkaa avataksesi verkkosivun kauppaamme. <color=#ff5c45>https://store.bestrustservers.com/</color>",
    "Staff": "<color=#838383>[</color><color=#f7432a>BestRust Servers</color><color=#838383>]</color> Haluatko ansaita <color=#f5e942>ilmaisen VIP:n, oikeaa rahaa tai skinejä</color>?\nEtsimme uusia tiimin jäseniä. Voit hakea tehtäviin <color=#7dda58>Moderaattori</color>, <color=#da5a5a>Ylläpitäjä</color>, <color=#cc6ce7>Yhteisöjohtaja</color> tai <color=#d49a17>Sisällöntuottaja</color>.\n\nJos olet kiinnostunut, vieraile #open-applications-kanavalla Discordissamme: <color=#ff5c45>discord.gg/bestrustservers</color>",
    "RustMagic2": "<color=#838383>[</color><color=#f7432a>BestRust Servers</color><color=#838383>]</color> Saat <color=#f5e942>3 ilmaisia arvokkaita rust-skinejä</color> käyttämällä <color=#f5e942>BESTRUST-koodia</color>: https://splits.gg/r/BESTRUST",
    "Store2": "<color=#838383>[</color><color=#f7432a>BestRust Servers</color><color=#838383>]</color> Voit ostaa <color=#f5e942>VIP - jonon ohituksen vain 1€</color>, tutustu kauppaamme! Klikkaa avataksesi verkkosivun kauppaamme. <color=#ff5c45>https://store.bestrustservers.com/</color>",
    "Discord": "<color=#838383>[</color><color=#f7432a>BestRust Servers</color><color=#838383>]</color> Jos tarvitset apua tai haluat ilmoittaa pelaajasta, luo tiketti Discordissamme. Olemme aina valmiita auttamaan! <color=#ff5c45>discord.gg/bestrustservers</color>"
}