{
    "Store": "<color=#838383>[</color><color=#f7432a>BestRust Servers</color><color=#838383>]</color> Kauppamme on todella helppokäyttöinen, voit ostaa <color=#f5e942>VIP-tasoja ja kittejä</color> <color=#f5e942>alkaen vain 1€</color>, ja saat ne heti. \nVoit maksaa <color=#ff7763>kaikilla maksutavoilla</color>, jopa <color=#f5e942>Rust-skineijä</color> ja <color=#f5e942>kryptoja</color> käyttäen. Käytä <color=#f7432a>/kit</color> ja tutustu kitteihin.\n\nVIP-edut sisältävät <color=#ff7763>Kitit</color>, <color=#ff7763>Jonon ohituksen</color>, <color=#ff7763>Skinbox</color>, <color=#ff7763>Enemmän HP:ta, vettä ja ruokaa</color> & <color=#ff7763>paljon muuta</color>, joten tutustu kauppaamme!\n\nKiitos kaikille, jotka tukevat palvelimiamme ja auttavat meitä pitämään ne käynnissä!\n\n<color=#ff5c45>https://store.bestrustservers.com/</color>",
    "Splits": "<color=#838383>[</color><color=#f7432a>BestRust Servers</color><color=#838383>]</color> Get <color=#f5e942>Multiple Very OP kit rewards</color> for depositing on splits.gg with the <color=#f5e942>BESTRUST code</color>. </color>Check <color=#ff5c45>/kit</color> for the rewards and make sure you use the <color=#f5e942>BESTRUST code</color> when you deposit on splits.gg",
    "PlaytimeRewards": "<color=#838383>[</color><color=#f7432a>BestRust Servers</color><color=#838383>]</color> Voit ansaita <color=#7dda58>ilmaisia kittejä</color> ja <color=#e1c05f>palkintoja</color> saavuttamalla tietyn peliajan BestRust- palvelimilla.\n\nVoit tarkistaa peliaikasi ja lukea lisää komennolla <color=#ff5c45>/playtime</color>.",
    "Store2": "<color=#838383>[</color><color=#f7432a>BestRust Servers</color><color=#838383>]</color> Kauppamme on todella helppokäyttöinen, voit ostaa <color=#f5e942>VIP-tasoja ja kittejä</color> <color=#f5e942>alkaen vain 1€</color>, ja saat ne heti. \nVoit maksaa <color=#ff7763>kaikilla maksutavoilla</color>, jopa <color=#f5e942>Rust-skinejä</color> ja <color=#f5e942>kryptoja</color> käyttäen. Käytä <color=#f7432a>/kit</color> ja tutustu kitteihin.\n\nVIP-edut sisältävät <color=#ff7763>Kitit</color>, <color=#ff7763>Jonon ohituksen</color>, <color=#ff7763>Skinbox</color>, <color=#ff7763>Enemmän HP:ta, vettä ja ruokaa</color> & <color=#ff7763>paljon muuta</color>, joten tutustu kauppaamme!\n\nKiitos kaikille, jotka tukevat palvelimiamme ja auttavat meitä pitämään ne käynnissä!\n\n<color=#ff5c45>https://store.bestrustservers.com/</color>",
    "Splits2": "<color=#838383>[</color><color=#f7432a>BestRust Servers</color><color=#838383>]</color> Get <color=#f5e942>3 free high value rust skins and a free kit</color> by using the <color=#f5e942>BESTRUST code</color>on splits.gg",
    "Staff": "<color=#838383>[</color><color=#f7432a>BestRust Servers</color><color=#838383>]</color> Haluatko ansaita <color=#f5e942>ilmaisen VIP:n, oikeaa rahaa tai skinejä</color>?\nEtsimme uusia henkilökunnan jäseniä. Voit hakea <color=#7dda58>Moderaattoriksi</color>, <color=#da5a5a>Adminiksi</color>, <color=#cc6ce7>Yhteisön johtajaksi</color> tai <color=#d49a17>Sisällöntuottajaksi</color>.\n\nJos olet kiinnostunut, vieraile #open-applications-kanavalla Discordissamme: <color=#ff5c45>discord.gg/bestrustservers</color>",
    "Store3": "<color=#838383>[</color><color=#f7432a>BestRust Servers</color><color=#838383>]</color> Kauppamme on todella helppokäyttöinen, voit ostaa <color=#f5e942>VIP-tasoja ja kittejä</color> <color=#f5e942>alkaen vain 1€</color>, ja saat ne heti. \nVoit maksaa <color=#ff7763>kaikilla maksutavoilla</color>, jopa <color=#f5e942>Rust-skinejä</color> ja <color=#f5e942>kryptoja</color> käyttäen. Käytä <color=#f7432a>/kit</color> ja tutustu kiteihin.\n\nVIP-edut sisältävät <color=#ff7763>Kitit</color>, <color=#ff7763>Jonon ohituksen</color>, <color=#ff7763>Skinbox</color>, <color=#ff7763>Enemmän HP:ta, vettä ja ruokaa</color> & <color=#ff7763>paljon muuta</color>, joten tutustu kauppaamme!\n\nKiitos kaikille, jotka tukevat palvelimiamme ja auttavat meitä pitämään ne käynnissä!\n\n<color=#ff5c45>https://store.bestrustservers.com/</color>",
    "Splits3": "<color=#838383>[</color><color=#f7432a>BestRust Servers</color><color=#838383>]</color> Get <color=#f5e942>Multiple Very OP kit rewards</color> for depositing on splits.gg with the <color=#f5e942>BESTRUST code</color>. </color>Check <color=#ff5c45>/kit</color> for the rewards and make sure you use the <color=#f5e942>BESTRUST code</color> when you deposit on splits.gg",
    "Discord": "<color=#838383>[</color><color=#f7432a>BestRust Servers</color><color=#838383>]</color> Jos tarvitset apua tai haluat raportoida pelaajan, luo tiketti Discordissamme. Autamme aina mielellämme! <color=#ff5c45>discord.gg/bestrustservers</color>"
}
