{
  "Prefix": "<color=#D85540>[Blueprint Share]</color> ",
  "ArgumentsError": "Komentoa käytetty väärin. Yritä <color=#ffff00>/bs help</color>.",
  "Help": "<color=#D85540>Blueprint Share Komennot:</color>\n<color=#D85540>/bs toggle</color> - Vaihda automaattista suunnitelmien jakamista\n<color=#D85540>/bs share <player></color> - Jaa oppimasi suunnitelmat pelaajan kanssa\n<color=#D85540>/bs show <team|clan|friend> [name]</color> - Katso kanssasi jaetut suunnitelmat\n<color=#D85540>/bs help</color> - Näytä tämä apuvalikko",
  "ToggleOn": "Suunnitelmien jakaminen on nyt <color=#00ff00>käytössä</color>.",
  "ToggleOff": "Suunnitelmien jakaminen on nyt <color=#ff0000>pois käytöstä</color>.",
  "NoPermission": "Sinulla ei ole oikeutta käyttää tätä komentoa.",
  "CannotShare": "Et voi jakaa suunnitelmia tälle pelaajalle, hänen täytyy olla tiimissäsi, klaanissasi tai ystävälistallasi.",
  "NoTarget": "Sinun täytyy määrittää pelaaja, jolle jakaa.",
  "TargetEqualsPlayer": "Et voi jakaa suunnitelmia itsesi kanssa.",
  "PlayerNotFound": "Pelaajaa ei löytynyt.",
  "PlayerSharedBlueprints": "Jaot <color=#ffff00>{0}</color> suunnitelmaa pelaajan <color=#ffff00>{1}</color> kanssa.",
  "TargetLearntBlueprints": "<color=#ffff00>{0}</color> on jakanut kanssasi <color=#ffff00>{1}</color> suunnitelmaa.",
  "NoBlueprintsToShare": "Sinulla ei ole uusia suunnitelmia jaettavana pelaajalle <color=#ffff00>{0}</color>.",
  "PlayerSharedBlueprint": "Olet oppinut <color=#ffff00>{0}</color> suunnitelman ja jakanut sen <color=#ffff00>{1}</color> pelaajalle.",
  "TargetLearntBlueprint": "<color=#ffff00>{0}</color> on jakanut kanssasi <color=#ffff00>{1}</color> suunnitelman.",
  "BlueprintBlocked": "<color=#ffff00>{0}</color> suunnitelma on estetty jakamiselta, mutta olet silti oppinut sen.",
  "TargetSharingDisabled": "Et voi jakaa suunnitelmia pelaajalle <color=#ffff00>{0}</color> — he ovat poistaneet jakamisen käytöstä.",
  "BlueprintsRemoved": "Olet menettänyt pääsyn <color=#ffff00>{0}</color> suunnitelmaan.",
  "ShowMissingArgument": "Sinun täytyy määrittää, mitkä jaetut suunnitelmat haluat nähdä. Vaihtoehdot: <color=#ffff00>team</color>, <color=#ffff00>clan</color> tai <color=#ffff00>friend</color>.",
  "ShowFriendArgumentMissing": "Sinun täytyy määrittää ystävän nimi.",
  "NotFriends": "Ette ole ystäviä tämän pelaajan kanssa.",
  "NoSharedBlueprints": "Sinulle ei ole jaettu suunnitelmia.",
  "SharedBlueprintsTitle": "Sinulle jaetut suunnitelmat:",
  "ShowSharedBlueprints": "<color=#ffff00>Taso {0}:</color> {1}",
  "LoseBlueprintsDisabled": "Palvelimen ylläpitäjä on poistanut tämän ominaisuuden käytöstä."
}