{
  "Notification.ClanInfo.Title": "<size=18><color=#ffa500>Klaanit</color></size><size=14><color=#ce422b> UUDELLEENSYNTYNEET</color></size>",
  "Notification.ClanInfo.Tag": "\nKlaanitunniste: <color=#b2eece>{0}</color>",
  "Notification.ClanInfo.Description": "\nKuvaus: <color=#b2eece>{0}</color>",
  "Notification.ClanInfo.Online": "\nJäseniä Kirjautuneena: {0}",
  "Notification.ClanInfo.Offline": "\nJäseniä Kirjautumatta: {0}",
  "Notification.ClanInfo.Members": "\nJäsenet: {0}",
  "Notification.ClanInfo.Established": "\nPerustettu: <color=#b2eece>{0}</color>",
  "Notification.ClanInfo.LastOnline": "\nViimeksi Kirjautunut: <color=#b2eece>{0}</color>",
  "Notification.ClanInfo.Alliances": "\nLiittoumat: <color=#b2eece>{0}</color>",
  "Notification.ClanInfo.Alliances.None": "Ei ole",
  "Notification.ClanInfo.TotalMembers": "\nJäsenet: <color=#b2eece>{0}</color>",
  "Notification.ClanInfo.TotalAlliances": "\nLiittoumat: <color=#b2eece>{0}</color>",
  "Notification.Create.InExistingClan": "Olet jo klaanin jäsen",
  "Notification.Create.NoPermission": "Sinulla ei ole oikeutta luoda klaania",
  "Notification.Create.TagReserved1": "Tunniste {0} on varattu toiselle pelaajalle",
  "Notification.Create.InvalidTagLength": "Valitsemasi tunniste on virheellinen. Sen tulee olla {0}–{1} merkkiä pitkä",
  "Notification.Create.InvalidCharacters": "Valitsemasi tunniste sisältää kiellettyjä sanoja/merkkejä",
  "Notification.Create.ClanExists": "Klaani tällä tunnisteella on jo olemassa",
  "Notification.Create.NoNativeCreate": "Sinun tulee luoda klaani komennolla /clan create <tagi> <kuvaus>",
  "Notification.Create.Success": "Olet muodostanut klaanin <color=#aaff55>[{0}]</color>",
  "Notification.Kick.IsOwner": "Et voi erottaa klaanin omistajaa",
  "Notification.Kick.NoPermissions": "Sinulla ei ole riittäviä oikeuksia erottaa klaanin jäseniä",
  "Notification.Kick.NotClanmember": "Kohde ei ole klaanisi jäsen",
  "Notification.Kick.Self": "Et voi erottaa itseäsi",
  "Notification.Kick.NotEnoughRank": "Vain klaanin omistaja voi erottaa toisen tason jäsenen",
  "Notification.Kick.NoPlayerFound": "Pelaajaa annetulla nimellä tai ID:llä ei löydy",
  "Notification.Kick.Message": "{0} erotti {1} klaanista!",
  "Notification.Kick.PlayerMessage": "{0} erotti sinut klaanista!",
  "Notification.Kick.NoPermission": "Sinulla ei ole oikeutta erottaa klaanin jäseniä",
  "Notification.Leave.Message": "{0} on lähtenyt klaanista!",
  "Notification.Leave.PlayerMessage": "Olet lähtenyt klaanista <color=#aaff55>[{0}]</color>!",
  "Notification.Leave.NewOwner": "{0} on nyt klaanin johtaja!",
  "Notification.Leave.NoPermission": "Sinulla ei ole oikeutta poistua tästä klaanista",
  "Notification.Join.NoPermission": "Sinulla ei ole oikeutta liittyä klaaniin",
  "Notification.Join.ExpiredInvite": "Kutsusi klaaniin {0} on vanhentunut!",
  "Notification.Join.InExistingClan": "Olet jo toisen klaanin jäsen",
  "Notification.Join.Message": "{0} on liittynyt klaaniin!",
  "Notification.Invite.NoPermissions": "Sinulla ei ole riittäviä oikeuksia kutsua muita pelaajia",
  "Notification.Invite.InviteLimit": "Sinulla on jo maksimimäärä kutsuja tehnyt",
  "Notification.Invite.InviteCooldown": "Sinun tulee odottaa vielä {0} ennen kuin voit kutsua uusia jäseniä klaaniisi",
  "Notification.Invite.HasPending": "{0} on jo odottava klaanikutsu",
  "Notification.Invite.IsMember": "{0} on jo klaanin jäsen",
  "Notification.Invite.InClan": "{0} on jo toisen klaanin jäsen",
  "Notification.Invite.NoPermission": "{0} ei ole oikeutta liittyä klaaniin",
  "Notification.Invite.SuccesTarget": "Sinut on kutsuttu liittymään klaaniin: <color=#aaff55>[{0}]</color> '{1}'\nLiity käyttämällä: <color=#ffd479>/{2} accept {0}</color>",
  "Notification.Invite.SuccessClan": "{0} on kutsunut {1} klaaniin",
  "Notification.PendingInvites": "Sinulla on odottavia klaanikutsuja: {0}\nLiity klaaniin käyttämällä: <color=#ffd479>/{1} accept <tag></color>",
  "Notification.WithdrawInvite.NoPermissions": "Sinulla ei ole riittäviä oikeuksia perua kutsuja",
  "Notification.WithdrawInvite.UnableToFind": "Kutsua pelaajalle {0} ei löydy",
  "Notification.WithdrawInvite.Success": "{0} perui jäsenkutsun {1}",
  "Notification.RejectInvite.InvalidInvite": "Sinulla ei ole kutsua liittyä klaaniin <color=#aaff55>[{0}]</color>",
  "Notification.RejectInvite.Message": "{0} on hylännyt kutsun liittyä klaaniin",
  "Notification.RejectInvite.PlayerMessage": "Olet hylännyt kutsun liittyä klaaniin <color=#aaff55>[{0}]</color>",
  "Notification.Promotion.NoPermissions": "Sinulla ei ole riittäviä oikeuksia ylentää muita pelaajia",
  "Notification.Promotion.TargetNoClan": "{0} ei ole klaanisi jäsen",
  "Notification.Promotion.IsOwner": "Et voi ylentää klaanin johtajaa",
  "Notification.Promotion.IsCouncil": "Et voi ylentää ylemmäksi kuin neuvoston taso",
  "Notification.Promotion.CouncilTaken": "Neuvoston titteli on jo annettu",
  "Notification.Promotion.ModeratorLimit": "Sinulla on jo maksimimäärä moderaattoreita",
  "Notification.Promotion.IsModerator": "Et voi ylentää ylemmäksi kuin moderaattorin taso",
  "Notification.Promotion.Message": "{0} ylennettiin tasolle {1} käyttäjän {2} toimesta",
  "Notification.Demotion.NoPermissions": "Sinulla ei ole riittäviä oikeuksia alentaa muita pelaajia",
  "Notification.Demotion.IsOwner": "Et voi alentaa klaanin johtajaa",
  "Notification.Demotion.IsMember": "{0} on jo alimmalla tasolla",
  "Notification.Demotion.Message": "{0} alennettiin tasolle {1} käyttäjän {2} toimesta",
  "Notification.Alliance.NoPermissions": "Sinulla ei ole riittäviä oikeuksia hallita liittoumia",
  "Notification.Alliance.PendingInvite": "<color=#aaff55>[{0}]</color> on jo odottava liittoumakutsu",
  "Notification.Alliance.MaximumInvites": "Sinulla on jo maksimimäärä liittoumakutsuja tehnyt",
  "Notification.Alliance.MaximumAlliances": "Sinulla on jo maksimimäärä liittoumia muodostettuna",
  "Notification.Alliance.InviteSent": "Olet lähettänyt klaanille <color=#aaff55>[{0}]</color> liittoumakutsun\nKutsu vanhenee ajassa: {1}",
  "Notification.Alliance.InviteReceived": "Olet saanut liittoumakutsun klaanilta <color=#aaff55>[{0}]</color>\nHyväksy käyttämällä: <color=#ffd479>/{2} accept {0}</color>\nKutsu vanhenee ajassa: {1}",
  "Notification.Alliance.NoActiveInvite": "Sinulla ei ole aktiivista liittoumakutsua klaaniin <color=#aaff55>[{0}]</color>",
  "Notification.Alliance.NoActiveInviteFrom": "Sinulla ei ole aktiivista liittoumakutsua klaanilta <color=#aaff55>[{0}]</color>",
  "Notification.Alliance.WithdrawnClan": "{0} on peruuttanut liittoumakutsun klaanille <color=#aaff55>[{1}]</color>",
  "Notification.Alliance.WithdrawnTarget": "<color=#aaff55>[{0}]</color> on peruuttanut liittoumakutsunsa",
  "Notification.Alliance.AtLimitTarget": "<color=#aaff55>[{0}]</color>illa on jo maksimimäärä liittoumia",
  "Notification.Alliance.AtLimitSelf": "Klaanillasi on jo maksimimäärä liittoumia",
  "Notification.Alliance.AtLimitAlliedMembersTarget": "<color=#aaff55>[{0}]</color> klaanin jäsenmäärä + liittouman jäsenmäärä + klaanisi jäsenmäärä on suurempi kuin sallittu",
  "Notification.Alliance.AtLimitAlliedMembersSelf": "Klaanisi jäsenmäärä + liittouman jäsenmäärä + tämän klaanin jäsenmäärä on suurempi kuin sallittu",
  "Notification.Alliance.Formed": "<color=#aaff55>[{0}]</color> on muodostanut liittouman klaanin <color=#aaff55>[{1}]</color> kanssa",
  "Notification.Alliance.Rejected": "<color=#aaff55>[{0}]</color> on hylännyt liittouman muodostamisen klaanin <color=#aaff55>[{1}]</color> kanssa",
  "Notification.Alliance.Revoked": "<color=#aaff55>[{0}]</color> on peruuttanut liittouman klaanin <color=#aaff55>[{1}]</color> kanssa",
  "Notification.Alliance.NoActiveAlliance": "Sinulla ei ole tällä hetkellä liittoumaa klaanin <color=#aaff55>[{0}]</color> kanssa",
  "Notification.FF.MemberEnabled": "Klaanilaiset <color=#ffd479>ottavat</color> vahinkoa ystävällisestä osumasta",
  "Notification.FF.MemberDisabled": "Klaanilaiset <color=#ffd479>eivät ota</color> vahinkoa ystävällisestä osumasta",
  "Notification.FF.AllyEnabled": "Liittolaiset <color=#ffd479>ottavat</color> vahinkoa ystävällisestä osumasta",
  "Notification.FF.AllyDisabled": "Liittolaiset <color=#ffd479>eivät ota</color> vahinkoa ystävällisestä osumasta",
  "Notification.FF.IsEnabled": "<color=#aaff55>Käytössä</color>",
  "Notification.FF.IsDisabled": "<color=#ce422b>Pois käytöstä</color>",
  "Notification.FF.OnHitClanMember": "{0} on klaanin jäsen, eikä häntä voi vahingoittaa.\nVaihda klaanin ystävällinen osuma komennolla: <color=#ffd479>/{1}</color>",
  "Notification.FF.OnHitAllyMember": "{0} on liittolaisklaanin jäsen, eikä häntä voi vahingoittaa.\nVaihda liittolaisen ystävällinen osuma komennolla: <color=#ffd479>/{1}</color>",
  "Notification.FF.ToggleNotOwner": "Vain klaanin Omistaja tai Neuvosto voi vaihtaa ystävällisen osuman tilaa",
  "Notification.FF.OwnerToggle": "{0} on vaihtanut ystävällisen osuman tilaa.\n{1}",
  "Notification.FF.OwnerAllyToggle": "{0} on vaihtanut liittolaisen ystävällisen osuman tilaa.\n{1}",
  "Notification.ClanHelp.NoClan": "\nSaatavilla olevat komennot:\n<color=#ffd479>/{0} create <tagi> \"kuvaus\"</color> - Luo uusi klaani\n<color=#ffd479>/{0} accept <tagi></color> - Liity kutsuttuna klaaniin\n<color=#ffd479>/{0} reject <tagi></color> - Hylkää klaanikutsu",
  "Notification.ClanHelp.Basic2": "\nSaatavilla olevat komennot:\n<color=#ffd479>/{0}</color> - Näytä klaanisi tiedot\n<color=#ffd479>/{1} <viesti></color> - Lähetä viesti klaanchatissa\n<color=#ffd479>/{0} leave</color> - Poistu nykyisestä klaanistasi",
  "Notification.ClanHelp.MFF": "\n<color=#ffd479>/{0}</color> - Vaihda ystävällinen osuma klaanin jäseniä vastaan",
  "Notification.ClanHelp.AFF": "\n<color=#ffd479>/{0}</color> - Vaihda ystävällinen osuma liittolaisklaanien jäseniä vastaan",
  "Notification.ClanHelp.Alliance": "\n\n<color=#45b6fe><size=14>Liittoumakomennot:</size></color>\n<color=#ffd479>/{0} invite <tagi></color> - Kutsu klaani liittolaisiksi\n<color=#ffd479>/{0} withdraw <tagi></color> - Peru liittoumakutsu\n<color=#ffd479>/{0} accept <tagi></color> - Hyväksy liittoumakutsu\n<color=#ffd479>/{0} reject <tagi></color> - Hylkää liittoumakutsu\n<color=#ffd479>/{0} revoke <tagi></color> - Peru liittouma",
  "Notification.ClanHelp.Moderator": "\n\n<color=#b573ff><size=14>Moderaattorikomennot:</size></color>\n<color=#ffd479>/{0} invite <nimi tai ID></color> - Kutsu pelaaja klaaniisi\n<color=#ffd479>/{0} withdraw <nimi tai ID></color> - Peru kutsu\n<color=#ffd479>/{0} kick <nimi tai ID></color> - Erota jäsen klaanistasi",
  "Notification.ClanHelp.Owner": "\n\n<color=#a1ff46><size=14>Omistajakomennot:</size></color>\n<color=#ffd479>/{0} promote <nimi tai ID></color> - Ylennä klaanin jäsen\n<color=#ffd479>/{0} demote <nimi tai ID></color> - Alenna klaanin jäsen\n<color=#ffd479>/{0} disband forever</color> - Hajota klaanisi",
  "Notification.ClanHelp.TagColor": "\n<color=#ffd479>/{0} tagcolor <hex></color> - Aseta yksilöllinen klaanitunnisteväri\n<color=#ffd479>/{0} tagcolor reset</color> - Palauta oletustunnisteväri",
  "Notification.Clan.NotInAClan": "\nEt ole tällä hetkellä klaanin jäsen",
  "Notification.Clan.Help": "\nNähdäksesi käytettävissä olevat komennot kirjoita: <color=#ffd479>/{0}</color>",
  "Notification.Clan.OwnerOf": "\nOlet seuraavan omistaja: <color=#aaff55>{0}</color> ({1}/{2})",
  "Notification.Clan.CouncilOf": "\nOlet neuvostossa: <color=#aaff55>{0}</color> ({1}/{2})",
  "Notification.Clan.ModeratorOf": "\nOlet moderaattori: <color=#aaff55>{0}</color> ({1}/{2})",
  "Notification.Clan.MemberOf": "\nOlet jäsen: <color=#aaff55>{0}</color> ({1}/{2})",
  "Notification.Clan.MembersOnline": "\nJäseniä Kirjautuneena: {0}",
  "Notification.Clan.MFF": "\nKlaani FF Tila: {0} (<color=#ffd479>/{1}</color>)",
  "Notification.Clan.AFF": "\nLiittolaisen FF Tila: {0} (<color=#ffd479>/{1}</color>)",
  "Notification.Clan.CreateSyntax": "<color=#ffd479>/{0} create <tagi> \"kuvaus\"</color> - Luo uusi klaani",
  "Notification.Clan.InviteSyntax": "<color=#ffd479>/{0} invite <osaNimestäTaiID:stä></color> - Kutsu pelaaja klaaniisi",
  "Notification.Clan.WithdrawSyntax": "<color=#ffd479>/{0} withdraw <osaNimestäTaiID:stä></color> - Peru jäsenkutsu",
  "Notification.Clan.AcceptSyntax": "<color=#ffd479>/{0} accept <tagi></color> - Liity kutsuttuna klaaniin",
  "Notification.Clan.RejectSyntax": "<color=#ffd479>/{0} reject <tagi></color> - Hylkää klaanikutsu",
  "Notification.Clan.PromoteSyntax": "<color=#ffd479>/{0} promote <osaNimestäTaiID:stä></color> - Ylennä klaanin jäsen seuraavalle tasolle",
  "Notification.Clan.DemoteSyntax": "<color=#ffd479>/{0} demote <osaNimestäTaiID:stä></color> - Alenna klaanin jäsen seuraavalle alemmalle tasolle",
  "Notification.Clan.DisbandSyntax": "<color=#ffd479>/{0} disband forever</color> - Hajota klaanisi (tätä ei voi peruuttaa)",
  "Notification.Clan.KickSyntax": "<color=#ffd479>/{0} kick <osaNimestäTaiID:stä></color> - Erota jäsen klaanistasi",
  "Notification.Clan.TagColorSyntax": "<color=#ffd479>/{0} tagcolor <hex (XXXXXX)></color> - Aseta yksilöllinen klaanitunnisteväri",
  "Notification.Clan.TagColorFormat": "<color=#ffd479>Hex-merkkijonon on oltava 6 merkin pituinen ja kelvollinen hex-väri</color>",
  "Notification.Clan.TagColorReset": "<color=#ffd479>Olet palauttanut klaaniisi oletustunnistevärit</color>",
  "Notification.Clan.TagColorSet": "<color=#ffd479>Olet asettanut klaanin tunnistevärin</color> <color=#{0}>{0}</color>",
  "Notification.Clan.TagColorDisabled": "<color=#ffd479>Yksilölliset tunnistevärit ovat pois käytöstä tässä palvelimessa</color>",
  "Notification.Clan.TagColorBlocked": "<color=#ffd479>Väri <color=#{0}>{0}</color> on estetty käytöstä klaaneissa.",
  "Notification.Clan.TagColorOutOfRange": "<color=#ffd479>Väri <color=#{0}>{0}</color> on sallitun värialueen ulkopuolella. Sinun on valittava väri väliltä <color=#{1}>{1}</color> ja <color=#{2}>{2}</color></color>",
  "Notification.Disband.NotOwner": "Sinun on oltava klaanin omistaja käyttääksesi tätä komentoa",
  "Notification.Disband.Success": "Olet hajottanut klaanin <color=#aaff55>[{0}]</color>",
  "Notification.Disband.Message": "Klaani on hajotettu",
  "Notification.Disband.NoPermission": "Sinulla ei ole oikeutta hajottaa tätä klaania",
  "Notification.Generic.ClanFull": "Klaani on jo täynnä",
  "Notification.Generic.NoClan": "Et ole klaanin jäsen",
  "Notification.Generic.InvalidClan": "Klaania <color=#aaff55>[{0}]</color> ei ole olemassa!",
  "Notification.Generic.NoPermissions": "Sinulla ei ole riittäviä oikeuksia käyttää tätä komentoa",
  "Notification.Generic.SpecifyClanTag": "Anna klaanin tunniste",
  "Notification.Generic.UnableToFindPlayer": "Pelaajaa nimellä tai ID:llä {0} ei löydy",
  "Notification.Generic.CommandSelf": "Et voi käyttää tätä komentoa itseesi",
  "Chat.IsMuted": "Sinut on tällä hetkellä vaiennettu",
  "Chat.Alliance.Prefix": "<color=#a1ff46>[LIITTOLAISCHAT]</color>: {0}",
  "Chat.Clan.Prefix": "<color=#a1ff46>[KLAANICHAT]</color>: {0}",
  "Chat.Alliance.Format": "[{0}] <color={1}>{2}</color>: {3}",
  "Admin.BroadcastToClan": "<color=#ff3333>[ADMIN]</color>: {0}",
  "Admin.Rename": "Ylläpitäjä muutti klaanitunnisteesi <color=#aaff55>[{0}]</color>",
  "Admin.Disband": "Ylläpitäjä on hajottanut klaanisi",
  "Admin.Invite": "Ylläpitäjä on kutsunut {0} klaaniisi",
  "Admin.Join": "Ylläpitäjä on pakottanut sinut liittymään klaaniin <color=#aaff55>[{0}]</color>",
  "Admin.Kick": "Ylläpitäjä on erottanut sinut klaanista <color=#aaff55>[{0}]</color>",
  "Admin.SetOwner": "Ylläpitäjä on nimittänyt {0} klaanin johtajaksi",
  "Admin.Promote": "Ylläpitäjä on ylentänyt {0} tasolle {1}",
  "Admin.Demote": "Ylläpitäjä on alentanut {0} tasolle {1}"
}