{
  "CommandUsageExtLoad": "Käyttö: oxide.ext.load <extname>+",
  "CommandUsageExtUnload": "Käyttö: oxide.ext.unload <extname>+",
  "CommandUsageExtReload": "Käyttö: oxide.ext.reload <extname>+",
  "CommandUsageGrant": "Käyttö: oxide.grant <group|user> <name|id> <permission>",
  "CommandUsageGroup": "Käyttö: oxide.group <add|set> <name> [title] [rank]",
  "CommandUsageGroupParent": "Käyttö: oxide.group <parent> <name> <parentName>",
  "CommandUsageGroupRemove": "Käyttö: oxide.group <remove> <name>",
  "CommandUsageLang": "Käyttö: oxide.lang <kaksikirjaiminen kielikoodi>",
  "CommandUsageLoad": "Käyttö: oxide.load *|<pluginname>+",
  "CommandUsageReload": "Käyttö: oxide.reload *|<pluginname>+",
  "CommandUsageRevoke": "Käyttö: oxide.revoke <group|user> <name|id> <permission>",
  "CommandUsageShow": "Käyttö: oxide.show <groups|perms>",
  "CommandUsageShowName": "Käyttö: oxide.show <group|user> <name>",
  "CommandUsageUnload": "Käyttö: oxide.unload *|<pluginname>+",
  "CommandUsageUserGroup": "Käyttö: oxide.usergroup <add|remove> <username> <groupname>",
  "ConnectionRejected": "Yhteys hylättiin",
  "DataSaved": "Oxide-tietoja tallennetaan...",
  "GroupAlreadyExists": "Ryhmä '{0}' on jo olemassa",
  "GroupAlreadyHasPermission": "Ryhmä '{0}' on jo saanut luvan '{1}'",
  "GroupDoesNotHavePermission": "Ryhmä '{0}' ei ole saanut lupaa '{1}'",
  "GroupChanged": "Ryhmä '{0}' muutettu",
  "GroupCreated": "Ryhmä '{0}' luotu",
  "GroupDeleted": "Ryhmä '{0}' poistettu",
  "GroupNotFound": "Ryhmä '{0}' ei ole olemassa",
  "GroupParentChanged": "Ryhmä '{0}' vanhempi muutettu '{1}'",
  "GroupParentNotChanged": "Ryhmä '{0}' vanhempi ei muuttunut",
  "GroupParentNotFound": "Ryhmävanhempi '{0}' ei ole olemassa",
  "GroupPermissionGranted": "Ryhmälle '{0}' myönnettiin lupa '{1}'",
  "GroupPermissionRevoked": "Ryhmältä '{0}' peruttu lupa '{1}'",
  "GroupPermissions": "Ryhmä '{0}' luvat",
  "GroupPlayers": "Ryhmän '{0}' pelaajat",
  "Groups": "Ryhmät",
  "InvalidLanguageName": "Virheellinen kielinimi: '{0}'",
  "NoGroupPermissions": "Ei tällä hetkellä myönnettyjä lupia",
  "NoPermissionGroups": "Ei ryhmiä tällä luvalla",
  "NoPermissionPlayers": "Ei pelaajia tällä luvalla",
  "NoPluginsFound": "Ei laajennuksia tällä hetkellä saatavilla",
  "NoPlayerGroups": "Pelaaja ei kuulu mihinkään ryhmään",
  "NoPlayerPermissions": "Ei tällä hetkellä myönnettyjä lupia",
  "NoPlayersInGroup": "Ei pelaajia tällä hetkellä ryhmässä",
  "NotAllowed": "Sinulla ei ole lupaa käyttää komentoa '{0}'",
  "ParentGroupPermissions": "Vanhemman ryhmän '{0}' luvat",
  "PermissionGroups": "Lupa '{0}' Ryhmät",
  "PermissionPlayers": "Lupa '{0}' Pelaajat",
  "PermissionNotFound": "Lupa '{0}' ei ole olemassa",
  "Permissions": "Luvat",
  "PermissionsNotLoaded": "Lupatiedostoja ei voida ladata! Luvat eivät toimi ennen kuin ongelma ratkaistaan.\n => {0}",
  "PlayerLanguage": "Pelaajan kieli asetettu {0}",
  "PluginNotLoaded": "Laajennus '{0}' ei ladattu.",
  "PluginReloaded": "Laajennus {0} v{1} by {2} ladattu uudelleen",
  "PluginUnloaded": "Laajennus {0} v{1} by {2} poistettu",
  "ServerLanguage": "Palvelimen kieli asetettu {0}",
  "Unknown": "Tuntematon",
  "UnknownCommand": "Tuntematon komento: {0}",
  "PlayerAddedToGroup": "Pelaaja '{0}' lisätty ryhmään: {1}",
  "PlayerAlreadyHasPermission": "Pelaajalla '{0}' on jo lupa '{1}'",
  "PlayerDoesNotHavePermission": "Pelaajalla '{0}' ei ole lupaa '{1}'",
  "PlayerNotFound": "Pelaajaa '{0}' ei löydy",
  "PlayerGroups": "Pelaajan '{0}' ryhmät",
  "PlayerPermissions": "Pelaajan '{0}' luvat",
  "PlayerPermissionGranted": "Pelaajalle '{0}' myönnettiin lupa '{1}'",
  "PlayerPermissionRevoked": "Pelaajalta '{0}' peruttu lupa '{1}'",
  "PlayerRemovedFromGroup": "Pelaaja '{0}' poistettu ryhmästä '{1}'",
  "PlayersFound": "Useita pelaajia löytyi, tarkenna: {0}",
  "Version": "Palvelin käyttää [#ffb658]Oxide {0}[/#] ja [#ee715c]{1} {2} ({3})[/#]",
  "YouAreNotAdmin": "Et ole admin"
}