{
  "WebErrorOccurred": "Kuvan lataus epäonnistui! Virhe {0}.",
  "FileTooLarge": "Tiedosto ylittää maksimikoon {0}Mt.",
  "ErrorOccurred": "Tuntematon virhe on tapahtunut, jos tämä virhe jatkuu, ilmoita pelipalvelimen ylläpitäjälle.",
  "RestoreErrorOccurred": "Kylttiä ei voi palauttaa, koska sillä ei ole tekstuuria.",
  "DownloadQueued": "Kuvasi lisättiin latausjonoon!",
  "RestoreQueued": "Kylttisi lisättiin palautusjonoon!",
  "RestoreBatchQueued": "Kaikki {0} kylttiäsi lisättiin palautusjonoon!",
  "ImageLoaded": "Kuva ladattiin onnistuneesti kylttiin!",
  "ImageRestored": "Kuva palautettiin onnistuneesti kyltille!",
  "LogEntry": "Pelaaja `{0}` (SteamId: {1}) latasi {2} kohteeseen {3} lähteestä {4}",
  "NoSignFound": "Kylttiä ei löytynyt! Varmista, että katsot sitä eikä se ole liian kaukana.",
  "Cooldown": "Et voi käyttää komentoa vielä! Odotusaika jäljellä: {0}.",
  "SignNotOwned": "Et voi muuttaa tätä kylttiä, koska se on suojattu TC:llä.",
  "NoItemHeld": "Et pidä esinettä kädessäsi.",
  "ActionQueuedAlready": "Toiminto on jo jonossa tälle kyltille, odota toiminnon valmistumista.",
  "SyntaxSilCommand": "Syntaksivirhe!\nSyntaksi: /sil <url> [raw]",
  "SyntaxSilCommandMulti": "Syntaksivirhe!\nSyntaksi: /sil <1-{0}> <url> [raw]",
  "SyntaxSiltCommand": "Syntaksivirhe!\nSyntaksi: /silt <viesti> [<kirjasinkoko:number>] [<väri:hex arvo>] [<taustaväri:hex arvo>] [raw]",
  "SyntaxSiltCommandMulti": "Syntaksivirhe!\nSyntaksi: /silt <1-{0}> <viesti> [<kirjasinkoko:number>] [<väri:hex arvo>] [<taustaväri:hex arvo>] [raw]",
  "SyntaxSiliCommandMulti": "Syntaksivirhe!\nSyntaksi: /sili <1-{0}>",
  "NoPermission": "Sinulla ei ole lupaa käyttää tätä komentoa.",
  "NoPermissionFile": "Sinulla ei ole lupaa käyttää palvelimen tiedostojärjestelmän kuvia.",
  "NoPermissionRaw": "Sinulla ei ole lupaa käyttää raakoja kuvia, ladataan normaalisti sen sijaan.",
  "NoPermissionRestoreAll": "Sinulla ei ole lupaa palauttaa kaikkia kylttejä kerralla.",
  "day": "päivä",
  "days": "päivää",
  "hour": "tunti",
  "hours": "tuntia",
  "minute": "minuutti",
  "minutes": "minuuttia",
  "second": "sekunti",
  "seconds": "sekuntia",
  "and": "ja"
}