{
    "NoPermToUse": "Sinulla ei ole oikeuksia tehdä tätä",
    "NoILError": "Laajennus ei toimi kunnolla, ota yhteyttä ylläpitäjään!",
    "UI.Plugin.Title": "PARHAAT PISTEET",
    "UI.Leaderboard.Awards.Title": "Parhaat palkinnot",
    "UI.Leaderboard.Awards.Place": "{0}. sija",
    "UI.Search.Players.Title": "ETSI PELAAJAA NIMELLÄ TAI STEAMID:LLÄ",
    "UI.Search.Input.Placeholder": "KIRJOITA NIMI TAI STEAMID",
    "UI.Players.List.Title": "PALVELIMELLA OLEVAT PELAAJAT",
    "UI.Players.NoPlayers": "Ei saatavilla olevia pelaajia :(",
    "UI.HitRate.Title": "OSUMAPROSENTTI",
    "UI.HitRate.Description": "Tässä näet, kuinka monta osumaa eri kehonosiin on kohdistettu.",
    "UI.Building.Title": "RAKENNUS",
    "UI.Building.Description": "Tässä näet rakennustilastot.",
    "UI.Stat.Value.Total": "Yhteensä: {0}",
    "UI.Stat.Value.Today": "Tänään: {0}",
    "UI.Stat.Value.KD": "Tapot: {0} / Kuolemat: {1}",
    "UI.Stat.Value.None": "Ei mitään",
    "UI.Stat.Value.Unknown": "Tuntematon",
    "UI.Time.Years": "{0}y",
    "UI.Time.Months": "{0}m",
    "UI.Time.Days": "{0}d",
    "UI.Time.Hours": "{0}h",
    "UI.Time.Minutes": "{0}m",
    "UI.Time.Seconds": "{0}s",
    "MSG.Profile.Already.Loading": "Tämä profiili latautuu jo, ole hyvä ja odota.",
    "MSG.Profile.Wait.Before.Another": "Odota hetki ennen kuin avaat uuden profiilin.",
    "UI.Leaderboard.Loading": "Ladataan...",
    "Msg.Player.NotFound": "Pelaajan tilastoja ei löydy",
    "Msg.Invalid.SteamID": "Virheellinen Steam ID -muoto",
    "Msg.Hide.Self.Hidden": "Olet nyt piilotettu pistelistalla",
    "Msg.Hide.Self.Visible": "Olet nyt näkyvissä pistelistalla",
    "UI.Category.MY STATISTICS": "OMAT TILASTOT",
    "UI.Category.TOP 10 PLAYERS": "TOP 10 PELAAJAA",
    "UI.Category.SEARCH": "HAKU",
    "UI.Awards.TOP scorers": "PARHAAT pistetekijät",
    "UI.Awards.Place.Frontiersman Pack": "uudisraivaaja paketti",
    "UI.Awards.Place.Lumberjack Pack": "Puunhakkaaja paketti",
    "UI.Awards.Place.Artic Pack": "Arktinen paketti",
    "UI.Awards.Place.Abyss Pack": "Syvänteen paketti",
    "UI.Awards.Place.Retro Tool Cupboard": "Retro työkalukaappi",
    "UI.Awards.TOP killers": "PARHAAT tappajat",
    "UI.Awards.TOP time played": "PARAS peliaika",
    "UI.Tabs.GENERAL": "YLEINEN",
    "UI.Field.Profile": "Profiili",
    "UI.Field.name": "nimi",
    "UI.Field.K/D": "T/K",
    "UI.Field.kd": "tk",
    "UI.Field.Time": "Aika",
    "UI.Field.current_playtime": "nykyinen_peliaika",
    "UI.Field.Longest Kill Distance": "Pisin tappoetäisyys",
    "UI.Field.longest_kill_distance": "pisin_tappoetäisyys",
    "UI.Field.Total Resources Gathered": "Kerättyjen resurssien määrä",
    "UI.Field.total_resources": "kaikki_resurssit",
    "UI.Field.Favorite Resource": "Suosikki resurssi",
    "UI.Field.favorite_resource": "suosikki_resurssi",
    "UI.Field.Total Items Crafted": "Valmistettujen tuotteiden määrä",
    "UI.Field.total_items_crafted": "valmistetut_tuotteet",
    "UI.Field.Structures Built": "Rakennetut rakenteet",
    "UI.Field.structures_built": "rakennetut_rakenteet",
    "UI.Field.Upgrades Performed": "Suoritetut päivitykset",
    "UI.Field.upgrades_performed": "päivitykset_suoritettu",
    "UI.Field.Favorite Building Material": "Suosikki rakennusmateriaali",
    "UI.Field.favorite_building_material": "suosikki_rakennusmateriaali",
    "UI.Field.Events Won": "Voitetut tapahtumat",
    "UI.Field.events_won": "voitetut_tapahtumat",
    "UI.Field.Favorite Event": "Suosikki tapahtuma",
    "UI.Field.favorite_event": "suosikki_tapahtuma",
    "UI.Column.EVENTS": "TAPAHTUMAT",
    "UI.Field.Convoy": "Saattue",
    "UI.Field.Sputnik": "Sputnik",
    "UI.Field.Caravan": "Karavaani",
    "UI.Field.GasStation": "Bensa-asema",
    "UI.Field.GasStationEvent": "Bensa-asema tapahtuma",
    "UI.Field.Air": "Ilma",
    "UI.Field.AirEvent": "Ilmatapahtuma",
    "UI.Field.SatDish": "Satelliitti",
    "UI.Field.SatDishEvent": "Satelliittitapahtuma",
    "UI.Field.Triangulation": "Triangulaatio",
    "UI.Field.Water": "Vesi",
    "UI.Field.WaterEvent": "Vesitapahtuma",
    "UI.Field.Harbor": "Satama",
    "UI.Field.HarborEvent": "Satamatapahtuma",
    "UI.Field.ArcticBase": "Arktinen tukikohta",
    "UI.Field.ArcticBaseEvent": "Arktinen tukikohta tapahtuma",
    "UI.Field.Junkyard": "Romuttamo",
    "UI.Field.JunkyardEvent": "Romuttamo tapahtuma",
    "UI.Field.Supermarket": "Supermarketti",
    "UI.Field.SupermarketEvent": "Supermarkettitapahtuma",
    "UI.Field.PowerPlant": "Voimalaitos",
    "UI.Field.PowerPlantEvent": "Voimalaitostapahtuma",
    "UI.Field.Paintball Team": "Paintball joukkue",
    "UI.Field.PaintballTeam": "PaintballTeam",
    "UI.Field.Paintball FFA": "Paintball kaikki kaikkia vastaan",
    "UI.Field.PaintballFFA": "PaintballFFA",
    "UI.Field.Survival Arena": "Selviytymiskenttä",
    "UI.Field.SurvivalArena": "SurvivalArena",
    "UI.Field.Gun Game": "Ase Peli",
    "UI.Field.GunGame": "GunGame",
    "UI.Field.Zombie Infection": "Zombitartunta",
    "UI.Field.ZombieInfection": "ZombieInfection",
    "UI.Field.Tugboat Pirates": "Hinaajakalastajat",
    "UI.Field.TugboatPirates": "TugboatPirates",
    "UI.Tabs.RESOURCES": "RESURSSIT",
    "UI.Column.RESOURCES": "RESURSSIT",
    "UI.Field.Stone": "Kivi",
    "UI.Field.stones": "kivet",
    "UI.Field.Wood": "Puu",
    "UI.Field.wood": "puu",
    "UI.Field.Sulfur Ore": "Rikkimalmi",
    "UI.Field.sulfur.ore": "rikki.malmi",
    "UI.Field.Metal Ore": "Metallimalmi",
    "UI.Field.metal.ore": "metalli.malmi",
    "UI.Field.High Quality Metal Ore": "Laadukas metallimalmi",
    "UI.Field.hq.metal.ore": "laadukas.metalli.malmi",
    "UI.Field.Leather": "Nahka",
    "UI.Field.leather": "nahka",
    "UI.Field.Bone Fragments": "Luunsirpaleet",
    "UI.Field.bone.fragments": "luu.sirpaleet",
    "UI.Field.Animal Fat": "Eläinrasva",
    "UI.Field.fat.animal": "rasva.eläin",
    "UI.Field.Scrap": "Romu",
    "UI.Field.scrap": "romu",
    "UI.Column.FARMING": "VILJELY",
    "UI.Field.Hemp": "Hamppu",
    "UI.Field.hemp-collectable": "hamppu-kerättävä",
    "UI.Field.Blue Berry": "Sininen marja",
    "UI.Field.blue.berry": "sininen.marja",
    "UI.Field.Red Berry": "Punainen marja",
    "UI.Field.red.berry": "punainen.marja",
    "UI.Field.Yellow Berry": "Keltainen marja",
    "UI.Field.yellow.berry": "keltainen.marja",
    "UI.Field.Black Berry": "Musta marja",
    "UI.Field.black.berry": "musta.marja",
    "UI.Field.Green Berry": "Vihreä marja",
    "UI.Field.green.berry": "vihreä.marja",
    "UI.Field.White Berry": "Valkoinen marja",
    "UI.Field.white.berry": "valkoinen.marja",
    "UI.Field.Potato": "Peruna",
    "UI.Field.potato": "peruna",
    "UI.Field.Cloth": "Kangas",
    "UI.Field.cloth": "kangas",
    "UI.Field.Mushroom": "Sieni",
    "UI.Field.mushroom": "sieni",
    "UI.Field.Corn": "Maissi",
    "UI.Field.corn": "maissi",
    "UI.Field.Pumpkin": "Kurpitsa",
    "UI.Field.pumpkin": "kurpitsa",
    "UI.Field.Orchid": "Orkidea",
    "UI.Field.orchid": "orkidea",
    "UI.Field.Rose": "Ruusut",
    "UI.Field.rose": "ruusut",
    "UI.Field.Sunflower": "Auringonkukka",
    "UI.Field.sunflower": "auringonkukka",
    "UI.Field.Wheat": "Vehnä",
    "UI.Field.wheat": "vehnä",
    "UI.Column.MISC": "SEKALAISTA",
    "UI.Field.Bears": "Karhut",
    "UI.Field.bear": "karhu",
    "UI.Field.Polar Bears": "Jääkarhut",
    "UI.Field.polarbear": "jääkarhu",
    "UI.Field.Boars": "Villisiat",
    "UI.Field.boar": "villisika",
    "UI.Field.Chicken": "Kana",
    "UI.Field.chicken": "kana",
    "UI.Field.Stag": "Hirvi",
    "UI.Field.stag": "hirvi",
    "UI.Field.Wolf": "Susi",
    "UI.Field.wolf2": "susi",
    "UI.Field.Panther": "Pantteri",
    "UI.Field.panther": "pantteri",
    "UI.Field.Crocodile": "Krokotiili",
    "UI.Field.crocodile": "krokotiili",
    "UI.Field.Snake": "Käärme",
    "UI.Field.snake.entity": "käärme.entity",
    "UI.Field.Tiger": "Tiikeri",
    "UI.Field.tiger": "tiikeri",
    "UI.Field.Shark": "Hai",
    "UI.Field.simpleshark": "simpulahai",
    "UI.Field.Bradley": "Bradley",
    "UI.Field.bradleyapc": "bradleyapc",
    "UI.Field.Helicopter": "Helikopteri",
    "UI.Field.helicopter": "helikopteri",
    "UI.Field.Scientist": "Tieteilijä",
    "UI.Field.npc_underwaterdweller|scientistnpc_arena|scientistnpc_bradley|scientistnpc_bradley_heavy|scientistnpc_cargo|scientistnpc_cargo_turret_any|scientistnpc_cargo_turret_lr300|scientistnpc_ch47_gunner|scientistnpc_excavator|scientistnpc_full_any|scientistnpc_full_lr300|scientistnpc_full_mp5|scientistnpc_full_pistol|scientistnpc_full_shotgun|scientistnpc_junkpile_pistol|scientistnpc_oilrig|scientistnpc_patrol|scientistnpc_patrol_arctic|scientistnpc_peacekeeper|scientistnpc_roam|scientistnpc_roam_nvg_variant|scientistnpc_roamtethered": "npc_underwaterdweller|scientistnpc_arena|scientistnpc_bradley|scientistnpc_bradley_heavy|scientistnpc_cargo|scientistnpc_cargo_turret_any|scientistnpc_cargo_turret_lr300|scientistnpc_ch47_gunner|scientistnpc_excavator|scientistnpc_full_any|scientistnpc_full_lr300|scientistnpc_full_mp5|scientistnpc_full_pistol|scientistnpc_full_shotgun|scientistnpc_junkpile_pistol|scientistnpc_oilrig|scientistnpc_patrol|scientistnpc_patrol_arctic|scientistnpc_peacekeeper|scientistnpc_roam|scientistnpc_roam_nvg_variant|scientistnpc_roamtethered",
    "UI.Field.Heavy Scientist": "Raskaasti panssaroitu tieteilijä",
    "UI.Field.scientistnpc_heavy": "scientistnpc_heavy",
    "UI.Field.Tunnel Dweller": "Tunneli-asukki",
    "UI.Field.npc_tunneldweller|npc_tunneldwellerspawned": "npc_tunneldweller|npc_tunneldwellerspawned",
    "UI.Field.Underwater Lab Dweller": "Vedenalainen Labra-asukki",
    "UI.Field.npc_underwaterdweller": "npc_underwaterdweller",
    "UI.Column.RAID": "RAID",
    "UI.Field.Satchel": "Laukku (räjähtävä)",
    "UI.Field.explosive.satchel": "explosive.satchel",
    "UI.Field.Molotov": "Molotov",
    "UI.Field.grenade.molotov": "grenade.molotov",
    "UI.Field.Flashbang": "Valokranaatti",
    "UI.Field.grenade.flashbang": "grenade.flashbang",
    "UI.Field.Survey Charge": "Mittauslataus",
    "UI.Field.surveycharge": "surveycharge",
    "UI.Field.Grenade": "Kranaatti",
    "UI.Field.grenade.f1": "kranaatti.f1",
    "UI.Field.Beancan": "Papu tölkkipommi",
    "UI.Field.grenade.beancan": "kranaatti.beancan",
    "UI.Field.Rocket": "Raketit",
    "UI.Field.ammo.rocket.basic": "ammo.raketti.perus",
    "UI.Field.Incendiary Rocket": "Paloraketti",
    "UI.Field.ammo.rocket.fire": "ammo.raketti.tuli",
    "UI.Field.Rocket HV": "Korkeanopeusraketti",
    "UI.Field.ammo.rocket.hv": "ammo.raketti.hv",
    "UI.Field.Explosive 5.56 Rifle Ammo": "Räjähtävät 5.56 kivääriluodit",
    "UI.Field.ammo.rifle.explosive": "ammo.kivääriluoti.räjähtävä",
    "UI.Field.GL HE": "GL HE",
    "UI.Field.ammo.grenadelauncher.he": "ammo.kranaatinheitin.he",
    "UI.Field.C4": "C4",
    "UI.Field.explosive.timed": "räjähtävä.ajastettu",
    "UI.Field.MLRS Rocket": "MLRS raketti",
    "UI.Field.ammo.rocket.mlrs": "ammo.raketti.mlrs",
    "UI.Column.RECYCLED": "KIERRÄTETTY",
    "UI.Field.Propane Tanks": "Nestekaasutankit",
    "UI.Field.propanetank": "propanetank",
    "UI.Field.Gears": "Hammasrattaat",
    "UI.Field.gears": "hammasrattaat",
    "UI.Field.Metal Pipe": "Metalliputki",
    "UI.Field.metalpipe": "metalliputki",
    "UI.Field.Rifle Body": "Kiväärin runko",
    "UI.Field.riflebody": "kiväärinrunko",
    "UI.Field.Semi Body": "Puoliautomaattinen runko",
    "UI.Field.semibody": "puoliautomaattinenrunko",
    "UI.Field.Metal Springs": "Metallijousi",
    "UI.Field.metalspring": "metallijousi",
    "UI.Field.Road Signs": "Tienviitat",
    "UI.Field.roadsigns": "tienviitat",
    "UI.Field.Sewing Kits": "Ompelemiskitit",
    "UI.Field.sewingkit": "ompelemiskitti",
    "UI.Field.Tarp": "Peite",
    "UI.Field.tarp": "peite",
    "UI.Field.Rope": "Köysi",
    "UI.Field.rope": "köysi",
    "UI.Field.Sheet Metal": "Peltilevy",
    "UI.Field.sheetmetal": "peltilevy",
    "UI.Field.Fuse": "Sulake",
    "UI.Field.fuse": "sulake",
    "UI.Field.Metal Blade": "Metalliterä",
    "UI.Field.metalblade": "metalliterä",
    "UI.Field.SMG Body": "SMG:n runko",
    "UI.Field.smgbody": "smgrunko",
    "UI.Field.Tech Parts": "Tekniikkaosat",
    "UI.Field.techparts": "tekniikkaosat",
    "UI.Field.Targeting Computer": "Kohdistustietokone",
    "UI.Field.targeting.computer": "kohdistustietokone",
    "UI.Field.CCTV Camera": "Valvontakamera",
    "UI.Field.cctv.camera": "valvontakamera",
    "UI.Column.FIRED": "AMMUTTU",
    "UI.Field.Pistol": "Pistooli",
    "UI.Field.ammo.pistol": "ammo.pistooli",
    "UI.Field.Pistol Incendiary": "Pistooli (tulipalo)",
    "UI.Field.ammo.pistol.fire": "ammo.pistooli.tuli",
    "UI.Field.Pistol HV": "Pistooli (suurempi nopeus)",
    "UI.Field.ammo.pistol.hv": "ammo.pistooli.hv",
    "UI.Field.Nailguns": "Naulapyssyt",
    "UI.Field.ammo.nailgun.nails": "ammo.naulapyssy.naulat",
    "UI.Field.Rifle": "Kivääri",
    "UI.Field.ammo.rifle": "ammo.kivääri",
    "UI.Field.Rifle HV": "Kivääri (suurempi nopeus)",
    "UI.Field.ammo.rifle.hv": "ammo.kivääri.hv",
    "UI.Field.Rifle Incendiary": "Kivääri (tulipalo)",
    "UI.Field.ammo.rifle.incendiary": "ammo.kivääri.tuli",
    "UI.Field.HandMades": "Käsin tehdyt",
    "UI.Field.ammo.handmade.shell": "ammo.käsin.tehty.kuori",
    "UI.Field.GL Buckshot": "GL haulikko",
    "UI.Field.ammo.grenadelauncher.buckshot": "ammo.kranaatinheitin.haulikko",
    "UI.Field.Shotgun Slug": "Haulikon ammus",
    "UI.Field.ammo.shotgun.slug": "ammo.haulikko.ammus",
    "UI.Field.Shotgun Fire": "Haulikko (tulipalo)",
    "UI.Field.ammo.shotgun.fire": "ammo.haulikko.tuli",
    "UI.Field.Shotgun": "Haulikko",
    "UI.Field.ammo.shotgun": "ammo.haulikko",
    "UI.Field.SnowBall": "Lumipallo",
    "UI.Field.snowball": "lumipallo",
    "UI.Field.Wooden Arrow": "Puutuulipyssy",
    "UI.Field.arrow.wooden": "nuoli.puinen",
    "UI.Field.Fire Arrow": "Tulinuolue",
    "UI.Field.arrow.fire": "nuoli.tuli",
    "UI.Field.Bone Arrow": "Luunuolue",
    "UI.Field.arrow.bone": "nuoli.luu",
    "UI.Field.High Velocity Arrow": "Korkeanopeusnuolue",
    "UI.Field.arrow.hv": "nuoli.hv",
    "UI.Column.FISHING": "KALASTUS",
    "UI.Field.Anchovy": "Anjovis",
    "UI.Field.fish.anchovy": "kala.anjovis",
    "UI.Field.Catfish": "Monni",
    "UI.Field.fish.catfish": "kala.monni",
    "UI.Field.Herring": "Silli",
    "UI.Field.fish.herring": "kala.silli",
    "UI.Field.Orange Roughy": "Oranssi durbantsi",
    "UI.Field.fish.orangeroughy": "kala.oranssidurbantsi",
    "UI.Field.Salmon": "Lohi",
    "UI.Field.fish.salmon": "kala.lohi",
    "UI.Field.Sardine": "Sardelli",
    "UI.Field.fish.sardine": "kala.sardelli",
    "UI.Field.Small Shark": "Pieni hai",
    "UI.Field.fish.smallshark": "kala.pienihai",
    "UI.Field.Small Trout": "Pieni taimen",
    "UI.Field.fish.troutsmall": "kala.pienitaimen",
    "UI.Field.Yellow Perch": "Keltainen ahven",
    "UI.Field.fish.yellowperch": "kala.keltainenahven",
    "UI.Field.Minnows": "Särki",
    "UI.Field.fish.minnows": "kala.särki",
    "UI.Column.CRAFTED": "VALMISTETTU",
    "UI.Field.Garage Door": "Autotallin ovi",
    "UI.Field.wall.frame.garagedoor": "seinä.ovi.autotalli",
    "UI.Field.Sheet Metal Double Door": "Kaksinkertainen peltilevy ovi",
    "UI.Field.door.double.hinged.metal": "ovi.kaksinkertainen.saranat.metalli",
    "UI.Field.Armored Double Door": "Panssari kaksoisovi",
    "UI.Field.door.double.hinged.toptier": "ovi.kaksinkertainen.saranat.ylin",
    "UI.Field.Wood Double Door": "Puinen kaksoisovi",
    "UI.Field.door.double.hinged.wood": "ovi.kaksinkertainen.saranat.puinen",
    "UI.Field.Sheet Metal Door": "Peltilevy ovi",
    "UI.Field.door.hinged.metal": "ovi.sarnaat.metalli",
    "UI.Field.Armored Door": "Panssariovi",
    "UI.Field.door.hinged.toptier": "ovi.sarana.ylin",
    "UI.Field.Wood Door": "Puinen ovi",
    "UI.Field.door.hinged.wood": "ovi.sarana.puinen",
    "UI.Field.Large Wood Box": "Iso puulaatikko",
    "UI.Field.box.wooden.large": "laatikko.puinen.iso",
    "UI.Field.Wood Storage Box": "Puinen säilytyslaatikko",
    "UI.Field.box.wooden": "laatikko.puinen",
    "UI.Field.Flame Turret": "Liekki torni",
    "UI.Field.flameturret": "liekki torni",
    "UI.Field.Shotgun Trap": "Haulikko ansa",
    "UI.Field.guntrap": "puun ja ansa",
    "UI.Field.Auto Turret": "Automaattinen torni",
    "UI.Field.autoturret": "automaattitorni",
    "UI.Field.Code Lock": "Koodilukko",
    "UI.Field.lock.code": "lukko.koodi",
    "UI.Field.Key Lock": "Avaimen lukko",
    "UI.Field.lock.key": "lukko.avain",
    "UI.Field.Wooden Ladder": "Puinen tikapuut",
    "UI.Field.ladder.wooden.wall": "tikapuut.puinen.seinä",
    "UI.Field.Medical Syringe": "Lääkesuihke",
    "UI.Field.syringe.medical": "suihke.lääke",
    "UI.Field.Bandage": "Sidos",
    "UI.Field.bandage": "sidos",
    "UI.Field.Large Medkit": "Iso ensiapulaukku",
    "UI.Field.largemedkit": "isoensiapulaukku",
    "UI.Field.Rocket Launcher": "Rakettikohdistaja",
    "UI.Field.rocket.launcher": "rakettikohdistaja",
    "UI.Field.HV Rocket": "Korkeanopeusraketti",
    "UI.Field.Explosives": "Räjähteet",
    "UI.Field.explosives": "räjähteet",
    "UI.Field.Gun Powder": "Ruuti",
    "UI.Field.gunpowder": "ruuti",
    "UI.Field.Low Grade Fuel": "Heikkolaatuinen polttoaine",
    "UI.Field.lowgradefuel": "heikkolaatuinenpolttoaine",
    "UI.Column.LOOTED": "RYÖSTETTY",
    "UI.Field.Normal Crate": "Normaali laatikko",
    "UI.Field.crate_normal_2": "laatikko.normaali_2",
    "UI.Field.Basic Crate": "Perus laatikko",
    "UI.Field.crate_basic": "laatikko.perus",
    "UI.Field.Elite Crate": "Eliittilaatikko",
    "UI.Field.crate_elite": "laatikkko.eliitti",
    "UI.Field.Military Crate": "Sotilas laatikko",
    "UI.Field.crate_normal": "laatikko.normaali",
    "UI.Field.Tools Crate": "Työkalulaatikko",
    "UI.Field.crate_tools": "työkalulaatikko",
    "UI.Field.Supply Drop": "Tavarantoimitus",
    "UI.Field.supply_drop": "tavarantoimitus",
    "UI.Field.Locked Crate": "Lukittu laatikko",
    "UI.Field.codelockedhackablecrate|codelockedhackablecrate_oilrig": "lukittuhakattavalatikko|lukittuhakattavalatikko_öljylautta",
    "UI.Tabs.BUILDING": "RAKENNUS",
    "UI.Tabs.HITRATE": "OSUMA-%",
    "UI.Field.Head kills": "Yläosan tappoja",
    "UI.Field.HEAD": "PÄÄ",
    "UI.Leaderboard.Column.Nickname": "Lempinimi",
    "UI.Leaderboard.Column.Kills": "Tapot",
    "UI.Leaderboard.Column.Deaths": "Kuolemat",
    "UI.Leaderboard.Column.KDR": "T/K suhde",
    "UI.Leaderboard.Column.NPC Kills": "NPC Tappoja",
    "UI.Leaderboard.Column.Total online": "Yhteensä online",
    "UI.Leaderboard.Column.Scores": "Pisteet",
    "UI.BodyParts.HEAD": "PÄÄ",
    "UI.BodyParts.ARM": "KÄSI",
    "UI.BodyParts.CHEST": "RINTAKEHÄ",
    "UI.BodyParts.HIP": "LONKKA",
    "UI.BodyParts.BODY": "VARTALO",
    "UI.BodyParts.NECK": "NISKA",
    "UI.Building.wall.frame_twigs": "SEINÄ.KEHYS- RISUT",
    "UI.Grade.twigs": "RISUT",
    "UI.Building.wall.frame_wood": "SEINÄ.KEHYS- PUU",
    "UI.Grade.wood": "PUU",
    "UI.Building.wall.frame_stone": "SEINÄ.KEHYS- KIVI",
    "UI.Grade.stone": "KIVI",
    "UI.Building.wall.frame_metal": "SEINÄ.KEHYS- METALLI",
    "UI.Grade.metal": "METALLI",
    "UI.Building.wall.frame_toptier": "SEINÄ.KEHYS- YLIN TASO",
    "UI.Grade.toptier": "YLIN TIER",
    "UI.Building.wall.frame_count": "SEINÄ.KEHYS- MÄÄRÄ",
    "UI.Grade.count": "MÄÄRÄ",
    "UI.Building.wall.frame_none": "SEINÄ.KEHYS- EI OLE",
    "UI.Grade.none": "EI OLE",
    "UI.Building.block.stair.ushape_twigs": "BLOKKI.PORRAS.U-MUOTO- RISUT",
    "UI.Building.block.stair.ushape_wood": "BLOKKI.PORRAS.U-MUOTO- PUU",
    "UI.Building.block.stair.ushape_stone": "BLOKKI.PORRAS.U-MUOTO- KIVI",
    "UI.Building.block.stair.ushape_metal": "BLOKKI.PORRAS.U-MUOTO- METALLI",
    "UI.Building.block.stair.ushape_toptier": "BLOKKI.PORRAS.U-MUOTO- YLIN TASO",
    "UI.Building.block.stair.ushape_count": "BLOKKI.PORRAS.U-MUOTO- MÄÄRÄ",
    "UI.Building.block.stair.ushape_none": "BLOKKI.PORRAS.U-MUOTO- EI OLE",
    "UI.Building.roof_twigs": "KATTO- RISUT",
    "UI.Building.roof_wood": "KATTO- PUU",
    "UI.Building.roof_stone": "KATTO- KIVI",
    "UI.Building.roof_metal": "KATTO- METALLI",
    "UI.Building.roof_toptier": "KATTO- YLIN TASO",
    "UI.Building.roof_count": "KATTO- MÄÄRÄ",
    "UI.Building.roof_none": "KATTO- EI OLE",
    "UI.Building.wall.window_twigs": "SEINÄ.IKKUNA- RISUT",
    "UI.Building.wall.window_wood": "SEINÄ.IKKUNA- PUU",
    "UI.Building.wall.window_stone": "SEINÄ.IKKUNA- KIVI",
    "UI.Building.wall.window_metal": "SEINÄ.IKKUNA- METALLI",
    "UI.Building.wall.window_toptier": "SEINÄ.IKKUNA- YLIN TASO",
    "UI.Building.wall.window_count": "SEINÄ.IKKUNA- MÄÄRÄ",
    "UI.Building.wall.window_none": "SEINÄ.IKKUNA- EI OLE",
    "UI.Building.floor.triangle.frame_twigs": "LATTI.AKOLMIO.KEHYS- RISUT",
    "UI.Building.floor.triangle.frame_wood": "LATTI.AKOLMIO.KEHYS- PUU",
    "UI.Building.floor.triangle.frame_stone": "LATTI.AKOLMIO.KEHYS- KIVI",
    "UI.Building.floor.triangle.frame_metal": "LATTI.AKOLMIO.KEHYS- METALLI",
    "UI.Building.floor.triangle.frame_toptier": "LATTI.AKOLMIO.KEHYS- YLIN TASO",
    "UI.Building.floor.triangle.frame_count": "LATTI.AKOLMIO.KEHYS- MÄÄRÄ",
    "UI.Building.floor.triangle.frame_none": "LATTI.AKOLMIO.KEHYS- EI OLE",
    "UI.Building.wall.low_twigs": "SEINÄ.MATALA- RISUT",
    "UI.Building.wall.low_wood": "SEINÄ.MATALA- PUU",
    "UI.Building.wall.low_stone": "SEINÄ.MATALA- KIVI",
    "UI.Building.wall.low_metal": "SEINÄ.MATALA- METALLI",
    "UI.Building.wall.low_toptier": "SEINÄ.MATALA- YLIN TASO",
    "UI.Building.wall.low_count": "SEINÄ.MATALA- MÄÄRÄ",
    "UI.Building.wall.low_none": "SEINÄ.MATALA- EI OLE",
    "UI.Building.wall.half_twigs": "SEINÄ.PUOLI- RISUT",
    "UI.Building.wall.half_wood": "SEINÄ.PUOLI- PUU",
    "UI.Building.wall.half_stone": "SEINÄ.PUOLI- KIVI",
    "UI.Building.wall.half_metal": "SEINÄ.PUOLI- METALLI",
    "UI.Building.wall.half_toptier": "SEINÄ.PUOLI- YLIN TASO",
    "UI.Building.wall.half_count": "SEINÄ.PUOLI- MÄÄRÄ",
    "UI.Building.wall.half_none": "SEINÄ.PUOLI- EI OLE",
    "UI.Building.roof.triangle_twigs": "KATTO.KOLMIO- RISUT",
    "UI.Building.roof.triangle_wood": "KATTO.KOLMIO- PUU",
    "UI.Building.roof.triangle_stone": "KATTO.KOLMIO- KIVI",
    "UI.Building.roof.triangle_metal": "KATTO.KOLMIO- METALLI",
    "UI.Building.roof.triangle_toptier": "KATTO.KOLMIO- YLIN TASO",
    "UI.Building.roof.triangle_count": "KATTO.KOLMIO- MÄÄRÄ",
    "UI.Building.roof.triangle_none": "KATTO.KOLMIO- EI OLE",
    "UI.Building.foundation.steps_twigs": "PERUSTA.ASTIN- RISUT",
    "UI.Building.foundation.steps_wood": "PERUSTA.ASTIN- PUU",
    "UI.Building.foundation.steps_stone": "PERUSTA.ASTIN- KIVI",
    "UI.Building.foundation.steps_metal": "PERUSTA.ASTIN- METALLI",
    "UI.Building.foundation.steps_toptier": "PERUSTA.ASTIN- YLIN TASO",
    "UI.Building.foundation.steps_count": "PERUSTA.ASTIN- MÄÄRÄ",
    "UI.Building.foundation.steps_none": "PERUSTA.ASTIN- EI OLE",
    "UI.Building.floor_twigs": "LATTI- RISUT",
    "UI.Building.floor_wood": "LATTI- PUU",
    "UI.Building.floor_stone": "LATTI- KIVI",
    "UI.Building.floor_metal": "LATTI- METALLI",
    "UI.Building.floor_toptier": "LATTI- YLIN TASO",
    "UI.Building.floor_count": "LATTI- MÄÄRÄ",
    "UI.Building.floor_none": "LATTI- EI OLE",
    "UI.Building.ramp_twigs": "RAMPI- RISUT",
    "UI.Building.ramp_wood": "RAMPI- PUU",
    "UI.Building.ramp_stone": "RAMPI- KIVI",
    "UI.Building.ramp_metal": "RAMPI- METALLI",
    "UI.Building.ramp_toptier": "RAMPI- YLIN TASO",
    "UI.Building.ramp_count": "RAMPI- MÄÄRÄ",
    "UI.Building.ramp_none": "RAMPI- EI OLE",
    "UI.Building.wall_twigs": "SEINÄ- RISUT",
    "UI.Building.wall_wood": "SEINÄ- PUU",
    "UI.Building.wall_stone": "SEINÄ- KIVI",
    "UI.Building.wall_metal": "SEINÄ- METALLI",
    "UI.Building.wall_toptier": "SEINÄ- YLIN TASO",
    "UI.Building.wall_count": "SEINÄ- MÄÄRÄ",
    "UI.Building.wall_none": "SEINÄ- EI OLE",
    "UI.Building.wall.doorway_twigs": "SEINÄ.OVIAUKKO- RISUT",
    "UI.Building.wall.doorway_wood": "SEINÄ.OVIAUKKO- PUU",
    "UI.Building.wall.doorway_stone": "SEINÄ.OVIAUKKO- KIVI",
    "UI.Building.wall.doorway_metal": "SEINÄ.OVIAUKKO- METALLI",
    "UI.Building.wall.doorway_toptier": "SEINÄ.OVIAUKKO- YLIN TASO",
    "UI.Building.wall.doorway_count": "SEINÄ.OVIAUKKO- MÄÄRÄ",
    "UI.Building.wall.doorway_none": "SEINÄ.OVIAUKKO- EI OLE",
    "UI.Building.block.stair.lshape_twigs": "BLOKKI.PORRAS.L-MUOTO- RISUT",
    "UI.Building.block.stair.lshape_wood": "BLOKKI.PORRAS.L-MUOTO- PUU",
    "UI.Building.block.stair.lshape_stone": "BLOKKI.PORRAS.L-MUOTO- KIVI",
    "UI.Building.block.stair.lshape_metal": "BLOKKI.PORRAS.L-MUOTO- METALLI",
    "UI.Building.block.stair.lshape_toptier": "BLOKKI.PORRAS.L-MUOTO- YLIN TASO",
    "UI.Building.block.stair.lshape_count": "BLOKKI.PORRAS.L-MUOTO- MÄÄRÄ",
    "UI.Building.block.stair.lshape_none": "BLOKKI.PORRAS.L-MUOTO- EI OLE",
    "UI.Building.foundation.triangle_twigs": "PERUSTA.KOLMIO- RISUT",
    "UI.Building.foundation.triangle_wood": "PERUSTA.KOLMIO- PUU",
    "UI.Building.foundation.triangle_stone": "PERUSTA.KOLMIO- KIVI",
    "UI.Building.foundation.triangle_metal": "PERUSTA.KOLMIO- METALLI",
    "UI.Building.foundation.triangle_toptier": "PERUSTA.KOLMIO- YLIN TASO",
    "UI.Building.foundation.triangle_count": "PERUSTA.KOLMIO- MÄÄRÄ",
    "UI.Building.foundation.triangle_none": "PERUSTA.KOLMIO- EI OLE",
    "UI.Building.floor.triangle_twigs": "LATTI.KOLMIO- RISUT",
    "UI.Building.floor.triangle_wood": "LATTI.KOLMIO- PUU",
    "UI.Building.floor.triangle_stone": "LATTI.KOLMIO- KIVI",
    "UI.Building.floor.triangle_metal": "LATTI.KOLMIO- METALLI",
    "UI.Building.floor.triangle_toptier": "LATTI.KOLMIO- YLIN TASO",
    "UI.Building.floor.triangle_count": "LATTI.KOLMIO- MÄÄRÄ",
    "UI.Building.floor.triangle_none": "LATTI.KOLMIO- EI OLE",
    "UI.Building.floor.frame_twigs": "LATTI.KEHYS- RISUT",
    "UI.Building.floor.frame_wood": "LATTI.KEHYS- PUU",
    "UI.Building.floor.frame_stone": "LATTI.KEHYS- KIVI",
    "UI.Building.floor.frame_metal": "LATTI.KEHYS- METALLI",
    "UI.Building.floor.frame_toptier": "LATTI.KEHYS- YLIN TASO",
    "UI.Building.floor.frame_count": "LATTI.KEHYS- MÄÄRÄ",
    "UI.Building.floor.frame_none": "LATTI.KEHYS- EI OLE",
    "UI.Building.foundation_twigs": "PERUSTA- RISUT",
    "UI.Building.foundation_wood": "PERUSTA- PUU",
    "UI.Building.foundation_stone": "PERUSTA- KIVI",
    "UI.Building.foundation_metal": "PERUSTA- METALLI",
    "UI.Building.foundation_toptier": "PERUSTA- YLIN TASO",
    "UI.Building.foundation_count": "PERUSTA- MÄÄRÄ",
    "UI.Building.foundation_none": "PERUSTA- EI OLE",
    "UI.Building.block.stair.spiral_twigs": "BLOKKI.PORRAS.KIERRÄTYS- RISUT",
    "UI.Building.block.stair.spiral_wood": "BLOKKI.PORRAS.KIERRÄTYS- PUU",
    "UI.Building.block.stair.spiral_stone": "BLOKKI.PORRAS.KIERRÄTYS- KIVI",
    "UI.Building.block.stair.spiral_metal": "BLOKKI.PORRAS.KIERRÄTYS- METALLI",
    "UI.Building.block.stair.spiral_toptier": "BLOKKI.PORRAS.KIERRÄTYS- YLIN TASO",
    "UI.Building.block.stair.spiral_count": "BLOKKI.PORRAS.KIERRÄTYS- MÄÄRÄ",
    "UI.Building.block.stair.spiral_none": "BLOKKI.PORRAS.KIERRÄTYS- EI OLE",
    "UI.Building.block.stair.spiral.triangle_twigs": "BLOKKI.PORRAS.KIERRÄTYS.KOLMIO- RISUT",
    "UI.Building.block.stair.spiral.triangle_wood": "BLOKKI.PORRAS.KIERRÄTYS.KOLMIO- PUU",
    "UI.Building.block.stair.spiral.triangle_stone": "BLOKKI.PORRAS.KIERRÄTYS.KOLMIO- KIVI",
    "UI.Building.block.stair.spiral.triangle_metal": "BLOKKI.PORRAS.KIERRÄTYS.KOLMIO- METALLI",
    "UI.Building.block.stair.spiral.triangle_toptier": "BLOKKI.PORRAS.KIERRÄTYS.KOLMIO- YLIN TASO",
    "UI.Building.block.stair.spiral.triangle_count": "BLOKKI.PORRAS.KIERRÄTYS.KOLMIO- MÄÄRÄ",
    "UI.Building.block.stair.spiral.triangle_none": "BLOKKI.PORRAS.KIERRÄTYS.KOLMIO- EI OLE"
}
