{
    "Store": "<color=#838383>[</color><color=#f7432a>BestRust Servers</color><color=#838383>]</color> A boltunk nagyon könnyen használható, vásárolhatsz <color=#f5e942>VIP rangokat és kiteket</color> már <color=#f5e942>1€-tól</color>, és azonnal megkapod őket. \nFizethetsz <color=#ff7763>minden fizetési módszerrel</color>, akár <color=#f5e942>Rust skinekkel</color> és <color=#f5e942>cryptoval</color> is. Használd a <color=#f7432a>/kit</color> parancsot, és nézd meg a kiteket.\n\nA VIP előnyök tartalmazzák a <color=#ff7763>kiteket</color>, a <color=#ff7763>várólista átugrását</color>, a <color=#ff7763>Skinboxot</color>, <color=#ff7763>több életerővel, vízzel és étellel való kezdést</color> és <color=#ff7763>sok mást</color>, ezért feltétlen nézd meg a boltunkat!\n\nKöszönjük mindenkinek, aki támogatja a szervereinket és segít működésben tartani őket!\n\n<color=#ff5c45>https://store.bestrustservers.com/</color>",
    "Splits": "<color=#838383>[</color><color=#f7432a>BestRust Servers</color><color=#838383>]</color> Get <color=#f5e942>Multiple Very OP kit rewards</color> for depositing on splits.gg with the <color=#f5e942>BESTRUST code</color>. </color>Check <color=#ff5c45>/kit</color> for the rewards and make sure you use the <color=#f5e942>BESTRUST code</color> when you deposit on splits.gg",
    "PlaytimeRewards": "<color=#838383>[</color><color=#f7432a>BestRust Servers</color><color=#838383>]</color> Ingyenes <color=#7dda58>kiteket</color> és <color=#e1c05f>jutalmakat</color> szerezhetsz, ha elérsz bizonyos játékidőt a Bestrust szervereken.\n\nA játékidőt ellenőrzheted és még több infót olvashatsz a <color=#ff5c45>/playtime</color> paranccsal.",
    "Store2": "<color=#838383>[</color><color=#f7432a>BestRust Servers</color><color=#838383>]</color> A boltunk nagyon könnyen használható, vásárolhatsz <color=#f5e942>VIP rangokat és kiteket</color> már <color=#f5e942>1€-tól</color>, és azonnal megkapod őket. \nFizethetsz <color=#ff7763>minden fizetési módszerrel</color>, akár <color=#f5e942>Rust skinekkel</color> és <color=#f5e942>cryptoval</color> is. Használd a <color=#f7432a>/kit</color> parancsot, és nézd meg a kiteket.\n\nA VIP előnyök tartalmazzák a <color=#ff7763>kiteket</color>, a <color=#ff7763>várólista átugrását</color>, a <color=#ff7763>Skinboxot</color>, <color=#ff7763>több életerővel, vízzel és étellel való kezdést</color> és <color=#ff7763>sok mást</color>, ezért feltétlen nézd meg a boltunkat!\n\nKöszönjük mindenkinek, aki támogatja a szervereinket és segít működésben tartani őket!\n\n<color=#ff5c45>https://store.bestrustservers.com/</color>",
    "Splits2": "<color=#838383>[</color><color=#f7432a>BestRust Servers</color><color=#838383>]</color> Get <color=#f5e942>3 free high value rust skins and a free kit</color> by using the <color=#f5e942>BESTRUST code</color>on splits.gg",
    "Staff": "<color=#838383>[</color><color=#f7432a>BestRust Servers</color><color=#838383>]</color> Szeretnél <color=#f5e942>ingyen VIP-et, valódi pénzt vagy skineket</color> szerezni?\nÚj csapattagokat keresünk. Jelentkezhetsz <color=#7dda58>Moderátornak</color>, <color=#da5a5a>Adminnak</color>, <color=#cc6ce7>Közösségi menedzsernek</color> vagy <color=#d49a17>Tartalomkészítőnek</color>.\n\nHa érdekel, látogasd meg a #open-applications csatornát a discordunkon: <color=#ff5c45>discord.gg/bestrustservers</color>",
    "Store3": "<color=#838383>[</color><color=#f7432a>BestRust Servers</color><color=#838383>]</color> A boltunk nagyon könnyen használható, vásárolhatsz <color=#f5e942>VIP rangokat és kiteket</color> már <color=#f5e942>1€-tól</color>, és azonnal megkapod őket. \nFizethetsz <color=#ff7763>minden fizetési módszerrel</color>, akár <color=#f5e942>Rust skinekkel</color> és <color=#f5e942>cryptoval</color> is. Használd a <color=#f7432a>/kit</color> parancsot, és nézd meg a kiteket.\n\nA VIP előnyök tartalmazzák a <color=#ff7763>kiteket</color>, a <color=#ff7763>várólista átugrását</color>, a <color=#ff7763>Skinboxot</color>, <color=#ff7763>több életerővel, vízzel és étellel való kezdést</color> és <color=#ff7763>sok mást</color>, ezért feltétlen nézd meg a boltunkat!\n\nKöszönjük mindenkinek, aki támogatja a szervereinket és segít működésben tartani őket!\n\n<color=#ff5c45>https://store.bestrustservers.com/</color>",
    "Splits3": "<color=#838383>[</color><color=#f7432a>BestRust Servers</color><color=#838383>]</color> Get <color=#f5e942>Multiple Very OP kit rewards</color> for depositing on splits.gg with the <color=#f5e942>BESTRUST code</color>. </color>Check <color=#ff5c45>/kit</color> for the rewards and make sure you use the <color=#f5e942>BESTRUST code</color> when you deposit on splits.gg",
    "Discord": "<color=#838383>[</color><color=#f7432a>BestRust Servers</color><color=#838383>]</color> Ha segítségre van szükséged, vagy jelenteni szeretnél egy játékost, hozz létre egy ticketet a discordunkon. Mindig szívesen segítünk! <color=#ff5c45>discord.gg/bestrustservers</color>"
}
