{
    "Playtime": "<color=#838383>[</color><color=#f7432a>BestRust Servers</color><color=#838383>]</color> Szerezhetsz <color=#7dda58>várólista átugrása</color> jogosultságot, ha elérsz bizonyos játékidőt a Bestrust szervereken.\n\nAz <color=#ff5c45>/playtime</color> parancs segítségével ellenőrizheted a játékidődet és olvashatsz további információkat.",
    "RustMagic": "<color=#838383>[</color><color=#f7432a>BestRust Servers</color><color=#838383>]</color> Szerezz <color=#f5e942>3 ingyenes, értékes rust skint</color> itt a <color=#f5e942>BESTRUST kód</color> használatával: https://splits.gg/r/BESTRUST",
    "Store": "<color=#838383>[</color><color=#f7432a>BestRust Servers</color><color=#838383>]</color> Vásárolhatsz <color=#f5e942>VIP - Várólista átugrása mindössze 1€-ért</color>, nézd meg a boltunkat! Kattints a weboldal megtekintésére a bolt eléréséhez.<color=#ff5c45>https://store.bestrustservers.com/</color>",
    "Staff": "<color=#838383>[</color><color=#f7432a>BestRust Servers</color><color=#838383>]</color> Szeretnél <color=#f5e942>ingyen VIP-t, valódi pénzt vagy skineket</color> keresni?\nÚj munkatársakat keresünk. Jelentkezhetsz <color=#7dda58>Moderátornak</color>, <color=#da5a5a>Adminnak</color>, <color=#cc6ce7>Közösségi Menedzsernek</color> vagy <color=#d49a17>Tartalomkészítőnek</color>.\n\nHa érdekel, látogasd meg a Discordunk #open-applications csatornáját: <color=#ff5c45>discord.gg/bestrustservers</color>",
    "RustMagic2": "<color=#838383>[</color><color=#f7432a>BestRust Servers</color><color=#838383>]</color> Szerezz <color=#f5e942>3 ingyenes, értékes rust skint</color> itt a <color=#f5e942>BESTRUST kód</color> használatával: https://splits.gg/r/BESTRUST",
    "Store2": "<color=#838383>[</color><color=#f7432a>BestRust Servers</color><color=#838383>]</color> Vásárolhatsz <color=#f5e942>VIP - Várólista átugrása mindössze 1€-ért</color>, nézd meg a boltunkat! Kattints a weboldal megtekintésére a bolt eléréséhez.<color=#ff5c45>https://store.bestrustservers.com/</color>",
    "Discord": "<color=#838383>[</color><color=#f7432a>BestRust Servers</color><color=#838383>]</color> Ha segítségre van szükséged, vagy jelenteni szeretnél egy játékost, kérlek, hozz létre egy ticketet a Discordunkon. Mindig örömmel segítünk neked! <color=#ff5c45>discord.gg/bestrustservers</color>"
}