{
  "Prefix": "<color=#D85540>[Blueprint Megosztás]</color> ",
  "ArgumentsError": "Helytelen parancs használat. Próbáld meg: <color=#ffff00>/bs help</color>.",
  "Help": "<color=#D85540>Blueprint Megosztás Parancsok:</color>\n<color=#D85540>/bs toggle</color> - Automatikus blueprint megosztás kapcsolása\n<color=#D85540>/bs share <player></color> - Tanult blueprintjeid megosztása egy játékossal\n<color=#D85540>/bs show <team|clan|friend> [név]</color> - Megosztott blueprintjeid megtekintése\n<color=#D85540>/bs help</color> - Súgómenü megjelenítése",
  "ToggleOn": "Blueprint megosztás most <color=#00ff00>engedélyezett</color>.",
  "ToggleOff": "Blueprint megosztás most <color=#ff0000>letiltott</color>.",
  "NoPermission": "Nincs jogosultságod használni ezt a parancsot.",
  "CannotShare": "Nem oszthatsz meg blueprintet ezzel a játékossal, a csapatodban kell lennie, a klánodban vagy a barátlistádon.",
  "NoTarget": "Meg kell adnod egy játékost, akivel megosztod.",
  "TargetEqualsPlayer": "Nem oszthatsz meg blueprintet saját magaddal.",
  "PlayerNotFound": "A játékos nem található.",
  "PlayerSharedBlueprints": "<color=#ffff00>{0}</color> blueprint(ek)et osztottál meg <color=#ffff00>{1}</color> játékossal.",
  "TargetLearntBlueprints": "<color=#ffff00>{0}</color> megosztotta veled <color=#ffff00>{1}</color> blueprint(ek)et.",
  "NoBlueprintsToShare": "Nincsenek új blueprintjeid, amiket megoszthatnál <color=#ffff00>{0}</color>-val.",
  "PlayerSharedBlueprint": "Megtanultad a <color=#ffff00>{0}</color> blueprintet és megosztottad <color=#ffff00>{1}</color> játékossal.",
  "TargetLearntBlueprint": "<color=#ffff00>{0}</color> megosztotta veled a <color=#ffff00>{1}</color> blueprintet.",
  "BlueprintBlocked": "A <color=#ffff00>{0}</color> blueprint megosztása le van tiltva, de mégis megtanultad.",
  "TargetSharingDisabled": "Nem lehet megosztani blueprintet <color=#ffff00>{0}</color>-val – letiltották a megosztást.",
  "BlueprintsRemoved": "Elvesztetted a <color=#ffff00>{0}</color> blueprint(ek) hozzáférését.",
  "ShowMissingArgument": "Meg kell adnod, melyik megosztott blueprintet szeretnéd látni. Lehetőségek: <color=#ffff00>team</color>, <color=#ffff00>clan</color>, vagy <color=#ffff00>friend</color>.",
  "ShowFriendArgumentMissing": "Meg kell adnod egy barát nevét.",
  "NotFriends": "Nem vagytok ismerősök ezzel a játékossal.",
  "NoSharedBlueprints": "Nincs megosztott blueprint veled.",
  "SharedBlueprintsTitle": "Veled Megosztott Blueprintek:",
  "ShowSharedBlueprints": "<color=#ffff00>Tier {0}:</color> {1}",
  "LoseBlueprintsDisabled": "Ezt a funkciót letiltotta a szerver adminisztrátor."
}