{
  "Notification.ClanInfo.Title": "<size=18><color=#ffa500>Klanok</color></size><size=14><color=#ce422b> ÚJRAGONDOLVA</color></size>",
  "Notification.ClanInfo.Tag": "\nKlanTag: <color=#b2eece>{0}</color>",
  "Notification.ClanInfo.Description": "\nLeírás: <color=#b2eece>{0}</color>",
  "Notification.ClanInfo.Online": "\nJelenlegi tagok: {0}",
  "Notification.ClanInfo.Offline": "\nNem elérhető tagok: {0}",
  "Notification.ClanInfo.Members": "\nTagok: {0}",
  "Notification.ClanInfo.Established": "\nMegalapítva: <color=#b2eece>{0}</color>",
  "Notification.ClanInfo.LastOnline": "\nUtoljára online: <color=#b2eece>{0}</color>",
  "Notification.ClanInfo.Alliances": "\nSzövetségek: <color=#b2eece>{0}</color>",
  "Notification.ClanInfo.Alliances.None": "Nincs",
  "Notification.ClanInfo.TotalMembers": "\nTagok: <color=#b2eece>{0}</color>",
  "Notification.ClanInfo.TotalAlliances": "\nSzövetségek: <color=#b2eece>{0}</color>",
  "Notification.Create.InExistingClan": "Már tagja vagy egy klánnak",
  "Notification.Create.NoPermission": "Nincs jogosultságod klánt alapítani",
  "Notification.Create.TagReserved1": "A(z) {0} tag már másik játékosé",
  "Notification.Create.InvalidTagLength": "A kiválasztott tag érvénytelen. Legyen {0} és {1} karakter között",
  "Notification.Create.InvalidCharacters": "A tag, amit választottál, tiltott szavakat/karaktereket tartalmaz",
  "Notification.Create.ClanExists": "Már létezik klán ezzel a taggal",
  "Notification.Create.NoNativeCreate": "Klánt így kell létrehozni: /clan create <tag> <leírás>",
  "Notification.Create.Success": "Megalapítottad a klánt: <color=#aaff55>[{0}]</color>",
  "Notification.Kick.IsOwner": "Nem rúghatod ki a klánvezetőt",
  "Notification.Kick.NoPermissions": "Nincs elegendő jogosultságod klántagok kirúgására",
  "Notification.Kick.NotClanmember": "A célpont nem tagja a klánodnak",
  "Notification.Kick.Self": "Nem rúghatod ki magadat",
  "Notification.Kick.NotEnoughRank": "Csak a klánvezető rúghat ki más rangú tagot",
  "Notification.Kick.NoPlayerFound": "Nem található a megadott nevű vagy ID-jű játékos",
  "Notification.Kick.Message": "{0} kirúgta {1} a klánból!",
  "Notification.Kick.PlayerMessage": "{0} kirúgott a klánból!",
  "Notification.Kick.NoPermission": "Nincs jogosultságod klántagok kirúgására",
  "Notification.Leave.Message": "{0} kilépett a klánból!",
  "Notification.Leave.PlayerMessage": "Kiléptél a klánból: <color=#aaff55>[{0}]</color>!",
  "Notification.Leave.NewOwner": "{0} mostantól a klánvezető!",
  "Notification.Leave.NoPermission": "Nincs jogosultságod kilépni ebből a klánból",
  "Notification.Join.NoPermission": "Nincs jogosultságod klánhoz csatlakozni",
  "Notification.Join.ExpiredInvite": "A meghívásod a(z) {0} klánba lejárt!",
  "Notification.Join.InExistingClan": "Már tagja vagy egy másik klánnak",
  "Notification.Join.Message": "{0} csatlakozott a klánhoz!",
  "Notification.Invite.NoPermissions": "Nincs elegendő jogosultságod más játékosok meghívására",
  "Notification.Invite.InviteLimit": "Már elérted a maximálisan megengedett meghívásszámot",
  "Notification.Invite.InviteCooldown": "Várnod kell még {0}, mielőtt új tagokat hívhatsz meg a klánodba",
  "Notification.Invite.HasPending": "{0} már rendelkezik függőben lévő klánmeghívással",
  "Notification.Invite.IsMember": "{0} már tagja a klánnak",
  "Notification.Invite.InClan": "{0} már egy másik klán tagja",
  "Notification.Invite.NoPermission": "{0} nem rendelkezik a szükséges jogosultsággal, hogy klánhoz csatlakozzon",
  "Notification.Invite.SuccesTarget": "Meghívást kaptál a klánba: <color=#aaff55>[{0}]</color> '{1}'\nCsatlakozáshoz írd be: <color=#ffd479>/{2} accept {0}</color>",
  "Notification.Invite.SuccessClan": "{0} meghívta {1} a klánba",
  "Notification.PendingInvites": "Függőben lévő klánmeghívásaid vannak innen: {0}\nCsatlakozáshoz írd be: <color=#ffd479>/{1} accept <tag></color>",
  "Notification.WithdrawInvite.NoPermissions": "Nincs elegendő jogosultságod a meghívások visszavonására",
  "Notification.WithdrawInvite.UnableToFind": "Nem található meghívás a(z) {0} játékoshoz",
  "Notification.WithdrawInvite.Success": "{0} visszavonta a meghívást a(z) {1} játékostól",
  "Notification.RejectInvite.InvalidInvite": "Nincs meghívásod a(z) <color=#aaff55>[{0}]</color> klánba",
  "Notification.RejectInvite.Message": "{0} elutasította a meghívást a klánodba",
  "Notification.RejectInvite.PlayerMessage": "Elutasítottad a meghívást a(z) <color=#aaff55>[{0}]</color> klánba",
  "Notification.Promotion.NoPermissions": "Nincs elegendő jogosultságod más játékosok előléptetésére",
  "Notification.Promotion.TargetNoClan": "{0} nem tagja a klánodnak",
  "Notification.Promotion.IsOwner": "Nem léptetheted elő a klánvezetőt",
  "Notification.Promotion.IsCouncil": "Nem léptethetsz elő a tanácsi rang fölé",
  "Notification.Promotion.CouncilTaken": "A tanácsi rang már ki van osztva",
  "Notification.Promotion.ModeratorLimit": "Már megvan a maximális számú moderátor",
  "Notification.Promotion.IsModerator": "Nem léptethetsz elő a moderátori rang fölé",
  "Notification.Promotion.Message": "{0} előléptetve lett a(z) {1} rangra általa: {2}",
  "Notification.Demotion.NoPermissions": "Nincs elegendő jogosultságod más játékosok lefokozására",
  "Notification.Demotion.IsOwner": "Nem fokozhatod le a klánvezetőt",
  "Notification.Demotion.IsMember": "{0} már a legalacsonyabb rangon van",
  "Notification.Demotion.Message": "{0} lefokozva lett a(z) {1} rangra általa: {2}",
  "Notification.Alliance.NoPermissions": "Nincs elegendő jogosultságod szövetségek kezelésére",
  "Notification.Alliance.PendingInvite": "<color=#aaff55>[{0}]</color> már rendelkezik függőben lévő szövetségi meghívással",
  "Notification.Alliance.MaximumInvites": "Már elérted a maximális szövetségi meghívásszámot",
  "Notification.Alliance.MaximumAlliances": "Már elérted a maximális szövetség számot",
  "Notification.Alliance.InviteSent": "Szövetségi meghívást küldtél a klánodnak: <color=#aaff55>[{0}]</color>\nA meghívás lejár: {1}",
  "Notification.Alliance.InviteReceived": "Szövetségi meghívást kaptál a(z) <color=#aaff55>[{0}]</color> klántól\nElfogadáshoz írd be: <color=#ffd479>/{2} accept {0}</color>\nA meghívás lejár: {1}",
  "Notification.Alliance.NoActiveInvite": "Nincs aktív szövetségi meghívásod a(z) <color=#aaff55>[{0}]</color> klánhoz",
  "Notification.Alliance.NoActiveInviteFrom": "Nincs aktív szövetségi meghívásod a(z) <color=#aaff55>[{0}]</color> klántól",
  "Notification.Alliance.WithdrawnClan": "{0} visszavonta a szövetségi meghívást a {1} klánhoz",
  "Notification.Alliance.WithdrawnTarget": "<color=#aaff55>[{0}]</color> visszavonta a szövetségi meghívását",
  "Notification.Alliance.AtLimitTarget": "<color=#aaff55>[{0}]</color> klánja már elérte a maximális szövetségi számot",
  "Notification.Alliance.AtLimitSelf": "A klánod már elérte a maximális szövetségi számot",
  "Notification.Alliance.AtLimitAlliedMembersTarget": "<color=#aaff55>[{0}]</color> klántagok száma plusz a szövetségi tagok száma plusz a klánod tagjainak száma nagyobb a megengedettnél",
  "Notification.Alliance.AtLimitAlliedMembersSelf": "A klánod tagjainak száma plusz a szövetségi tagok száma plusz ennek a klánnak a tagjainak száma nagyobb a megengedettnél",
  "Notification.Alliance.Formed": "<color=#aaff55>[{0}]</color> szövetséget kötött a(z) <color=#aaff55>[{1}]</color> klánnal",
  "Notification.Alliance.Rejected": "<color=#aaff55>[{0}]</color> elutasította a szövetségkötést a(z) <color=#aaff55>[{1}]</color> klánnal",
  "Notification.Alliance.Revoked": "<color=#aaff55>[{0}]</color> visszavonta a szövetséget a(z) <color=#aaff55>[{1}]</color> klánnal",
  "Notification.Alliance.NoActiveAlliance": "Jelenleg nincs szövetséged a(z) <color=#aaff55>[{0}]</color> klánnal",
  "Notification.FF.MemberEnabled": "A klántagok <color=#ffd479>sebezve lesznek</color> baráti tűz által",
  "Notification.FF.MemberDisabled": "A klántagok <color=#ffd479>nem lesznek sebezve</color> baráti tűz által",
  "Notification.FF.AllyEnabled": "A szövetségesek <color=#ffd479>sebezve lesznek</color> baráti tűz által",
  "Notification.FF.AllyDisabled": "A szövetségesek <color=#ffd479>nem lesznek sebezve</color> baráti tűz által",
  "Notification.FF.IsEnabled": "<color=#aaff55>Engedélyezve</color>",
  "Notification.FF.IsDisabled": "<color=#ce422b>Kikapcsolva</color>",
  "Notification.FF.OnHitClanMember": "{0} klántag, és nem sebezhető.\nA klán baráti tűz kapcsolásához írd be: <color=#ffd479>/{1}</color>",
  "Notification.FF.OnHitAllyMember": "{0} szövetségi klántag, és nem sebezhető.\nA szövetségi baráti tűz kapcsolásához írd be: <color=#ffd479>/{1}</color>",
  "Notification.FF.ToggleNotOwner": "Csak a klánvezető vagy a Tanács kapcsolhatja át a baráti tüzet",
  "Notification.FF.OwnerToggle": "{0} átállította a baráti tüzet.\n{1}",
  "Notification.FF.OwnerAllyToggle": "{0} átállította a szövetségi baráti tüzet.\n{1}",
  "Notification.ClanHelp.NoClan": "\nElérhető parancsok:\n<color=#ffd479>/{0} create <tag> \"leírás\"</color> - Új klán létrehozása\n<color=#ffd479>/{0} accept <tag></color> - Csatlakozás klánhoz meghívás alapján\n<color=#ffd479>/{0} reject <tag></color> - Klánmeghívás elutasítása",
  "Notification.ClanHelp.Basic2": "\nElérhető parancsok:\n<color=#ffd479>/{0}</color> - Kláninformációid megjelenítése\n<color=#ffd479>/{1} <üzenet></color> - Üzenet küldése kláncsevekkben\n<color=#ffd479>/{0} leave</color> - Kilépés a jelenlegi klánodból",
  "Notification.ClanHelp.MFF": "\n<color=#ffd479>/{0}</color> - Baráti tűz kapcsolása más klántagok ellen",
  "Notification.ClanHelp.AFF": "\n<color=#ffd479>/{0}</color> - Baráti tűz kapcsolása szövetségi klántagok ellen",
  "Notification.ClanHelp.Alliance": "\n\n<color=#45b6fe><size=14>Szövetségi parancsok:</size></color>\n<color=#ffd479>/{0} invite <tag></color> - Klán meghívása szövetségesnek\n<color=#ffd479>/{0} withdraw <tag></color> - Szövetségi meghívás visszavonása\n<color=#ffd479>/{0} accept <tag></color> - Szövetségi meghívás elfogadása\n<color=#ffd479>/{0} reject <tag></color> - Szövetségi meghívás elutasítása\n<color=#ffd479>/{0} revoke <tag></color> - Szövetség visszavonása",
  "Notification.ClanHelp.Moderator": "\n\n<color=#b573ff><size=14>Moderátor parancsok:</size></color>\n<color=#ffd479>/{0} invite <név vagy ID></color> - Játékos meghívása a klánodba\n<color=#ffd479>/{0} withdraw <név vagy ID></color> - Meghívás visszavonása\n<color=#ffd479>/{0} kick <név vagy ID></color> - Tag kirúgása a klánodból",
  "Notification.ClanHelp.Owner": "\n\n<color=#a1ff46><size=14>Vezető parancsok:</size></color>\n<color=#ffd479>/{0} promote <név vagy ID></color> - Klántag előléptetése\n<color=#ffd479>/{0} demote <név vagy ID></color> - Klántag lefokozása\n<color=#ffd479>/{0} disband forever</color> - Klán feloszlatása",
  "Notification.ClanHelp.TagColor": "\n<color=#ffd479>/{0} tagcolor <hex></color> - Egyedi klántag szín beállítása\n<color=#ffd479>/{0} tagcolor reset</color> - Az alapértelmezett klántag szín visszaállítása",
  "Notification.Clan.NotInAClan": "\nJelenleg nem vagy tagja egy klánnak sem",
  "Notification.Clan.Help": "\nAz elérhető parancsok megjelenítéséhez írd be: <color=#ffd479>/{0}</color>",
  "Notification.Clan.OwnerOf": "\nA vezetője vagy: <color=#aaff55>{0}</color> ({1}/{2})",
  "Notification.Clan.CouncilOf": "\nA tanács tagja vagy: <color=#aaff55>{0}</color> ({1}/{2})",
  "Notification.Clan.ModeratorOf": "\nModerátora vagy: <color=#aaff55>{0}</color> ({1}/{2})",
  "Notification.Clan.MemberOf": "\nTagja vagy: <color=#aaff55>{0}</color> ({1}/{2})",
  "Notification.Clan.MembersOnline": "\nJelenlegi tagok: {0}",
  "Notification.Clan.MFF": "\nKlán FF állapot: {0} (<color=#ffd479>/{1}</color>)",
  "Notification.Clan.AFF": "\nSzövetségi FF állapot: {0} (<color=#ffd479>/{1}</color>)",
  "Notification.Clan.CreateSyntax": "<color=#ffd479>/{0} create <tag> \"leírás\"</color> - Új klán létrehozása",
  "Notification.Clan.InviteSyntax": "<color=#ffd479>/{0} invite <részlegesNévVagyID></color> - Játékos meghívása a klánodba",
  "Notification.Clan.WithdrawSyntax": "<color=#ffd479>/{0} withdraw <részlegesNévVagyID></color> - Meghívás visszavonása",
  "Notification.Clan.AcceptSyntax": "<color=#ffd479>/{0} accept <tag></color> - Csatlakozás klánhoz meghívás alapján",
  "Notification.Clan.RejectSyntax": "<color=#ffd479>/{0} reject <tag></color> - Klánmeghívás elutasítása",
  "Notification.Clan.PromoteSyntax": "<color=#ffd479>/{0} promote <részlegesNévVagyID></color> - Klántag előléptetése a következő rangra",
  "Notification.Clan.DemoteSyntax": "<color=#ffd479>/{0} demote <részlegesNévVagyID></color> - Klántag lefokozása a következő alacsonyabb rangra",
  "Notification.Clan.DisbandSyntax": "<color=#ffd479>/{0} disband forever</color> - Klán feloszlatása (ezt nem lehet visszavonni)",
  "Notification.Clan.KickSyntax": "<color=#ffd479>/{0} kick <részlegesNévVagyID></color> - Tag kirúgása a klánodból",
  "Notification.Clan.TagColorSyntax": "<color=#ffd479>/{0} tagcolor <hex (XXXXXX)</color> - Egyedi klántag szín beállítása",
  "Notification.Clan.TagColorFormat": "<color=#ffd479>A hex kódnak 6 karakter hosszúnak kell lennie, és érvényes hex színnek kell lennie</color>",
  "Notification.Clan.TagColorReset": "<color=#ffd479>Visszaállítottad a klánod tag színét</color>",
  "Notification.Clan.TagColorSet": "<color=#ffd479>Beállítottad a klánod tag színét erre:</color> <color=#{0}>{0}</color>",
  "Notification.Clan.TagColorDisabled": "<color=#ffd479>Egyedi tag színek le vannak tiltva ezen a szerveren</color>",
  "Notification.Clan.TagColorBlocked": "<color=#ffd479>A szín <color=#{0}>{0}</color> tiltólistán van a klánok által történő használatra.</color>",
  "Notification.Clan.TagColorOutOfRange": "<color=#ffd479>A szín <color=#{0}>{0}</color> kívül esik az engedélyezett színspektrumon. Válassz egy színt a(z) <color=#{1}>{1}</color> és <color=#{2}>{2}</color> között</color>",
  "Notification.Disband.NotOwner": "Klánvezetőnek kell lenned a parancs használatához",
  "Notification.Disband.Success": "Feloszlattad a klánt: <color=#aaff55>[{0}]</color>",
  "Notification.Disband.Message": "A klán feloszlott",
  "Notification.Disband.NoPermission": "Nincs jogosultságod a klán feloszlatására",
  "Notification.Generic.ClanFull": "A klán már elérte a maximális kapacitást",
  "Notification.Generic.NoClan": "Nem vagy tagja egy klánnak sem",
  "Notification.Generic.InvalidClan": "A klán <color=#aaff55>[{0}]</color> nem létezik!",
  "Notification.Generic.NoPermissions": "Nincs elegendő jogosultságod a parancs használatához",
  "Notification.Generic.SpecifyClanTag": "Kérlek, adj meg egy klántagot",
  "Notification.Generic.UnableToFindPlayer": "Nem található játékos ezen névvel vagy ID-vel: {0}",
  "Notification.Generic.CommandSelf": "Nem használhatod ezt a parancsot magadon",
  "Chat.IsMuted": "Jelenleg némítva vagy",
  "Chat.Alliance.Prefix": "<color=#a1ff46>[SZÖVETSÉGI CSEVEJGÉS]</color>: {0}",
  "Chat.Clan.Prefix": "<color=#a1ff46>[KLÁN CSEVEJGÉS]</color>: {0}",
  "Chat.Alliance.Format": "[{0}] <color={1}>{2}</color>: {3}",
  "Admin.BroadcastToClan": "<color=#ff3333>[ADMIN]</color>: {0}",
  "Admin.Rename": "Egy adminisztrátor megváltoztatta a klán tagodat erre: <color=#aaff55>[{0}]</color>",
  "Admin.Disband": "Egy adminisztrátor feloszlatta a klánodat",
  "Admin.Invite": "Egy adminisztrátor meghívta {0} a klánodba",
  "Admin.Join": "Egy adminisztrátor csatlakoztatott téged a(z) <color=#aaff55>[{0}]</color> klánhoz",
  "Admin.Kick": "Egy adminisztrátor kirúgott a(z) <color=#aaff55>[{0}]</color> klánból",
  "Admin.SetOwner": "Egy adminisztrátor beállította {0} klánvezetőnek",
  "Admin.Promote": "Egy adminisztrátor előléptette {0} a(z) {1} rangra",
  "Admin.Demote": "Egy adminisztrátor lefokozta {0} a(z) {1} rangra"
}