{
  "CommandUsageExtLoad": "Használat: oxide.ext.load <extname>+",
  "CommandUsageExtUnload": "Használat: oxide.ext.unload <extname>+",
  "CommandUsageExtReload": "Használat: oxide.ext.reload <extname>+",
  "CommandUsageGrant": "Használat: oxide.grant <group|user> <name|id> <permission>",
  "CommandUsageGroup": "Használat: oxide.group <add|set> <name> [title] [rank]",
  "CommandUsageGroupParent": "Használat: oxide.group <parent> <name> <parentName>",
  "CommandUsageGroupRemove": "Használat: oxide.group <remove> <name>",
  "CommandUsageLang": "Használat: oxide.lang <kétbetűs nyelvi kód>",
  "CommandUsageLoad": "Használat: oxide.load *|<pluginname>+",
  "CommandUsageReload": "Használat: oxide.reload *|<pluginname>+",
  "CommandUsageRevoke": "Használat: oxide.revoke <group|user> <name|id> <permission>",
  "CommandUsageShow": "Használat: oxide.show <groups|perms>",
  "CommandUsageShowName": "Használat: oxide.show <group|user> <name>",
  "CommandUsageUnload": "Használat: oxide.unload *|<pluginname>+",
  "CommandUsageUserGroup": "Használat: oxide.usergroup <add|remove> <username> <groupname>",
  "ConnectionRejected": "A kapcsolatot elutasították",
  "DataSaved": "Oxide adatok mentése...",
  "GroupAlreadyExists": "A csoport '{0}' már létezik",
  "GroupAlreadyHasPermission": "A csoport '{0}' már rendelkezik a(z) '{1}' jogosultsággal",
  "GroupDoesNotHavePermission": "A csoport '{0}' nem rendelkezik a(z) '{1}' jogosultsággal",
  "GroupChanged": "A csoport '{0}' megváltozott",
  "GroupCreated": "A csoport '{0}' létrehozva",
  "GroupDeleted": "A csoport '{0}' törölve",
  "GroupNotFound": "A csoport '{0}' nem létezik",
  "GroupParentChanged": "A csoport '{0}' szülője '{1}'-re változott",
  "GroupParentNotChanged": "A csoport '{0}' szülője nem változott",
  "GroupParentNotFound": "A csoport szülője '{0}' nem létezik",
  "GroupPermissionGranted": "A csoport '{0}' jogosultságot kapott: '{1}'",
  "GroupPermissionRevoked": "A csoport '{0}' jogosultsága visszavonva: '{1}'",
  "GroupPermissions": "A csoport '{0}' jogosultságai",
  "GroupPlayers": "A csoport '{0}' játékosai",
  "Groups": "Csoportok",
  "InvalidLanguageName": "Érvénytelen nyelvteljesítmény: '{0}'",
  "NoGroupPermissions": "Jelenleg nincs engedély megadva",
  "NoPermissionGroups": "Nincs csoport ilyen jogosultsággal",
  "NoPermissionPlayers": "Nincs játékos ilyen jogosultsággal",
  "NoPluginsFound": "Jelenleg nincsenek elérhető pluginek",
  "NoPlayerGroups": "A játékos nincs csoporthoz rendelve",
  "NoPlayerPermissions": "Jelenleg nincs engedély megadva",
  "NoPlayersInGroup": "Jelenleg nincsenek játékosok a csoportban",
  "NotAllowed": "Nem használhatod a(z) '{0}' parancsot",
  "ParentGroupPermissions": "Szülő csoport '{0}' jogosultságai",
  "PermissionGroups": "Jogosultság '{0}' csoportok",
  "PermissionPlayers": "Jogosultság '{0}' játékosok",
  "PermissionNotFound": "A jogosultság '{0}' nem létezik",
  "Permissions": "Jogosultságok",
  "PermissionsNotLoaded": "Nem sikerült betölteni a jogosultságfájlokat! A jogosultságok nem fognak működni, amíg ez nincs megoldva.\n => {0}",
  "PlayerLanguage": "A játékos nyelve beállítva: {0}",
  "PluginNotLoaded": "A plugin '{0}' nem lett betöltve.",
  "PluginReloaded": "Plugin újratöltve: {0} v{1} készítette: {2}",
  "PluginUnloaded": "Plugin eltávolítva: {0} v{1} készítette: {2}",
  "ServerLanguage": "A szerver nyelve beállítva: {0}",
  "Unknown": "Ismeretlen",
  "UnknownCommand": "Ismeretlen parancs: {0}",
  "PlayerAddedToGroup": "A játékos '{0}' hozzáadva a csoporthoz: {1}",
  "PlayerAlreadyHasPermission": "A játékos '{0}' már rendelkezik a(z) '{1}' jogosultsággal",
  "PlayerDoesNotHavePermission": "A játékos '{0}' nem rendelkezik a(z) '{1}' jogosultsággal",
  "PlayerNotFound": "A játékos '{0}' nem található",
  "PlayerGroups": "A játékos '{0}' csoportjai",
  "PlayerPermissions": "A játékos '{0}' jogosultságai",
  "PlayerPermissionGranted": "A játékos '{0}' jogosultságot kapott: '{1}'",
  "PlayerPermissionRevoked": "A játékos '{0}' jogosultsága visszavonva: '{1}'",
  "PlayerRemovedFromGroup": "A játékos '{0}' eltávolítva a csoportból: '{1}'",
  "PlayersFound": "Több játékos található, kérlek pontosíts: {0}",
  "Version": "A szerver a következőt futtatja: [#ffb658]Oxide {0}[/#] és [#ee715c]{1} {2} ({3})[/#]",
  "YouAreNotAdmin": "Nem vagy admin"
}