{
  "WebErrorOccurred": "Nem sikerült letölteni a képet! Hiba {0}.",
  "FileTooLarge": "A fájl meghaladja a maximális méretet, ami {0}Mb.",
  "ErrorOccurred": "Ismeretlen hiba történt, ha továbbra is jelentkezik, értesítsd a szerver adminisztrátort.",
  "RestoreErrorOccurred": "Nem lehet visszaállítani a táblát, mert nincs hozzárendelve textúra.",
  "DownloadQueued": "A képed bekerült a letöltési várólistába!",
  "RestoreQueued": "A táblád bekerült a visszaállítási várólistába!",
  "RestoreBatchQueued": "Az összes {0} táblát hozzáadtad a visszaállítási várólistához!",
  "ImageLoaded": "A kép sikeresen betöltve a táblára!",
  "ImageRestored": "A kép sikeresen visszaállítva a táblára!",
  "LogEntry": "Játékos `{0}` (SteamId: {1}) betöltötte: {2} ide: {3} innen: {4}",
  "NoSignFound": "Nem található tábla! Győződj meg róla, hogy nézel egyet, és nem vagy túl távol tőle.",
  "Cooldown": "Még nem használhatod a parancsot! Hátralévő visszahűlési idő: {0}.",
  "SignNotOwned": "Nem változtathatod meg ezt a táblát, mert egy eszközszekrény védi.",
  "NoItemHeld": "Nincs tárgy a kezedben.",
  "ActionQueuedAlready": "Már van egy várakozó művelet ehhez a táblához, kérlek várd meg a befejezését.",
  "SyntaxSilCommand": "Szintaxis hiba!\nSzintaxis: /sil <url> [raw]",
  "SyntaxSilCommandMulti": "Szintaxis hiba!\nSzintaxis: /sil <1-{0}> <url> [raw]",
  "SyntaxSiltCommand": "Szintaxis hiba!\nSzintaxis: /silt <üzenet> [<fontsize:number>] [<color:hex value>] [<bgcolor:hex value>] [raw]",
  "SyntaxSiltCommandMulti": "Szintaxis hiba!\nSzintaxis: /silt <1-{0}> <üzenet> [<fontsize:number>] [<color:hex value>] [<bgcolor:hex value>] [raw]",
  "SyntaxSiliCommandMulti": "Szintaxis hiba!\nSzintaxis: /sili <1-{0}>",
  "NoPermission": "Nincs jogosultságod használni ezt a parancsot.",
  "NoPermissionFile": "Nincs jogosultságod használni a szerver fájlrendszeréből származó képeket.",
  "NoPermissionRaw": "Nincs jogosultságod használni a nyers képeket, normál betöltés következik.",
  "NoPermissionRestoreAll": "Nincs jogosultságod az összes tábla egyszerre való visszaállítására.",
  "day": "nap",
  "days": "napok",
  "hour": "óra",
  "hours": "órák",
  "minute": "perc",
  "minutes": "percek",
  "second": "másodperc",
  "seconds": "másodpercek",
  "and": "és"
}