{
    "NoPermToUse": "Nincs engedélyed ezt megtenni",
    "NoILError": "A bővítmény nem működik megfelelően, vedd fel a kapcsolatot az adminisztrátorral!",
    "UI.Plugin.Title": "RANGLISTA",
    "UI.Leaderboard.Awards.Title": "Legjobb jutalmak",
    "UI.Leaderboard.Awards.Place": "{0}. hely",
    "UI.Search.Players.Title": "JÁTÉKOS KERESÉSE NÉV VAGY STEAMID ALAPJÁN",
    "UI.Search.Input.Placeholder": "ÍRD BE A NEVET VAGY A STEAMID-ET",
    "UI.Players.List.Title": "A SZERVEREN LÉVŐ JÁTÉKOSOK LISTÁJA",
    "UI.Players.NoPlayers": "Nincsenek elérhető játékosok :(",
    "UI.HitRate.Title": "TALÁLATI ARÁNY",
    "UI.HitRate.Description": "Itt láthatod a testrészekre mért találatok számát",
    "UI.Building.Title": "ÉPÍTÉS",
    "UI.Building.Description": "Itt láthatod az építési statisztikákat",
    "UI.Stat.Value.Total": "Összesen: {0}",
    "UI.Stat.Value.Today": "Ma: {0}",
    "UI.Stat.Value.KD": "Ölések: {0} / Halálok: {1}",
    "UI.Stat.Value.None": "Nincs",
    "UI.Stat.Value.Unknown": "Ismeretlen",
    "UI.Time.Years": "{0}y",
    "UI.Time.Months": "{0}m",
    "UI.Time.Days": "{0}d",
    "UI.Time.Hours": "{0}h",
    "UI.Time.Minutes": "{0}m",
    "UI.Time.Seconds": "{0}s",
    "MSG.Profile.Already.Loading": "Ez a profil már betöltődik, kérlek várj.",
    "MSG.Profile.Wait.Before.Another": "Várj egy pillanatot, mielőtt újabb profilt nyitsz meg.",
    "UI.Leaderboard.Loading": "Betöltés...",
    "Msg.Player.NotFound": "Játékos statisztikái nem találhatók",
    "Msg.Invalid.SteamID": "Érvénytelen Steam ID formátum",
    "Msg.Hide.Self.Hidden": "Mostantól rejtve vagy a ranglistán",
    "Msg.Hide.Self.Visible": "Mostantól látható vagy a ranglistán",
    "UI.Category.MY STATISTICS": "STATISZTIKÁIM",
    "UI.Category.TOP 10 PLAYERS": "TOP 10 JÁTÉKOS",
    "UI.Category.SEARCH": "KERESÉS",
    "UI.Awards.TOP scorers": "LEGJOBB pontszerzők",
    "UI.Awards.Place.Frontiersman Pack": "Határőr csomag",
    "UI.Awards.Place.Lumberjack Pack": "Favágó csomag",
    "UI.Awards.Place.Artic Pack": "Sarkvidéki csomag",
    "UI.Awards.Place.Abyss Pack": "Mélyszakadék csomag",
    "UI.Awards.Place.Retro Tool Cupboard": "Retro szerszámos szekrény",
    "UI.Awards.TOP killers": "LEGJOBB gyilkosok",
    "UI.Awards.TOP time played": "LEGJOBB játszott idő",
    "UI.Tabs.GENERAL": "ÁLTALÁNOS",
    "UI.Field.Profile": "Profil",
    "UI.Field.name": "name",
    "UI.Field.K/D": "K/H",
    "UI.Field.kd": "kd",
    "UI.Field.Time": "Idő",
    "UI.Field.current_playtime": "current_playtime",
    "UI.Field.Longest Kill Distance": "Leghosszabb ölési távolság",
    "UI.Field.longest_kill_distance": "longest_kill_distance",
    "UI.Field.Total Resources Gathered": "Összes gyűjtött nyersanyag",
    "UI.Field.total_resources": "total_resources",
    "UI.Field.Favorite Resource": "Kedvenc nyersanyag",
    "UI.Field.favorite_resource": "favorite_resource",
    "UI.Field.Total Items Crafted": "Összes elkészített tárgy",
    "UI.Field.total_items_crafted": "total_items_crafted",
    "UI.Field.Structures Built": "Felépített szerkezetek",
    "UI.Field.structures_built": "structures_built",
    "UI.Field.Upgrades Performed": "Elvégzett fejlesztések",
    "UI.Field.upgrades_performed": "upgrades_performed",
    "UI.Field.Favorite Building Material": "Kedvenc építőanyag",
    "UI.Field.favorite_building_material": "favorite_building_material",
    "UI.Field.Events Won": "Megnyert események",
    "UI.Field.events_won": "events_won",
    "UI.Field.Favorite Event": "Kedvenc esemény",
    "UI.Field.favorite_event": "favorite_event",
    "UI.Column.EVENTS": "ESEMÉNYEK",
    "UI.Field.Convoy": "Konvoj",
    "UI.Field.Sputnik": "Sputnik",
    "UI.Field.Caravan": "Karaván",
    "UI.Field.GasStation": "Benzinkút",
    "UI.Field.GasStationEvent": "Benzinkút esemény",
    "UI.Field.Air": "Légi",
    "UI.Field.AirEvent": "Légi esemény",
    "UI.Field.SatDish": "Műholdtányér",
    "UI.Field.SatDishEvent": "Műholdtányér esemény",
    "UI.Field.Triangulation": "Trianguláció",
    "UI.Field.Water": "Víz",
    "UI.Field.WaterEvent": "Víz esemény",
    "UI.Field.Harbor": "Kikötő",
    "UI.Field.HarborEvent": "Kikötő esemény",
    "UI.Field.ArcticBase": "Sarkvidéki bázis",
    "UI.Field.ArcticBaseEvent": "Sarkvidéki bázis esemény",
    "UI.Field.Junkyard": "Roncstelep",
    "UI.Field.JunkyardEvent": "Roncstelep esemény",
    "UI.Field.Supermarket": "Szupermarket",
    "UI.Field.SupermarketEvent": "Szupermarket esemény",
    "UI.Field.PowerPlant": "Erőmű",
    "UI.Field.PowerPlantEvent": "Erőmű esemény",
    "UI.Field.Paintball Team": "Paintball csapat",
    "UI.Field.PaintballTeam": "PaintballTeam",
    "UI.Field.Paintball FFA": "Paintball mindenki mindenki ellen",
    "UI.Field.PaintballFFA": "PaintballFFA",
    "UI.Field.Survival Arena": "Túlélő aréna",
    "UI.Field.SurvivalArena": "SurvivalArena",
    "UI.Field.Gun Game": "Fegyverjáték",
    "UI.Field.GunGame": "GunGame",
    "UI.Field.Zombie Infection": "Zombi fertőzés",
    "UI.Field.ZombieInfection": "ZombieInfection",
    "UI.Field.Tugboat Pirates": "Vontatóhajó kalózok",
    "UI.Field.TugboatPirates": "TugboatPirates",
    "UI.Tabs.RESOURCES": "NYERSANYAGOK",
    "UI.Column.RESOURCES": "NYERSANYAGOK",
    "UI.Field.Stone": "Kő",
    "UI.Field.stones": "stones",
    "UI.Field.Wood": "Fa",
    "UI.Field.wood": "wood",
    "UI.Field.Sulfur Ore": "Kénérc",
    "UI.Field.sulfur.ore": "sulfur.ore",
    "UI.Field.Metal Ore": "Fémérc",
    "UI.Field.metal.ore": "metal.ore",
    "UI.Field.High Quality Metal Ore": "Magas minőségű fémérc",
    "UI.Field.hq.metal.ore": "hq.metal.ore",
    "UI.Field.Leather": "Bőr",
    "UI.Field.leather": "leather",
    "UI.Field.Bone Fragments": "Csontszilánk",
    "UI.Field.bone.fragments": "bone.fragments",
    "UI.Field.Animal Fat": "Állati zsír",
    "UI.Field.fat.animal": "fat.animal",
    "UI.Field.Scrap": "Vas",
    "UI.Field.scrap": "scrap",
    "UI.Column.FARMING": "FARMLÁLÁS",
    "UI.Field.Hemp": "Kender",
    "UI.Field.hemp-collectable": "hemp-collectable",
    "UI.Field.Blue Berry": "Kék bogyó",
    "UI.Field.blue.berry": "blue.berry",
    "UI.Field.Red Berry": "Piros bogyó",
    "UI.Field.red.berry": "red.berry",
    "UI.Field.Yellow Berry": "Sárga bogyó",
    "UI.Field.yellow.berry": "yellow.berry",
    "UI.Field.Black Berry": "Fekete bogyó",
    "UI.Field.black.berry": "black.berry",
    "UI.Field.Green Berry": "Zöld bogyó",
    "UI.Field.green.berry": "green.berry",
    "UI.Field.White Berry": "Fehér bogyó",
    "UI.Field.white.berry": "white.berry",
    "UI.Field.Potato": "Burgonya",
    "UI.Field.potato": "potato",
    "UI.Field.Cloth": "Ruhaszövet",
    "UI.Field.cloth": "cloth",
    "UI.Field.Mushroom": "Gomba",
    "UI.Field.mushroom": "mushroom",
    "UI.Field.Corn": "Kukorica",
    "UI.Field.corn": "corn",
    "UI.Field.Pumpkin": "Tök",
    "UI.Field.pumpkin": "pumpkin",
    "UI.Field.Orchid": "Orchidea",
    "UI.Field.orchid": "orchid",
    "UI.Field.Rose": "Rózsa",
    "UI.Field.rose": "rose",
    "UI.Field.Sunflower": "Napraforgó",
    "UI.Field.sunflower": "sunflower",
    "UI.Field.Wheat": "Búza",
    "UI.Field.wheat": "wheat",
    "UI.Column.MISC": "EGYÉB",
    "UI.Field.Bears": "Medvék",
    "UI.Field.bear": "bear",
    "UI.Field.Polar Bears": "Jegesmedvék",
    "UI.Field.polarbear": "polarbear",
    "UI.Field.Boars": "Vaddisznók",
    "UI.Field.boar": "boar",
    "UI.Field.Chicken": "Csirke",
    "UI.Field.chicken": "chicken",
    "UI.Field.Stag": "Szarvas",
    "UI.Field.stag": "stag",
    "UI.Field.Wolf": "Farkas",
    "UI.Field.wolf2": "wolf2",
    "UI.Field.Panther": "Párduc",
    "UI.Field.panther": "panther",
    "UI.Field.Crocodile": "Krokodil",
    "UI.Field.crocodile": "crocodile",
    "UI.Field.Snake": "Kígyó",
    "UI.Field.snake.entity": "snake.entity",
    "UI.Field.Tiger": "Tigris",
    "UI.Field.tiger": "tiger",
    "UI.Field.Shark": "Cápa",
    "UI.Field.simpleshark": "simpleshark",
    "UI.Field.Bradley": "Bradley",
    "UI.Field.bradleyapc": "bradleyapc",
    "UI.Field.Helicopter": "Helikopter",
    "UI.Field.helicopter": "helicopter",
    "UI.Field.Scientist": "Tudós",
    "UI.Field.npc_underwaterdweller|scientistnpc_arena|scientistnpc_bradley|scientistnpc_bradley_heavy|scientistnpc_cargo|scientistnpc_cargo_turret_any|scientistnpc_cargo_turret_lr300|scientistnpc_ch47_gunner|scientistnpc_excavator|scientistnpc_full_any|scientistnpc_full_lr300|scientistnpc_full_mp5|scientistnpc_full_pistol|scientistnpc_full_shotgun|scientistnpc_junkpile_pistol|scientistnpc_oilrig|scientistnpc_patrol|scientistnpc_patrol_arctic|scientistnpc_peacekeeper|scientistnpc_roam|scientistnpc_roam_nvg_variant|scientistnpc_roamtethered": "npc_underwaterdweller|scientistnpc_arena|scientistnpc_bradley|scientistnpc_bradley_heavy|scientistnpc_cargo|scientistnpc_cargo_turret_any|scientistnpc_cargo_turret_lr300|scientistnpc_ch47_gunner|scientistnpc_excavator|scientistnpc_full_any|scientistnpc_full_lr300|scientistnpc_full_mp5|scientistnpc_full_pistol|scientistnpc_full_shotgun|scientistnpc_junkpile_pistol|scientistnpc_oilrig|scientistnpc_patrol|scientistnpc_patrol_arctic|scientistnpc_peacekeeper|scientistnpc_roam|scientistnpc_roam_nvg_variant|scientistnpc_roamtethered",
    "UI.Field.Heavy Scientist": "Nehézpáncélos tudós",
    "UI.Field.scientistnpc_heavy": "scientistnpc_heavy",
    "UI.Field.Tunnel Dweller": "Alagútlakó",
    "UI.Field.npc_tunneldweller|npc_tunneldwellerspawned": "npc_tunneldweller|npc_tunneldwellerspawned",
    "UI.Field.Underwater Lab Dweller": "Víz alatti labor lakója",
    "UI.Field.npc_underwaterdweller": "npc_underwaterdweller",
    "UI.Column.RAID": "RAID",
    "UI.Field.Satchel": "Táska (robbanó)",
    "UI.Field.explosive.satchel": "explosive.satchel",
    "UI.Field.Molotov": "Molotov",
    "UI.Field.grenade.molotov": "grenade.molotov",
    "UI.Field.Flashbang": "Villantógránát",
    "UI.Field.grenade.flashbang": "grenade.flashbang",
    "UI.Field.Survey Charge": "Felmérő töltet",
    "UI.Field.surveycharge": "surveycharge",
    "UI.Field.Grenade": "Gránát",
    "UI.Field.grenade.f1": "grenade.f1",
    "UI.Field.Beancan": "Babkonzerv bomba",
    "UI.Field.grenade.beancan": "grenade.beancan",
    "UI.Field.Rocket": "Rakéta",
    "UI.Field.ammo.rocket.basic": "ammo.rocket.basic",
    "UI.Field.Incendiary Rocket": "Gyújtó rakéta",
    "UI.Field.ammo.rocket.fire": "ammo.rocket.fire",
    "UI.Field.Rocket HV": "Nagysebességű rakéta",
    "UI.Field.ammo.rocket.hv": "ammo.rocket.hv",
    "UI.Field.Explosive 5.56 Rifle Ammo": "Robbanó 5.56-os puskamuníció",
    "UI.Field.ammo.rifle.explosive": "ammo.rifle.explosive",
    "UI.Field.GL HE": "GL HE",
    "UI.Field.ammo.grenadelauncher.he": "ammo.grenadelauncher.he",
    "UI.Field.C4": "C4",
    "UI.Field.explosive.timed": "explosive.timed",
    "UI.Field.MLRS Rocket": "MLRS rakéta",
    "UI.Field.ammo.rocket.mlrs": "ammo.rocket.mlrs",
    "UI.Column.RECYCLED": "ÚJRAHASZNOSÍTOTT",
    "UI.Field.Propane Tanks": "Propánpalack",
    "UI.Field.propanetank": "propanetank",
    "UI.Field.Gears": "Fogaskerék",
    "UI.Field.gears": "gears",
    "UI.Field.Metal Pipe": "Fémcső",
    "UI.Field.metalpipe": "metalpipe",
    "UI.Field.Rifle Body": "Puskatest",
    "UI.Field.riflebody": "riflebody",
    "UI.Field.Semi Body": "Félautomata test",
    "UI.Field.semibody": "semibody",
    "UI.Field.Metal Springs": "Fémrugó",
    "UI.Field.metalspring": "metalspring",
    "UI.Field.Road Signs": "Közúti táblák",
    "UI.Field.roadsigns": "roadsigns",
    "UI.Field.Sewing Kits": "Varrókészlet",
    "UI.Field.sewingkit": "sewingkit",
    "UI.Field.Tarp": "Ponyva",
    "UI.Field.tarp": "tarp",
    "UI.Field.Rope": "Kötél",
    "UI.Field.rope": "rope",
    "UI.Field.Sheet Metal": "Lemez",
    "UI.Field.sheetmetal": "sheetmetal",
    "UI.Field.Fuse": "Biztosíték",
    "UI.Field.fuse": "fuse",
    "UI.Field.Metal Blade": "Fém penge",
    "UI.Field.metalblade": "metalblade",
    "UI.Field.SMG Body": "Géppisztoly test",
    "UI.Field.smgbody": "smgbody",
    "UI.Field.Tech Parts": "Technikai alkatrész",
    "UI.Field.techparts": "techparts",
    "UI.Field.Targeting Computer": "Célzó számítógép",
    "UI.Field.targeting.computer": "targeting.computer",
    "UI.Field.CCTV Camera": "Biztonsági kamera",
    "UI.Field.cctv.camera": "cctv.camera",
    "UI.Column.FIRED": "KILŐTT",
    "UI.Field.Pistol": "Pisztolylövedék",
    "UI.Field.ammo.pistol": "ammo.pistol",
    "UI.Field.Pistol Incendiary": "Gyulladós pisztolylövedék",
    "UI.Field.ammo.pistol.fire": "ammo.pistol.fire",
    "UI.Field.Pistol HV": "Nagy sebességű pisztolylövedék",
    "UI.Field.ammo.pistol.hv": "ammo.pistol.hv",
    "UI.Field.Nailguns": "Szögbelövő szögek",
    "UI.Field.ammo.nailgun.nails": "ammo.nailgun.nails",
    "UI.Field.Rifle": "Puskalőszer",
    "UI.Field.ammo.rifle": "ammo.rifle",
    "UI.Field.Rifle HV": "Nagy Sebességű Puskalőszer",
    "UI.Field.ammo.rifle.hv": "ammo.rifle.hv",
    "UI.Field.Rifle Incendiary": "Gyulladós Puskalőszer",
    "UI.Field.ammo.rifle.incendiary": "ammo.rifle.incendiary",
    "UI.Field.HandMades": "Házi készítésű",
    "UI.Field.ammo.handmade.shell": "ammo.handmade.shell",
    "UI.Field.GL Buckshot": "GL sörét",
    "UI.Field.ammo.grenadelauncher.buckshot": "ammo.grenadelauncher.buckshot",
    "UI.Field.Shotgun Slug": "Sörétes puskagolyó",
    "UI.Field.ammo.shotgun.slug": "ammo.shotgun.slug",
    "UI.Field.Shotgun Fire": "Sörétes (gyújtó)",
    "UI.Field.ammo.shotgun.fire": "ammo.shotgun.fire",
    "UI.Field.Shotgun": "Sörétes",
    "UI.Field.ammo.shotgun": "ammo.shotgun",
    "UI.Field.SnowBall": "Hógolyó",
    "UI.Field.snowball": "snowball",
    "UI.Field.Wooden Arrow": "Fa nyíl",
    "UI.Field.arrow.wooden": "arrow.wooden",
    "UI.Field.Fire Arrow": "Tűznyíl",
    "UI.Field.arrow.fire": "arrow.fire",
    "UI.Field.Bone Arrow": "Csont nyíl",
    "UI.Field.arrow.bone": "arrow.bone",
    "UI.Field.High Velocity Arrow": "Nagysebességű nyíl",
    "UI.Field.arrow.hv": "arrow.hv",
    "UI.Column.FISHING": "HORGÁSZAT",
    "UI.Field.Anchovy": "Szardella",
    "UI.Field.fish.anchovy": "fish.anchovy",
    "UI.Field.Catfish": "Harcsa",
    "UI.Field.fish.catfish": "fish.catfish",
    "UI.Field.Herring": "Herings",
    "UI.Field.fish.herring": "fish.herring",
    "UI.Field.Orange Roughy": "Narancs durbincs",
    "UI.Field.fish.orangeroughy": "fish.orangeroughy",
    "UI.Field.Salmon": "Lazac",
    "UI.Field.fish.salmon": "fish.salmon",
    "UI.Field.Sardine": "Szardínia",
    "UI.Field.fish.sardine": "fish.sardine",
    "UI.Field.Small Shark": "Kis cápa",
    "UI.Field.fish.smallshark": "fish.smallshark",
    "UI.Field.Small Trout": "Kis pisztráng",
    "UI.Field.fish.troutsmall": "fish.troutsmall",
    "UI.Field.Yellow Perch": "Sárga sügér",
    "UI.Field.fish.yellowperch": "fish.yellowperch",
    "UI.Field.Minnows": "Keszegek",
    "UI.Field.fish.minnows": "fish.minnows",
    "UI.Column.CRAFTED": "KÉSZÍTETT",
    "UI.Field.Garage Door": "Garázskapu",
    "UI.Field.wall.frame.garagedoor": "wall.frame.garagedoor",
    "UI.Field.Sheet Metal Double Door": "Dupla fémajtó",
    "UI.Field.door.double.hinged.metal": "door.double.hinged.metal",
    "UI.Field.Armored Double Door": "Dupla páncélozott ajtó",
    "UI.Field.door.double.hinged.toptier": "door.double.hinged.toptier",
    "UI.Field.Wood Double Door": "Dupla faajtó",
    "UI.Field.door.double.hinged.wood": "door.double.hinged.wood",
    "UI.Field.Sheet Metal Door": "Fémajtó",
    "UI.Field.door.hinged.metal": "door.hinged.metal",
    "UI.Field.Armored Door": "Páncélozott ajtó",
    "UI.Field.door.hinged.toptier": "door.hinged.toptier",
    "UI.Field.Wood Door": "Faajtó",
    "UI.Field.door.hinged.wood": "door.hinged.wood",
    "UI.Field.Large Wood Box": "Nagy faláda",
    "UI.Field.box.wooden.large": "box.wooden.large",
    "UI.Field.Wood Storage Box": "Fa tárolódoboz",
    "UI.Field.box.wooden": "box.wooden",
    "UI.Field.Flame Turret": "Lángszóró torony",
    "UI.Field.flameturret": "flameturret",
    "UI.Field.Shotgun Trap": "Sörétes csapda",
    "UI.Field.guntrap": "guntrap",
    "UI.Field.Auto Turret": "Automata torony",
    "UI.Field.autoturret": "autoturret",
    "UI.Field.Code Lock": "Kódlakat",
    "UI.Field.lock.code": "lock.code",
    "UI.Field.Key Lock": "Kulcsos zár",
    "UI.Field.lock.key": "lock.key",
    "UI.Field.Wooden Ladder": "Fa létra",
    "UI.Field.ladder.wooden.wall": "ladder.wooden.wall",
    "UI.Field.Medical Syringe": "Orvosi fecskendő",
    "UI.Field.syringe.medical": "syringe.medical",
    "UI.Field.Bandage": "Kötés",
    "UI.Field.bandage": "bandage",
    "UI.Field.Large Medkit": "Nagy elsősegélycsomag",
    "UI.Field.largemedkit": "largemedkit",
    "UI.Field.Rocket Launcher": "Rakétavető",
    "UI.Field.rocket.launcher": "rocket.launcher",
    "UI.Field.HV Rocket": "Nagysebességű rakéta",
    "UI.Field.Explosives": "Robbanószer",
    "UI.Field.explosives": "explosives",
    "UI.Field.Gun Powder": "Lőpor",
    "UI.Field.gunpowder": "gunpowder",
    "UI.Field.Low Grade Fuel": "Alacsony minőségű üzemanyag",
    "UI.Field.lowgradefuel": "lowgradefuel",
    "UI.Column.LOOTED": "ZSAKMÁNYOLT",
    "UI.Field.Normal Crate": "Normál láda",
    "UI.Field.crate_normal_2": "crate_normal_2",
    "UI.Field.Basic Crate": "Alap láda",
    "UI.Field.crate_basic": "crate_basic",
    "UI.Field.Elite Crate": "Elit láda",
    "UI.Field.crate_elite": "crate_elite",
    "UI.Field.Military Crate": "Katonai láda",
    "UI.Field.crate_normal": "crate_normal",
    "UI.Field.Tools Crate": "Szerszámos láda",
    "UI.Field.crate_tools": "crate_tools",
    "UI.Field.Supply Drop": "Ejtőernyős utánpótlás",
    "UI.Field.supply_drop": "supply_drop",
    "UI.Field.Locked Crate": "Zárt láda",
    "UI.Field.codelockedhackablecrate|codelockedhackablecrate_oilrig": "codelockedhackablecrate|codelockedhackablecrate_oilrig",
    "UI.Tabs.BUILDING": "ÉPÍTÉS",
    "UI.Tabs.HITRATE": "TALÁLATI ARÁNY",
    "UI.Field.Head kills": "Fejlövések",
    "UI.Field.HEAD": "FEJ",
    "UI.Leaderboard.Column.Nickname": "Becenév",
    "UI.Leaderboard.Column.Kills": "Ölések",
    "UI.Leaderboard.Column.Deaths": "Halálok",
    "UI.Leaderboard.Column.KDR": "K/H arány",
    "UI.Leaderboard.Column.NPC Kills": "NPC ölés",
    "UI.Leaderboard.Column.Total online": "Összes online",
    "UI.Leaderboard.Column.Scores": "Pontszámok",
    "UI.BodyParts.HEAD": "FEJ",
    "UI.BodyParts.ARM": "KAR",
    "UI.BodyParts.CHEST": "MELLKAS",
    "UI.BodyParts.HIP": "CSÍPŐ",
    "UI.BodyParts.BODY": "TEST",
    "UI.BodyParts.NECK": "NYAK",
    "UI.Building.wall.frame_twigs": "FAL.KERET- GALLYAK",
    "UI.Grade.twigs": "TWIGS",
    "UI.Building.wall.frame_wood": "FAL.KERET- FA",
    "UI.Grade.wood": "WOOD",
    "UI.Building.wall.frame_stone": "FAL.KERET- KŐ",
    "UI.Grade.stone": "STONE",
    "UI.Building.wall.frame_metal": "FAL.KERET- FÉM",
    "UI.Grade.metal": "METAL",
    "UI.Building.wall.frame_toptier": "FAL.KERET- FELSŐ SZINT",
    "UI.Grade.toptier": "TOPTIER",
    "UI.Building.wall.frame_count": "FAL.KERET- DARAB",
    "UI.Grade.count": "COUNT",
    "UI.Building.wall.frame_none": "FAL.KERET- NINCS",
    "UI.Grade.none": "NONE",
    "UI.Building.block.stair.ushape_twigs": "BLOKK.LÉPCSŐ.U-ALAK- GALLYAK",
    "UI.Building.block.stair.ushape_wood": "BLOKK.LÉPCSŐ.U-ALAK- FA",
    "UI.Building.block.stair.ushape_stone": "BLOKK.LÉPCSŐ.U-ALAK- KŐ",
    "UI.Building.block.stair.ushape_metal": "BLOKK.LÉPCSŐ.U-ALAK- FÉM",
    "UI.Building.block.stair.ushape_toptier": "BLOKK.LÉPCSŐ.U-ALAK- FELSŐ SZINT",
    "UI.Building.block.stair.ushape_count": "BLOKK.LÉPCSŐ.U-ALAK- DARAB",
    "UI.Building.block.stair.ushape_none": "BLOKK.LÉPCSŐ.U-ALAK- NINCS",
    "UI.Building.roof_twigs": "TETŐ- GALLYAK",
    "UI.Building.roof_wood": "TETŐ- FA",
    "UI.Building.roof_stone": "TETŐ- KŐ",
    "UI.Building.roof_metal": "TETŐ- FÉM",
    "UI.Building.roof_toptier": "TETŐ- FELSŐ SZINT",
    "UI.Building.roof_count": "TETŐ- DARAB",
    "UI.Building.roof_none": "TETŐ- NINCS",
    "UI.Building.wall.window_twigs": "FAL.ABLAK- GALLYAK",
    "UI.Building.wall.window_wood": "FAL.ABLAK- FA",
    "UI.Building.wall.window_stone": "FAL.ABLAK- KŐ",
    "UI.Building.wall.window_metal": "FAL.ABLAK- FÉM",
    "UI.Building.wall.window_toptier": "FAL.ABLAK- FELSŐ SZINT",
    "UI.Building.wall.window_count": "FAL.ABLAK- DARAB",
    "UI.Building.wall.window_none": "FAL.ABLAK- NINCS",
    "UI.Building.floor.triangle.frame_twigs": "PADLÓ.HÁROMSZÖG.KERET- GALLYAK",
    "UI.Building.floor.triangle.frame_wood": "PADLÓ.HÁROMSZÖG.KERET- FA",
    "UI.Building.floor.triangle.frame_stone": "PADLÓ.HÁROMSZÖG.KERET- KŐ",
    "UI.Building.floor.triangle.frame_metal": "PADLÓ.HÁROMSZÖG.KERET- FÉM",
    "UI.Building.floor.triangle.frame_toptier": "PADLÓ.HÁROMSZÖG.KERET- FELSŐ SZINT",
    "UI.Building.floor.triangle.frame_count": "PADLÓ.HÁROMSZÖG.KERET- DARAB",
    "UI.Building.floor.triangle.frame_none": "PADLÓ.HÁROMSZÖG.KERET- NINCS",
    "UI.Building.wall.low_twigs": "FAL.ALACSONY- GALLYAK",
    "UI.Building.wall.low_wood": "FAL.ALACSONY- FA",
    "UI.Building.wall.low_stone": "FAL.ALACSONY- KŐ",
    "UI.Building.wall.low_metal": "FAL.ALACSONY- FÉM",
    "UI.Building.wall.low_toptier": "FAL.ALACSONY- FELSŐ SZINT",
    "UI.Building.wall.low_count": "FAL.ALACSONY- DARAB",
    "UI.Building.wall.low_none": "FAL.ALACSONY- NINCS",
    "UI.Building.wall.half_twigs": "FAL.FÉL- GALLYAK",
    "UI.Building.wall.half_wood": "FAL.FÉL- FA",
    "UI.Building.wall.half_stone": "FAL.FÉL- KŐ",
    "UI.Building.wall.half_metal": "FAL.FÉL- FÉM",
    "UI.Building.wall.half_toptier": "FAL.FÉL- FELSŐ SZINT",
    "UI.Building.wall.half_count": "FAL.FÉL- DARAB",
    "UI.Building.wall.half_none": "FAL.FÉL- NINCS",
    "UI.Building.roof.triangle_twigs": "TETŐ.HÁROMSZÖG- GALLYAK",
    "UI.Building.roof.triangle_wood": "TETŐ.HÁROMSZÖG- FA",
    "UI.Building.roof.triangle_stone": "TETŐ.HÁROMSZÖG- KŐ",
    "UI.Building.roof.triangle_metal": "TETŐ.HÁROMSZÖG- FÉM",
    "UI.Building.roof.triangle_toptier": "TETŐ.HÁROMSZÖG- FELSŐ SZINT",
    "UI.Building.roof.triangle_count": "TETŐ.HÁROMSZÖG- DARAB",
    "UI.Building.roof.triangle_none": "TETŐ.HÁROMSZÖG- NINCS",
    "UI.Building.foundation.steps_twigs": "ALAP.STEPS- GALLYAK",
    "UI.Building.foundation.steps_wood": "ALAP.STEPS- FA",
    "UI.Building.foundation.steps_stone": "ALAP.STEPS- KŐ",
    "UI.Building.foundation.steps_metal": "ALAP.STEPS- FÉM",
    "UI.Building.foundation.steps_toptier": "ALAP.STEPS- FELSŐ SZINT",
    "UI.Building.foundation.steps_count": "ALAP.STEPS- DARAB",
    "UI.Building.foundation.steps_none": "ALAP.STEPS- NINCS",
    "UI.Building.floor_twigs": "PADLÓ- GALLYAK",
    "UI.Building.floor_wood": "PADLÓ- FA",
    "UI.Building.floor_stone": "PADLÓ- KŐ",
    "UI.Building.floor_metal": "PADLÓ- FÉM",
    "UI.Building.floor_toptier": "PADLÓ- FELSŐ SZINT",
    "UI.Building.floor_count": "PADLÓ- DARAB",
    "UI.Building.floor_none": "PADLÓ- NINCS",
    "UI.Building.ramp_twigs": "RAMP- GALLYAK",
    "UI.Building.ramp_wood": "RAMP- FA",
    "UI.Building.ramp_stone": "RAMP- KŐ",
    "UI.Building.ramp_metal": "RAMP- FÉM",
    "UI.Building.ramp_toptier": "RAMP- FELSŐ SZINT",
    "UI.Building.ramp_count": "RAMP- DARAB",
    "UI.Building.ramp_none": "RAMP- NINCS",
    "UI.Building.wall_twigs": "FAL- GALLYAK",
    "UI.Building.wall_wood": "FAL- FA",
    "UI.Building.wall_stone": "FAL- KŐ",
    "UI.Building.wall_metal": "FAL- FÉM",
    "UI.Building.wall_toptier": "FAL- FELSŐ SZINT",
    "UI.Building.wall_count": "FAL- DARAB",
    "UI.Building.wall_none": "FAL- NINCS",
    "UI.Building.wall.doorway_twigs": "FAL.AJTÓNYÍLÁS- GALLYAK",
    "UI.Building.wall.doorway_wood": "FAL.AJTÓNYÍLÁS- FA",
    "UI.Building.wall.doorway_stone": "FAL.AJTÓNYÍLÁS- KŐ",
    "UI.Building.wall.doorway_metal": "FAL.AJTÓNYÍLÁS- FÉM",
    "UI.Building.wall.doorway_toptier": "FAL.AJTÓNYÍLÁS- FELSŐ SZINT",
    "UI.Building.wall.doorway_count": "FAL.AJTÓNYÍLÁS- DARAB",
    "UI.Building.wall.doorway_none": "FAL.AJTÓNYÍLÁS- NINCS",
    "UI.Building.block.stair.lshape_twigs": "BLOKK.LÉPCSŐ.LSHAPE- GALLYAK",
    "UI.Building.block.stair.lshape_wood": "BLOKK.LÉPCSŐ.LSHAPE- FA",
    "UI.Building.block.stair.lshape_stone": "BLOKK.LÉPCSŐ.LSHAPE- KŐ",
    "UI.Building.block.stair.lshape_metal": "BLOKK.LÉPCSŐ.LSHAPE- FÉM",
    "UI.Building.block.stair.lshape_toptier": "BLOKK.LÉPCSŐ.LSHAPE- FELSŐ SZINT",
    "UI.Building.block.stair.lshape_count": "BLOKK.LÉPCSŐ.LSHAPE- DARAB",
    "UI.Building.block.stair.lshape_none": "BLOKK.LÉPCSŐ.LSHAPE- NINCS",
    "UI.Building.foundation.triangle_twigs": "ALAP.HÁROMSZÖG- GALLYAK",
    "UI.Building.foundation.triangle_wood": "ALAP.HÁROMSZÖG- FA",
    "UI.Building.foundation.triangle_stone": "ALAP.HÁROMSZÖG- KŐ",
    "UI.Building.foundation.triangle_metal": "ALAP.HÁROMSZÖG- FÉM",
    "UI.Building.foundation.triangle_toptier": "ALAP.HÁROMSZÖG- FELSŐ SZINT",
    "UI.Building.foundation.triangle_count": "ALAP.HÁROMSZÖG- DARAB",
    "UI.Building.foundation.triangle_none": "ALAP.HÁROMSZÖG- NINCS",
    "UI.Building.floor.triangle_twigs": "PADLÓ.HÁROMSZÖG- GALLYAK",
    "UI.Building.floor.triangle_wood": "PADLÓ.HÁROMSZÖG- FA",
    "UI.Building.floor.triangle_stone": "PADLÓ.HÁROMSZÖG- KŐ",
    "UI.Building.floor.triangle_metal": "PADLÓ.HÁROMSZÖG- FÉM",
    "UI.Building.floor.triangle_toptier": "PADLÓ.HÁROMSZÖG- FELSŐ SZINT",
    "UI.Building.floor.triangle_count": "PADLÓ.HÁROMSZÖG- DARAB",
    "UI.Building.floor.triangle_none": "PADLÓ.HÁROMSZÖG- NINCS",
    "UI.Building.floor.frame_twigs": "PADLÓ.KERET- GALLYAK",
    "UI.Building.floor.frame_wood": "PADLÓ.KERET- FA",
    "UI.Building.floor.frame_stone": "PADLÓ.KERET- KŐ",
    "UI.Building.floor.frame_metal": "PADLÓ.KERET- FÉM",
    "UI.Building.floor.frame_toptier": "PADLÓ.KERET- FELSŐ SZINT",
    "UI.Building.floor.frame_count": "PADLÓ.KERET- DARAB",
    "UI.Building.floor.frame_none": "PADLÓ.KERET- NINCS",
    "UI.Building.foundation_twigs": "ALAP- GALLYAK",
    "UI.Building.foundation_wood": "ALAP- FA",
    "UI.Building.foundation_stone": "ALAP- KŐ",
    "UI.Building.foundation_metal": "ALAP- FÉM",
    "UI.Building.foundation_toptier": "ALAP- FELSŐ SZINT",
    "UI.Building.foundation_count": "ALAP- DARAB",
    "UI.Building.foundation_none": "ALAP- NINCS",
    "UI.Building.block.stair.spiral_twigs": "BLOKK.LÉPCSŐ.CSAVART- GALLYAK",
    "UI.Building.block.stair.spiral_wood": "BLOKK.LÉPCSŐ.CSAVART- FA",
    "UI.Building.block.stair.spiral_stone": "BLOKK.LÉPCSŐ.CSAVART- KŐ",
    "UI.Building.block.stair.spiral_metal": "BLOKK.LÉPCSŐ.CSAVART- FÉM",
    "UI.Building.block.stair.spiral_toptier": "BLOKK.LÉPCSŐ.CSAVART- FELSŐ SZINT",
    "UI.Building.block.stair.spiral_count": "BLOKK.LÉPCSŐ.CSAVART- DARAB",
    "UI.Building.block.stair.spiral_none": "BLOKK.LÉPCSŐ.CSAVART- NINCS",
    "UI.Building.block.stair.spiral.triangle_twigs": "BLOKK.LÉPCSŐ.CSAVART.HÁROMSZÖG- GALLYAK",
    "UI.Building.block.stair.spiral.triangle_wood": "BLOKK.LÉPCSŐ.CSAVART.HÁROMSZÖG- FA",
    "UI.Building.block.stair.spiral.triangle_stone": "BLOKK.LÉPCSŐ.CSAVART.HÁROMSZÖG- KŐ",
    "UI.Building.block.stair.spiral.triangle_metal": "BLOKK.LÉPCSŐ.CSAVART.HÁROMSZÖG- FÉM",
    "UI.Building.block.stair.spiral.triangle_toptier": "BLOKK.LÉPCSŐ.CSAVART.HÁROMSZÖG- FELSŐ SZINT",
    "UI.Building.block.stair.spiral.triangle_count": "BLOKK.LÉPCSŐ.CSAVART.HÁROMSZÖG- DARAB",
    "UI.Building.block.stair.spiral.triangle_none": "BLOKK.LÉPCSŐ.CSAVART.HÁROMSZÖG- NINCS"
}
