{
    "Store": "<color=#838383>[</color><color=#f7432a>BestRust Servers</color><color=#838383>]</color> Το κατάστημά μας είναι πολύ εύκολο στη χρήση. Μπορείτε να αγοράσετε <color=#f5e942>VIP Ranks και Kits</color> για <color=#f5e942>μόλις 1€</color> και θα τα λάβετε αμέσως. \nΜπορείτε να πληρώσετε με <color=#ff7763>όλους τους τρόπους πληρωμής</color>, ακόμα και με <color=#f5e942>Rust skins</color> και <color=#f5e942>crypto</color>. Χρησιμοποιήστε <color=#f7432a>/kit</color> και δείτε τα kits.\n\nΤα προνόμια VIP περιλαμβάνουν <color=#ff7763>Kits</color>, <color=#ff7763>Παράκαμψη Αναμονής</color>, <color=#ff7763>Skinbox</color>, <color=#ff7763>Αναγέννηση με περισσότερη ζωή, νερό και φαγητό</color> & <color=#ff7763>πολλά περισσότερα</color>, οπότε φροντίστε να επισκεφθείτε το κατάστημά μας!\n\nΕυχαριστούμε όλους όσους υποστηρίζουν τους servers μας και μας βοηθούν να τους διατηρούμε ενεργούς!\n\n<color=#ff5c45>https://store.bestrustservers.com/</color>",
    "Splits": "<color=#838383>[</color><color=#f7432a>BestRust Servers</color><color=#838383>]</color> Get <color=#f5e942>Multiple Very OP kit rewards</color> for depositing on splits.gg with the <color=#f5e942>BESTRUST code</color>. </color>Check <color=#ff5c45>/kit</color> for the rewards and make sure you use the <color=#f5e942>BESTRUST code</color> when you deposit on splits.gg",
    "PlaytimeRewards": "<color=#838383>[</color><color=#f7432a>BestRust Servers</color><color=#838383>]</color> Μπορείτε να κερδίσετε <color=#7dda58>δωρεάν kits</color> και <color=#e1c05f>ανταμοιβές</color> φτάνοντας σε συγκεκριμένο χρόνο παιχνιδιού στους servers Bestrust.\n\nΜπορείτε να ελέγξετε τον χρόνο παιχνιδιού σας και να διαβάσετε περισσότερες πληροφορίες με την εντολή <color=#ff5c45>/playtime</color>.",
    "Store2": "<color=#838383>[</color><color=#f7432a>BestRust Servers</color><color=#838383>]</color> Το κατάστημά μας είναι πολύ εύκολο στη χρήση. Μπορείτε να αγοράσετε <color=#f5e942>VIP Ranks και Kits</color> για <color=#f5e942>μόλις 1€</color> και θα τα λάβετε αμέσως. \nΜπορείτε να πληρώσετε με <color=#ff7763>όλους τους τρόπους πληρωμής</color>, ακόμα και με <color=#f5e942>Rust skins</color> και <color=#f5e942>crypto</color>. Χρησιμοποιήστε <color=#f7432a>/kit</color> και δείτε τα kits.\n\nΤα προνόμια VIP περιλαμβάνουν <color=#ff7763>Kits</color>, <color=#ff7763>Παράκαμψη Αναμονής</color>, <color=#ff7763>Skinbox</color>, <color=#ff7763>Αναγέννηση με περισσότερη ζωή, νερό και φαγητό</color> & <color=#ff7763>πολλά περισσότερα</color>, οπότε φροντίστε να επισκεφθείτε το κατάστημά μας!\n\nΕυχαριστούμε όλους όσους υποστηρίζουν τους servers μας και μας βοηθούν να τους διατηρούμε ενεργούς!\n\n<color=#ff5c45>https://store.bestrustservers.com/</color>",
    "Splits2": "<color=#838383>[</color><color=#f7432a>BestRust Servers</color><color=#838383>]</color> Get <color=#f5e942>3 free high value rust skins and a free kit</color> by using the <color=#f5e942>BESTRUST code</color>on splits.gg",
    "Staff": "<color=#838383>[</color><color=#f7432a>BestRust Servers</color><color=#838383>]</color> Θέλετε να κερδίσετε <color=#f5e942>δωρεάν VIP, πραγματικά χρήματα ή skins</color>;\nΨάχνουμε για νέα μέλη προσωπικού. Μπορείτε να κάνετε αίτηση για <color=#7dda58>Moderator</color>, <color=#da5a5a>Admin</color>, <color=#cc6ce7>Community Manager</color> ή <color=#d49a17>Content Creator</color>.\n\nΑν ενδιαφέρεστε, επισκεφθείτε το κανάλι #open-applications στο discord μας: <color=#ff5c45>discord.gg/bestrustservers</color>",
    "Store3": "<color=#838383>[</color><color=#f7432a>BestRust Servers</color><color=#838383>]</color> Το κατάστημά μας είναι πολύ εύκολο στη χρήση. Μπορείτε να αγοράσετε <color=#f5e942>VIP Ranks και Kits</color> για <color=#f5e942>μόλις 1€</color> και θα τα λάβετε αμέσως. \nΜπορείτε να πληρώσετε με <color=#ff7763>όλους τους τρόπους πληρωμής</color>, ακόμα και με <color=#f5e942>Rust skins</color> και <color=#f5e942>crypto</color>. Χρησιμοποιήστε <color=#f7432a>/kit</color> και δείτε τα kits.\n\nΤα προνόμια VIP περιλαμβάνουν <color=#ff7763>Kits</color>, <color=#ff7763>Παράκαμψη Αναμονής</color>, <color=#ff7763>Skinbox</color>, <color=#ff7763>Αναγέννηση με περισσότερη ζωή, νερό και φαγητό</color> & <color=#ff7763>πολλά περισσότερα</color>, οπότε φροντίστε να επισκεφθείτε το κατάστημά μας!\n\nΕυχαριστούμε όλους όσους υποστηρίζουν τους servers μας και μας βοηθούν να τους διατηρούμε ενεργούς!\n\n<color=#ff5c45>https://store.bestrustservers.com/</color>",
    "Splits3": "<color=#838383>[</color><color=#f7432a>BestRust Servers</color><color=#838383>]</color> Get <color=#f5e942>Multiple Very OP kit rewards</color> for depositing on splits.gg with the <color=#f5e942>BESTRUST code</color>. </color>Check <color=#ff5c45>/kit</color> for the rewards and make sure you use the <color=#f5e942>BESTRUST code</color> when you deposit on splits.gg",
    "Discord": "<color=#838383>[</color><color=#f7432a>BestRust Servers</color><color=#838383>]</color> Αν χρειάζεστε βοήθεια ή θέλετε να αναφέρετε έναν παίκτη, παρακαλώ δημιουργήστε ένα ticket στο discord μας. Είμαστε πάντα πρόθυμοι να σας βοηθήσουμε! <color=#ff5c45>discord.gg/bestrustservers</color>"
}
