{
    "Playtime": "<color=#838383>[</color><color=#f7432a>BestRust Servers</color><color=#838383>]</color> Μπορείς να αποκτήσεις <color=#7dda58>παράκαμψη της αναμονής</color> επιτυγχάνοντας συγκεκριμένο χρόνο παιχνιδιού στους BestRust servers.\n\nΜπορείς να ελέγξεις τον χρόνο παιχνιδιού σου και να διαβάσεις περισσότερες πληροφορίες με την εντολή <color=#ff5c45>/playtime</color>.",
    "RustMagic": "<color=#838383>[</color><color=#f7432a>BestRust Servers</color><color=#838383>]</color> Πάρε <color=#f5e942>3 δωρεάν, υψηλής αξίας skins για Rust</color> εδώ χρησιμοποιώντας τον κωδικό <color=#f5e942>BESTRUST</color>: https://splits.gg/r/BESTRUST",
    "Store": "<color=#838383>[</color><color=#f7432a>BestRust Servers</color><color=#838383>]</color> Μπορείς να αγοράσεις <color=#f5e942>VIP - Παράκαμψη Αναμονής μόνο με 1€</color>, επισκέψου το κατάστημά μας! Κάνε κλικ για να δεις τη σελίδα μας.<color=#ff5c45>https://store.bestrustservers.com/</color>",
    "Staff": "<color=#838383>[</color><color=#f7432a>BestRust Servers</color><color=#838383>]</color> Θέλεις να κερδίσεις <color=#f5e942>δωρεάν VIP, πραγματικά λεφτά ή skins</color>;\nΨάχνουμε για νέα μέλη στην ομάδα. Μπορείς να κάνεις αίτηση για <color=#7dda58>Moderator</color>, <color=#da5a5a>Admin</color>, <color=#cc6ce7>Community Manager</color> ή <color=#d49a17>Content Creator</color>.\n\nΑν ενδιαφέρεσαι, επισκέψου το κανάλι #open-applications στο discord μας: <color=#ff5c45>discord.gg/bestrustservers</color>",
    "RustMagic2": "<color=#838383>[</color><color=#f7432a>BestRust Servers</color><color=#838383>]</color> Πάρε <color=#f5e942>3 δωρεάν, υψηλής αξίας skins για Rust</color> εδώ χρησιμοποιώντας τον κωδικό <color=#f5e942>BESTRUST</color>: https://splits.gg/r/BESTRUST",
    "Store2": "<color=#838383>[</color><color=#f7432a>BestRust Servers</color><color=#838383>]</color> Μπορείς να αγοράσεις <color=#f5e942>VIP - Παράκαμψη Αναμονής μόνο με 1€</color>, επισκέψου το κατάστημά μας! Κάνε κλικ για να δεις τη σελίδα μας.<color=#ff5c45>https://store.bestrustservers.com/</color>",
    "Discord": "<color=#838383>[</color><color=#f7432a>BestRust Servers</color><color=#838383>]</color> Αν χρειάζεσαι βοήθεια ή θέλεις να αναφέρεις έναν παίκτη, δημιούργησε ένα αίτημα στο discord μας. Είμαστε πάντα χαρούμενοι να σε βοηθήσουμε! <color=#ff5c45>discord.gg/bestrustservers</color>"
}