{
  "Prefix": "<color=#D85540>[Μοιρασιά Σχεδίων]</color> ",
  "ArgumentsError": "Λάθος χρήση εντολής. Δοκιμάστε <color=#ffff00>/bs help</color>.",
  "Help": "<color=#D85540>Εντολές Μοιρασιάς Σχεδίων:</color>\n<color=#D85540>/bs toggle</color> - Εναλλαγή αυτόματης μοιρασιάς σχεδίων\n<color=#D85540>/bs share <player></color> - Μοιράστε τα μαθεμένα σχέδια σας με έναν παίκτη\n<color=#D85540>/bs show <team|clan|friend> [name]</color> - Δείτε σχέδια που μοιράστηκαν μαζί σας\n<color=#D85540>/bs help</color> - Δείτε αυτό το μενού βοήθειας",
  "ToggleOn": "Η μοιρασιά σχεδίων είναι τώρα <color=#00ff00>ενεργοποιημένη</color>.",
  "ToggleOff": "Η μοιρασιά σχεδίων είναι τώρα <color=#ff0000>απενεργοποιημένη</color>.",
  "NoPermission": "Δεν έχετε άδεια να χρησιμοποιήσετε αυτή την εντολή.",
  "CannotShare": "Δεν μπορείτε να μοιραστείτε σχέδια με αυτόν τον παίκτη, πρέπει να είναι στην ομάδα, τη φυλή σας, ή στη λίστα φίλων σας.",
  "NoTarget": "Πρέπει να καθορίσετε έναν παίκτη για να μοιραστείτε μαζί του.",
  "TargetEqualsPlayer": "Δεν μπορείτε να μοιραστείτε σχέδια με τον εαυτό σας.",
  "PlayerNotFound": "Ο παίκτης δεν βρέθηκε.",
  "PlayerSharedBlueprints": "Μοιραστήκατε <color=#ffff00>{0}</color> σχέδιο/α με τον/την <color=#ffff00>{1}</color>.",
  "TargetLearntBlueprints": "<color=#ffff00>{0}</color> μοιράστηκε <color=#ffff00>{1}</color> σχέδιο/α μαζί σας.",
  "NoBlueprintsToShare": "Δεν έχετε νέα σχέδια να μοιραστείτε με τον/την <color=#ffff00>{0}</color>.",
  "PlayerSharedBlueprint": "Μάθατε το σχέδιο <color=#ffff00>{0}</color> και το μοιραστήκατε με <color=#ffff00>{1}</color> παίκτη/ες.",
  "TargetLearntBlueprint": "<color=#ffff00>{0}</color> μοιράστηκε το σχέδιο <color=#ffff00>{1}</color> μαζί σας.",
  "BlueprintBlocked": "Το σχέδιο <color=#ffff00>{0}</color> είναι μπλοκαρισμένο από το να μοιραστεί, αλλά το έχετε μάθει.",
  "TargetSharingDisabled": "Δεν μπορείτε να μοιραστείτε σχέδια με τον/την <color=#ffff00>{0}</color> � έχουν απενεργοποιήσει τη μοιρασιά.",
  "BlueprintsRemoved": "Έχετε χάσει την πρόσβαση σε <color=#ffff00>{0}</color> σχέδιο/α.",
  "ShowMissingArgument": "Πρέπει να καθορίσετε ποια κοινόχρηστα σχέδια να δείτε. Επιλογές: <color=#ffff00>team</color>, <color=#ffff00>clan</color>, ή <color=#ffff00>friend</color>.",
  "ShowFriendArgumentMissing": "Πρέπει να καθορίσετε το όνομα ενός φίλου.",
  "NotFriends": "Δεν είστε φίλοι με αυτόν τον παίκτη.",
  "NoSharedBlueprints": "Δεν έχουν μοιραστεί σχέδια μαζί σας.",
  "SharedBlueprintsTitle": "Σχέδια Μοιρασμένα Μαζί Σας:",
  "ShowSharedBlueprints": "<color=#ffff00>Τιμή {0}:</color> {1}",
  "LoseBlueprintsDisabled": "Αυτή η δυνατότητα έχει απενεργοποιηθεί από τον διαχειριστή του διακομιστή."
}