{
  "Notification.ClanInfo.Title": "<size=18><color=#ffa500>Clans</color></size><size=14><color=#ce422b> REBORN</color></size>",
  "Notification.ClanInfo.Tag": "\nΕτικέτα Clan: <color=#b2eece>{0}</color>",
  "Notification.ClanInfo.Description": "\nΠεριγραφή: <color=#b2eece>{0}</color>",
  "Notification.ClanInfo.Online": "\nΜέλη σε σύνδεση: {0}",
  "Notification.ClanInfo.Offline": "\nΜέλη εκτός σύνδεσης: {0}",
  "Notification.ClanInfo.Members": "\nΜέλη: {0}",
  "Notification.ClanInfo.Established": "\nΗμερομηνία Ίδρυσης: <color=#b2eece>{0}</color>",
  "Notification.ClanInfo.LastOnline": "\nΤελευταία σύνδεση: <color=#b2eece>{0}</color>",
  "Notification.ClanInfo.Alliances": "\nΣυμμαχίες: <color=#b2eece>{0}</color>",
  "Notification.ClanInfo.Alliances.None": "Καμία",
  "Notification.ClanInfo.TotalMembers": "\nΣύνολο Μελών: <color=#b2eece>{0}</color>",
  "Notification.ClanInfo.TotalAlliances": "\nΣύνολο Συμμαχιών: <color=#b2eece>{0}</color>",
  "Notification.Create.InExistingClan": "Είστε ήδη μέλος ενός clan",
  "Notification.Create.NoPermission": "Δεν έχετε την άδεια να δημιουργήσετε clan",
  "Notification.Create.TagReserved1": "Η ετικέτα {0} είναι κρατημένη για άλλον παίκτη",
  "Notification.Create.InvalidTagLength": "Η ετικέτα που επιλέξατε είναι άκυρη. Πρέπει να έχει από {0} έως {1} χαρακτήρες",
  "Notification.Create.InvalidCharacters": "Η ετικέτα που επιλέξατε περιέχει απαγορευμένους χαρακτήρες ή λέξεις",
  "Notification.Create.ClanExists": "Υπάρχει ήδη clan με αυτή την ετικέτα",
  "Notification.Create.NoNativeCreate": "Πρέπει να δημιουργήσετε clan με την εντολή /clan create <tag> <description>",
  "Notification.Create.Success": "Δημιουργήσατε το clan <color=#aaff55>[{0}]</color>",
  "Notification.Kick.IsOwner": "Δεν μπορείτε να αποβάλετε τον αρχηγό του clan",
  "Notification.Kick.NoPermissions": "Δεν έχετε αρκετή άδεια να αποβάλετε μέλη του clan",
  "Notification.Kick.NotClanmember": "Ο στόχος δεν είναι μέλος του clan σας",
  "Notification.Kick.Self": "Δεν μπορείτε να αποβάλετε τον εαυτό σας",
  "Notification.Kick.NotEnoughRank": "Μόνο ο αρχηγός του clan μπορεί να αποβάλλει μέλος με κατάταξη",
  "Notification.Kick.NoPlayerFound": "Δεν βρέθηκε παίκτης με το συγκεκριμένο όνομα ή ID",
  "Notification.Kick.Message": "{0} απέβαλε τον {1} από το clan!",
  "Notification.Kick.PlayerMessage": "Ο {0} σας απέβαλε από το clan!",
  "Notification.Kick.NoPermission": "Δεν έχετε την άδεια να αποβάλετε μέλη του clan",
  "Notification.Leave.Message": "Ο {0} έχει αποχωρήσει από το clan!",
  "Notification.Leave.PlayerMessage": "Αποχωρήσατε από το clan <color=#aaff55>[{0}]</color>!",
  "Notification.Leave.NewOwner": "Ο {0} είναι τώρα ο αρχηγός του clan!",
  "Notification.Leave.NoPermission": "Δεν έχετε την άδεια να αποχωρήσετε από αυτό το clan",
  "Notification.Join.NoPermission": "Δεν έχετε την άδεια να συμμετάσχετε σε κάποιο clan",
  "Notification.Join.ExpiredInvite": "Η πρόσκλησή σας στο {0} έχει λήξει!",
  "Notification.Join.InExistingClan": "Είστε ήδη μέλος άλλου clan",
  "Notification.Join.Message": "Ο {0} έχει ενταχθεί στο clan!",
  "Notification.Invite.NoPermissions": "Δεν έχετε αρκετή άδεια να προσκαλέσετε άλλους παίκτες",
  "Notification.Invite.InviteLimit": "Έχετε ήδη τον μέγιστο επιτρεπτό αριθμό προσκλήσεων",
  "Notification.Invite.InviteCooldown": "Πρέπει να περιμένετε άλλο {0} πριν προσκαλέσετε νέα μέλη",
  "Notification.Invite.HasPending": "Ο {0} έχει ήδη εκκρεμή πρόσκληση για clan",
  "Notification.Invite.IsMember": "Ο {0} είναι ήδη μέλος του clan",
  "Notification.Invite.InClan": "Ο {0} είναι ήδη μέλος άλλου clan",
  "Notification.Invite.NoPermission": "Ο {0} δεν έχει την απαιτούμενη άδεια να ενταχθεί σε clan",
  "Notification.Invite.SuccesTarget": "Έχετε προσκληθεί να συμμετάσχετε στο clan: <color=#aaff55>[{0}]</color> '{1}'\nΓια να συμμετάσχετε, πληκτρολογήστε: <color=#ffd479>/{2} accept {0}</color>",
  "Notification.Invite.SuccessClan": "Ο {0} προσκάλεσε τον {1} να ενταχθεί στο clan",
  "Notification.PendingInvites": "Έχετε εκκρεμείς προσκλήσεις clan από: {0}\nΓια να ενταχθείτε σε clan πληκτρολογήστε: <color=#ffd479>/{1} accept <tag></color>",
  "Notification.WithdrawInvite.NoPermissions": "Δεν έχετε αρκετή άδεια να ανακαλέσετε προσκλήσεις μελών",
  "Notification.WithdrawInvite.UnableToFind": "Δεν βρέθηκε πρόσκληση για τον παίκτη με {0}",
  "Notification.WithdrawInvite.Success": "Ο {0} ανακάλεσε την πρόσκληση μέλους για τον {1}",
  "Notification.RejectInvite.InvalidInvite": "Δεν έχετε πρόσκληση να συμμετάσχετε στο <color=#aaff55>[{0}]</color>",
  "Notification.RejectInvite.Message": "Ο {0} απέρριψε την πρόσκληση να ενταχθεί στο clan σας",
  "Notification.RejectInvite.PlayerMessage": "Απορρίψατε την πρόσκληση να ενταχθείτε στο <color=#aaff55>[{0}]</color>",
  "Notification.Promotion.NoPermissions": "Δεν έχετε αρκετή άδεια να προάγετε άλλους παίκτες",
  "Notification.Promotion.TargetNoClan": "Ο {0} δεν είναι μέλος του clan σας",
  "Notification.Promotion.IsOwner": "Δεν μπορείτε να προάγετε τον αρχηγό του clan",
  "Notification.Promotion.IsCouncil": "Δεν μπορείτε να προάγετε πάνω από τον βαθμό του συμβουλίου",
  "Notification.Promotion.CouncilTaken": "Ο βαθμός του συμβουλίου έχει ήδη απονεμηθεί",
  "Notification.Promotion.ModeratorLimit": "Έχετε ήδη τον μέγιστο αριθμό συντονιστών",
  "Notification.Promotion.IsModerator": "Δεν μπορείτε να προάγετε πάνω από τον βαθμό του συντονιστή",
  "Notification.Promotion.Message": "Ο {0} προήχθη στον βαθμό του {1} από τον {2}",
  "Notification.Demotion.NoPermissions": "Δεν έχετε αρκετή άδεια να υποβαθμίσετε άλλους παίκτες",
  "Notification.Demotion.IsOwner": "Δεν μπορείτε να υποβαθμίσετε τον αρχηγό του clan",
  "Notification.Demotion.IsMember": "Ο {0} είναι ήδη στον χαμηλότερο βαθμό",
  "Notification.Demotion.Message": "Ο {0} υποβαθμίστηκε στον βαθμό του {1} από τον {2}",
  "Notification.Alliance.NoPermissions": "Δεν έχετε αρκετή άδεια να διαχειριστείτε τις συμμαχίες",
  "Notification.Alliance.PendingInvite": "<color=#aaff55>[{0}]</color> έχει ήδη εκκρεμή πρόσκληση συμμαχίας",
  "Notification.Alliance.MaximumInvites": "Έχετε ήδη τον μέγιστο αριθμό προσκλήσεων συμμαχίας",
  "Notification.Alliance.MaximumAlliances": "Έχετε ήδη τον μέγιστο αριθμό συμμαχιών",
  "Notification.Alliance.InviteSent": "Έχετε στείλει πρόσκληση συμμαχίας στο clan <color=#aaff55>[{0}]</color>\nΗ πρόσκληση θα λήξει σε: {1}",
  "Notification.Alliance.InviteReceived": "Έχετε λάβει πρόσκληση συμμαχίας από το clan <color=#aaff55>[{0}]</color>\nΓια αποδοχή, πληκτρολογήστε: <color=#ffd479>/{2} accept {0}</color>\nΗ πρόσκληση θα λήξει σε: {1}",
  "Notification.Alliance.NoActiveInvite": "Δεν έχετε ενεργή πρόσκληση συμμαχίας για το <color=#aaff55>[{0}]</color>",
  "Notification.Alliance.NoActiveInviteFrom": "Δεν έχετε ενεργή πρόσκληση συμμαχίας από το <color=#aaff55>[{0}]</color>",
  "Notification.Alliance.WithdrawnClan": "Ο {0} ανακάλεσε πρόσκληση συμμαχίας στο <color=#aaff55>[{1}]</color>",
  "Notification.Alliance.WithdrawnTarget": "<color=#aaff55>[{0}]</color> ανακάλεσε την πρόσκλησή του για συμμαχία",
  "Notification.Alliance.AtLimitTarget": "<color=#aaff55>[{0}]</color> αυτή τη στιγμή έχει τον μέγιστο αριθμό συμμαχιών",
  "Notification.Alliance.AtLimitSelf": "Το clan σας αυτή τη στιγμή έχει τον μέγιστο αριθμό συμμαχιών",
  "Notification.Alliance.AtLimitAlliedMembersTarget": "Ο αριθμός μελών του clan <color=#aaff55>[{0}]</color> συν ο αριθμός μελών της συμμαχίας συν ο αριθμός μελών του δικού σας clan υπερβαίνει το επιτρεπτό όριο",
  "Notification.Alliance.AtLimitAlliedMembersSelf": "Ο αριθμός μελών του clan σας συν ο αριθμός μελών της συμμαχίας συν ο αριθμός μελών του άλλου clan υπερβαίνει το επιτρεπτό όριο",
  "Notification.Alliance.Formed": "Το <color=#aaff55>[{0}]</color> σχημάτισε συμμαχία με το <color=#aaff55>[{1}]</color>",
  "Notification.Alliance.Rejected": "Το <color=#aaff55>[{0}]</color> απέρριψε την πρόταση για συμμαχία με το <color=#aaff55>[{1}]</color>",
  "Notification.Alliance.Revoked": "Το <color=#aaff55>[{0}]</color> ανακάλεσε την συμμαχία του με το <color=#aaff55>[{1}]</color>",
  "Notification.Alliance.NoActiveAlliance": "Δεν έχετε συμμαχία με το <color=#aaff55>[{0}]</color> αυτή τη στιγμή",
  "Notification.FF.MemberEnabled": "Οι συσκληρονόμοι <color=#ffd479>θα</color> δέχονται ζημιά από φιλικά πυρά",
  "Notification.FF.MemberDisabled": "Οι συσκληρονόμοι <color=#ffd479>δεν θα</color> δέχονται ζημιά από φιλικά πυρά",
  "Notification.FF.AllyEnabled": "Οι σύμμαχοι <color=#ffd479>θα</color> δέχονται ζημιά από φιλικά πυρά",
  "Notification.FF.AllyDisabled": "Οι σύμμαχοι <color=#ffd479>δεν θα</color> δέχονται ζημιά από φιλικά πυρά",
  "Notification.FF.IsEnabled": "<color=#aaff55>Ενεργοποιημένο</color>",
  "Notification.FF.IsDisabled": "<color=#ce422b>Απενεργοποιημένο</color>",
  "Notification.FF.OnHitClanMember": "Ο {0} είναι μέλος του clan και δεν μπορεί να πληγωθεί.\nΓια αλλαγή των φιλικών πυρών πληκτρολογήστε: <color=#ffd479>/{1}</color>",
  "Notification.FF.OnHitAllyMember": "Ο {0} είναι μέλος συμμαχικού clan και δεν μπορεί να πληγωθεί.\nΓια αλλαγή των συμμαχικών φιλικών πυρών πληκτρολογήστε: <color=#ffd479>/{1}</color>",
  "Notification.FF.ToggleNotOwner": "Μόνο ο αρχηγός του clan ή το Συμβούλιο μπορούν να αλλάξουν τα φιλικά πυρά",
  "Notification.FF.OwnerToggle": "Ο {0} άλλαξε τα φιλικά πυρά.\n{1}",
  "Notification.FF.OwnerAllyToggle": "Ο {0} άλλαξε τα συμμαχικά φιλικά πυρά.\n{1}",
  "Notification.ClanHelp.NoClan": "\nΔιαθέσιμες Εντολές:\n<color=#ffd479>/{0} create <tag> \"description\"</color> - Δημιουργήστε ένα νέο clan\n<color=#ffd479>/{0} accept <tag></color> - Ενταχθείτε σε ένα clan με πρόσκληση\n<color=#ffd479>/{0} reject <tag></color> - Απορρίψτε μια πρόσκληση clan",
  "Notification.ClanHelp.Basic2": "\nΔιαθέσιμες Εντολές:\n<color=#ffd479>/{0}</color> - Δείτε τις πληροφορίες του clan σας\n<color=#ffd479>/{1} <message></color> - Στείλτε μήνυμα μέσω clan chat\n<color=#ffd479>/{0} leave</color> - Αποχωρήστε από το τρέχον clan",
  "Notification.ClanHelp.MFF": "\n<color=#ffd479>/{0}</color> - Αλλάξτε τα φιλικά πυρά για τους συνομώτες του clan",
  "Notification.ClanHelp.AFF": "\n<color=#ffd479>/{0}</color> - Αλλάξτε τα φιλικά πυρά για τα μέλη συμμαχικών clan",
  "Notification.ClanHelp.Alliance": "\n\n<color=#45b6fe><size=14>Εντολές Συμμαχίας:</size></color>\n<color=#ffd479>/{0} invite <tag></color> - Προσκαλέστε ένα clan να γίνει σύμμαχος\n<color=#ffd479>/{0} withdraw <tag></color> - Ανακαλέστε πρόσκληση συμμαχίας\n<color=#ffd479>/{0} accept <tag></color> - Αποδεχθείτε πρόσκληση συμμαχίας\n<color=#ffd479>/{0} reject <tag></color> - Απορρίψτε πρόσκληση συμμαχίας\n<color=#ffd479>/{0} revoke <tag></color> - Ανακαλέστε μια συμμαχία",
  "Notification.ClanHelp.Moderator": "\n\n<color=#b573ff><size=14>Εντολές Συντονιστή:</size></color>\n<color=#ffd479>/{0} invite <name or ID></color> - Προσκαλέστε παίκτη στο clan σας\n<color=#ffd479>/{0} withdraw <name or ID></color> - Ανακαλέστε μια πρόσκληση\n<color=#ffd479>/{0} kick <name or ID></color> - Αποβάλετε ένα μέλος από το clan σας",
  "Notification.ClanHelp.Owner": "\n\n<color=#a1ff46><size=14>Εντολές Ιδιοκτήτη:</size></color>\n<color=#ffd479>/{0} promote <name or ID></color> - Προαγωγή μέλους του clan\n<color=#ffd479>/{0} demote <name or ID></color> - Υποβάθμιση μέλους του clan\n<color=#ffd479>/{0} disband forever</color> - Διάλυση του clan σας",
  "Notification.ClanHelp.TagColor": "\n<color=#ffd479>/{0} tagcolor <hex></color> - Ρυθμίστε ένα προσαρμοσμένο χρώμα ετικέτας clan\n<color=#ffd479>/{0} tagcolor reset</color> - Επαναφέρετε το προεπιλεγμένο χρώμα ετικέτας clan",
  "Notification.Clan.NotInAClan": "\nΔεν είστε αυτή τη στιγμή μέλος κάποιου clan",
  "Notification.Clan.Help": "\nΓια να δείτε τις διαθέσιμες εντολές πληκτρολογήστε: <color=#ffd479>/{0}</color>",
  "Notification.Clan.OwnerOf": "\nΕίστε ο αρχηγός του: <color=#aaff55>{0}</color> ({1}/{2})",
  "Notification.Clan.CouncilOf": "\nΕίστε στο συμβούλιο του: <color=#aaff55>{0}</color> ({1}/{2})",
  "Notification.Clan.ModeratorOf": "\nΕίστε συντονιστής του: <color=#aaff55>{0}</color> ({1}/{2})",
  "Notification.Clan.MemberOf": "\nΕίστε μέλος του: <color=#aaff55>{0}</color> ({1}/{2})",
  "Notification.Clan.MembersOnline": "\nΜέλη σε σύνδεση: {0}",
  "Notification.Clan.MFF": "\nΚατάσταση FF Clan: {0} (<color=#ffd479>/{1}</color>)",
  "Notification.Clan.AFF": "\nΚατάσταση FF Συμμαχίας: {0} (<color=#ffd479>/{1}</color>)",
  "Notification.Clan.CreateSyntax": "<color=#ffd479>/{0} create <tag> \"description\"</color> - Δημιουργήστε ένα νέο clan",
  "Notification.Clan.InviteSyntax": "<color=#ffd479>/{0} invite <partialNameOrID></color> - Προσκαλέστε παίκτη στο clan σας",
  "Notification.Clan.WithdrawSyntax": "<color=#ffd479>/{0} withdraw <partialNameOrID></color> - Ανακαλέστε πρόσκληση μέλους",
  "Notification.Clan.AcceptSyntax": "<color=#ffd479>/{0} accept <tag></color> - Ενταχθείτε σε clan με πρόσκληση",
  "Notification.Clan.RejectSyntax": "<color=#ffd479>/{0} reject <tag></color> - Απορρίψτε πρόσκληση clan",
  "Notification.Clan.PromoteSyntax": "<color=#ffd479>/{0} promote <partialNameOrID></color> - Προαγωγή μέλους του clan στον επόμενο βαθμό",
  "Notification.Clan.DemoteSyntax": "<color=#ffd479>/{0} demote <partialNameOrID></color> - Υποβάθμιση μέλους του clan στην επόμενη χαμηλότερη βαθμίδα",
  "Notification.Clan.DisbandSyntax": "<color=#ffd479>/{0} disband forever</color> - Διάλυση του clan σας (δεν μπορεί να αναιρεθεί)",
  "Notification.Clan.KickSyntax": "<color=#ffd479>/{0} kick <partialNameOrID></color> - Αποβάλετε ένα μέλος από το clan σας",
  "Notification.Clan.TagColorSyntax": "<color=#ffd479>/{0} tagcolor <hex (XXXXXX)></color> - Ρυθμίστε ένα προσαρμοσμένο χρώμα ετικέτας clan",
  "Notification.Clan.TagColorFormat": "<color=#ffd479>Η αλφαριθμητική χορδή hex πρέπει να αποτελείται από 6 χαρακτήρες και να είναι έγκυρο hex χρώμα</color>",
  "Notification.Clan.TagColorReset": "<color=#ffd479>Έχετε επαναφέρει το χρώμα ετικέτας του clan σας</color>",
  "Notification.Clan.TagColorSet": "<color=#ffd479>Έχετε ρυθμίσει το χρώμα ετικέτας του clan σας σε</color> <color=#{0}>{0}</color>",
  "Notification.Clan.TagColorDisabled": "<color=#ffd479>Τα προσαρμοσμένα χρώματα ετικετών είναι απενεργοποιημένα σε αυτόν τον server</color>",
  "Notification.Clan.TagColorBlocked": "<color=#ffd479>Το χρώμα <color=#{0}>{0}</color> είναι στη μαύρη λίστα για χρήση από clans.",
  "Notification.Clan.TagColorOutOfRange": "<color=#ffd479>Το χρώμα <color=#{0}>{0}</color> είναι εκτός της επιτρεπτής κλίμακας χρωμάτων. Πρέπει να επιλέξετε χρώμα μεταξύ <color=#{1}>{1}</color> και <color=#{2}>{2}</color></color>",
  "Notification.Disband.NotOwner": "Πρέπει να είστε ο αρχηγός του clan για να χρησιμοποιήσετε αυτήν την εντολή",
  "Notification.Disband.Success": "Έχετε διαλύσει το clan <color=#aaff55>[{0}]</color>",
  "Notification.Disband.Message": "Το clan έχει διαλυθεί",
  "Notification.Disband.NoPermission": "Δεν έχετε την άδεια να διαλύσετε αυτό το clan",
  "Notification.Generic.ClanFull": "Το clan είναι ήδη στο μέγιστο της χωρητικότητας",
  "Notification.Generic.NoClan": "Δεν είστε μέλος κάποιου clan",
  "Notification.Generic.InvalidClan": "Το clan <color=#aaff55>[{0}]</color> δεν υπάρχει!",
  "Notification.Generic.NoPermissions": "Έχετε μη επαρκή άδεια για να χρησιμοποιήσετε αυτή την εντολή",
  "Notification.Generic.SpecifyClanTag": "Παρακαλώ συγκεκριμενοποιήστε μια ετικέτα clan",
  "Notification.Generic.UnableToFindPlayer": "Δεν βρέθηκε παίκτης με το όνομα ή ID {0}",
  "Notification.Generic.CommandSelf": "Δεν μπορείτε να χρησιμοποιήσετε αυτήν την εντολή στον εαυτό σας",
  "Chat.IsMuted": "Είστε προσωρινά σε σίγαση",
  "Chat.Alliance.Prefix": "<color=#a1ff46>[ALLY CHAT]</color>: {0}",
  "Chat.Clan.Prefix": "<color=#a1ff46>[CLAN CHAT]</color>: {0}",
  "Chat.Alliance.Format": "[{0}] <color={1}>{2}</color>: {3}",
  "Admin.BroadcastToClan": "<color=#ff3333>[ADMIN]</color>: {0}",
  "Admin.Rename": "Ένας διαχειριστής άλλαξε την ετικέτα του clan σας σε <color=#aaff55>[{0}]</color>",
  "Admin.Disband": "Ένας διαχειριστής διέλυσε το clan σας",
  "Admin.Invite": "Ένας διαχειριστής προσκάλεσε τον {0} να ενταχθεί στο clan σας",
  "Admin.Join": "Ένας διαχειριστής σας ανάγκασε να ενταχθείτε στο <color=#aaff55>[{0}]</color>",
  "Admin.Kick": "Ένας διαχειριστής σας απέβαλε από το <color=#aaff55>[{0}]</color>",
  "Admin.SetOwner": "Ένας διαχειριστής όρισε τον {0} ως τον αρχηγό του clan",
  "Admin.Promote": "Ένας διαχειριστής προήγαγε τον {0} στον βαθμό του {1}",
  "Admin.Demote": "Ένας διαχειριστής υποβάθμισε τον {0} στον βαθμό του {1}"
}