{
  "AlreadyOnList": "{0} είναι ήδη φίλος σου",
  "CannotAddSelf": "Δεν μπορείς να προσθέσεις τον εαυτό σου",
  "CommandFriend": "friend",
  "FriendAdded": "{0} είναι τώρα φίλος σου",
  "FriendRemoved": "{0} αφαιρέθηκε από τη λίστα φίλων σου",
  "FriendList": "Φίλοι {0}:\n{1}",
  "FriendListFull": "Η λίστα φίλων σου είναι γεμάτη",
  "NoFriends": "Δεν έχεις φίλους",
  "NotAllowed": "Δεν έχεις δικαίωμα να χρησιμοποιήσεις την εντολή '{0}'",
  "NoPlayersFound": "Δεν βρέθηκαν παίκτες με όνομα ή ID '{0}'",
  "NotOnFriendList": "Ο {0} δεν βρέθηκε στη λίστα φίλων σου",
  "PlayerNotFound": "Ο παίκτης '{0}' δεν βρέθηκε",
  "PlayersFound": "Βρέθηκαν πολλαπλοί παίκτες, παρακαλώ συγκεκριμενοποίησε: {0}",
  "PlayersOnly": "Η εντολή '{0}' μπορεί να χρησιμοποιηθεί μόνο από παίκτες",
  "UsageFriend": "Χρήση {0} <add|remove|list> <όνομα παίκτη ή id>"
}