{
  "PMTo": "[#00FFFF]PM προς {0}[/#]: {1}",
  "PMFrom": "[#00FFFF]PM από {0}[/#]: {1}",
  "PlayerNotOnline": "{0} δεν είναι συνδεδεμένος.",
  "NotOnlineAnymore": "Το τελευταίο άτομο με το οποίο μιλούσες δεν είναι πλέον συνδεδεμένο.",
  "NotMessaged": "Δεν έχεις στείλει μήνυμα σε κανέναν ή δεν σου έχουν στείλει μήνυμα.",
  "IgnoreYou": "[#FF0000]{0} σε αγνοεί και δεν μπορεί να λάβει τα PM σου[/#]",
  "SelfPM": "Δεν μπορείς να στείλεις μηνύματα στον εαυτό σου.",
  "SyntaxR": "Λανθασμένη σύνταξη χρήσης: /r <μήνυμα>",
  "HistorySyntax": "Λανθασμένη σύνταξη χρήσης: /pmhistory <όνομα>",
  "SyntaxPM": "Λανθασμένη σύνταξη χρήσης: /{0} <όνομα> <μήνυμα>",
  "NotAllowedToChat": "Δεν επιτρέπεται να συνομιλήσεις εδώ",
  "History": "Το Ιστορικό σου:\n{0}",
  "CooldownMessage": "Θα μπορείς να στείλεις ιδιωτικό μήνυμα σε {0} δευτερόλεπτα",
  "NoHistory": "Δεν υπάρχει αποθηκευμένο ιστορικό pm με αυτόν τον παίκτη.",
  "CannotFindUser": "Δεν μπορώ να βρω αυτόν τον χρήστη",
  "CommandDisabled": "Αυτή η εντολή έχει απενεργοποιηθεί",
  "IsMuted": "Είσαι προσωρινά σιγασμένος και δεν μπορείς να στείλεις ιδιωτικά μηνύματα",
  "TargetMuted": "Αυτό το άτομο είναι σιγασμένο και δεν μπορεί να λάβει το ιδιωτικό σου μήνυμα",
  "NoPermission": "Δεν έχεις τις σωστές άδειες για να εκτελέσεις αυτήν την εντολή",
  "HistoryPM": "[#00FFFF]{0}[/#]: {1}",
  "Logging": "[PM]{0}->{1}:{2}"
}