{
  "InvalidCommand": "Μη έγκυρη εντολή.",
  "CheckCommand": "{0} παίκτες έχουν χρησιμοποιήσει τον κωδικό σου μέχρι στιγμής και {1} από αυτούς έχουν παίξει τουλάχιστον 1 ώρα στους servers μας. :)",
  "Success": "Ευχαριστούμε που χρησιμοποίησες αυτόν τον κωδικό, μπορείς να διεκδικήσεις το kit χρησιμοποιώντας /kitclaim bestrustmain2xserver",
  "InvalidPromoter": "Δεν βρήκα κάποιον με το όνομα {0}",
  "InvalidKit": "Το kit δεν βρέθηκε."
}