{
  "CommandUsageExtLoad": "Χρήση: oxide.ext.load <extname>+",
  "CommandUsageExtUnload": "Χρήση: oxide.ext.unload <extname>+",
  "CommandUsageExtReload": "Χρήση: oxide.ext.reload <extname>+",
  "CommandUsageGrant": "Χρήση: oxide.grant <group|user> <name|id> <permission>",
  "CommandUsageGroup": "Χρήση: oxide.group <add|set> <name> [title] [rank]",
  "CommandUsageGroupParent": "Χρήση: oxide.group <parent> <name> <parentName>",
  "CommandUsageGroupRemove": "Χρήση: oxide.group <remove> <name>",
  "CommandUsageLang": "Χρήση: oxide.lang <two-letter language code>",
  "CommandUsageLoad": "Χρήση: oxide.load *|<pluginname>+",
  "CommandUsageReload": "Χρήση: oxide.reload *|<pluginname>+",
  "CommandUsageRevoke": "Χρήση: oxide.revoke <group|user> <name|id> <permission>",
  "CommandUsageShow": "Χρήση: oxide.show <groups|perms>",
  "CommandUsageShowName": "Χρήση: oxide.show <group|user> <name>",
  "CommandUsageUnload": "Χρήση: oxide.unload *|<pluginname>+",
  "CommandUsageUserGroup": "Χρήση: oxide.usergroup <add|remove> <username> <groupname>",
  "ConnectionRejected": "Η σύνδεση απορρίφθηκε",
  "DataSaved": "Αποθήκευση δεδομένων Oxide...",
  "GroupAlreadyExists": "Η ομάδα '{0}' ήδη υπάρχει",
  "GroupAlreadyHasPermission": "Η ομάδα '{0}' ήδη έχει την άδεια '{1}'",
  "GroupDoesNotHavePermission": "Η ομάδα '{0}' δεν έχει την άδεια '{1}'",
  "GroupChanged": "Η ομάδα '{0}' άλλαξε",
  "GroupCreated": "Η ομάδα '{0}' δημιουργήθηκε",
  "GroupDeleted": "Η ομάδα '{0}' διαγράφηκε",
  "GroupNotFound": "Η ομάδα '{0}' δεν υπάρχει",
  "GroupParentChanged": "Η γονική ομάδα '{0}' άλλαξε σε '{1}'",
  "GroupParentNotChanged": "Η γονική ομάδα '{0}' δεν άλλαξε",
  "GroupParentNotFound": "Η γονική ομάδα '{0}' δεν υπάρχει",
  "GroupPermissionGranted": "Η ομάδα '{0}' έλαβε την άδεια '{1}'",
  "GroupPermissionRevoked": "Η άδεια '{1}' αφαιρέθηκε από την ομάδα '{0}'",
  "GroupPermissions": "Άδειες ομάδας '{0}'",
  "GroupPlayers": "Παίκτες ομάδας '{0}'",
  "Groups": "Ομάδες",
  "InvalidLanguageName": "Μη έγκυρο όνομα γλώσσας: '{0}'",
  "NoGroupPermissions": "Δεν υπάρχουν άδειες που έχουν δοθεί",
  "NoPermissionGroups": "Δεν υπάρχουν ομάδες με αυτή την άδεια",
  "NoPermissionPlayers": "Δεν υπάρχουν παίκτες με αυτή την άδεια",
  "NoPluginsFound": "Δεν υπάρχουν διαθέσιμα plugins αυτή τη στιγμή",
  "NoPlayerGroups": "Ο παίκτης δεν ανήκει σε καμία ομάδα",
  "NoPlayerPermissions": "Δεν υπάρχουν άδειες που έχουν δοθεί",
  "NoPlayersInGroup": "Δεν υπάρχουν παίκτες στην ομάδα αυτή τη στιγμή",
  "NotAllowed": "Δεν επιτρέπεται να χρησιμοποιήσεις την εντολή '{0}'",
  "ParentGroupPermissions": "Άδειες γονικής ομάδας '{0}'",
  "PermissionGroups": "Ομάδες για την άδεια '{0}'",
  "PermissionPlayers": "Παίκτες για την άδεια '{0}'",
  "PermissionNotFound": "Η άδεια '{0}' δεν υπάρχει",
  "Permissions": "Άδειες",
  "PermissionsNotLoaded": "Δεν μπόρεσαν να φορτωθούν τα αρχεία αδειών! Οι άδειες δεν θα λειτουργούν μέχρι να διορθωθεί.\n => {0}",
  "PlayerLanguage": "Η γλώσσα του παίκτη ορίστηκε σε {0}",
  "PluginNotLoaded": "Το plugin '{0}' δεν φορτώθηκε.",
  "PluginReloaded": "Το plugin {0} v{1} από {2} επαναφορτώθηκε",
  "PluginUnloaded": "Το plugin {0} v{1} από {2} αφαιρέθηκε",
  "ServerLanguage": "Η γλώσσα του server ορίστηκε σε {0}",
  "Unknown": "Άγνωστο",
  "UnknownCommand": "Άγνωστη εντολή: {0}",
  "PlayerAddedToGroup": "Ο παίκτης '{0}' προστέθηκε στην ομάδα: {1}",
  "PlayerAlreadyHasPermission": "Ο παίκτης '{0}' ήδη έχει την άδεια '{1}'",
  "PlayerDoesNotHavePermission": "Ο παίκτης '{0}' δεν έχει την άδεια '{1}'",
  "PlayerNotFound": "Ο παίκτης '{0}' δεν βρέθηκε",
  "PlayerGroups": "Ομάδες του παίκτη '{0}'",
  "PlayerPermissions": "Άδειες του παίκτη '{0}'",
  "PlayerPermissionGranted": "Η άδεια '{1}' δόθηκε στον παίκτη '{0}'",
  "PlayerPermissionRevoked": "Η άδεια '{1}' αφαιρέθηκε από τον παίκτη '{0}'",
  "PlayerRemovedFromGroup": "Ο παίκτης '{0}' αφαιρέθηκε από την ομάδα '{1}'",
  "PlayersFound": "Βρέθηκαν πολλοί παίκτες, παρακαλώ καθορίστε: {0}",
  "Version": "Ο server τρέχει [#ffb658]Oxide {0}[/#] και [#ee715c]{1} {2} ({3})[/#]",
  "YouAreNotAdmin": "Δεν είσαι admin"
}