{
  "WebErrorOccurred": "Αποτυχία λήψης εικόνας! Σφάλμα {0}.",
  "FileTooLarge": "Το αρχείο υπερβαίνει το μέγιστο επιτρεπόμενο μέγεθος των {0}Mb.",
  "ErrorOccurred": "Παρουσιάστηκε ένας άγνωστος σφάλμα. Αν συνεχίσει, παρακαλώ ενημερώστε τον διαχειριστή του διακομιστή.",
  "RestoreErrorOccurred": "Δεν μπορεί να αποκατασταθεί η πινακίδα γιατί δεν έχει οριστεί υφή.",
  "DownloadQueued": "Η εικόνα σας προστέθηκε στη γραμμή αναμονής! ",
  "RestoreQueued": "Η πινακίδα σας προστέθηκε στη γραμμή αποκατάστασης!",
  "RestoreBatchQueued": "Προσθέσατε όλες τις {0} πινακίδες στη γραμμή αποκατάστασης!",
  "ImageLoaded": "Η εικόνα φορτώθηκε επιτυχώς στην πινακίδα!",
  "ImageRestored": "Η εικόνα αποκαταστάθηκε επιτυχώς για την πινακίδα!",
  "LogEntry": "Ο παίκτης `{0}` (SteamId: {1}) φόρτωσε {2} στο {3} από το {4}",
  "NoSignFound": "Δεν είναι δυνατός ο εντοπισμός πινακίδας! Βεβαιωθείτε ότι κοιτάτε μία και δεν είστε πολύ μακριά.",
  "Cooldown": "Δεν μπορείτε να χρησιμοποιήσετε την εντολή ακόμη! Υπόλοιπο χρονισμού: {0}.",
  "SignNotOwned": "Δεν μπορείτε να αλλάξετε αυτήν την πινακίδα επειδή προστατεύεται από ένα ντουλάπι εργαλείων.",
  "NoItemHeld": "Δεν κρατάτε κάποιο αντικείμενο.",
  "ActionQueuedAlready": "Μια ενέργεια έχει ήδη προγραμματιστεί για αυτή την πινακίδα, παρακαλώ περιμένετε να ολοκληρωθεί.",
  "SyntaxSilCommand": "Συντακτικό σφάλμα!\nΣύνταξη: /sil <url> [raw]",
  "SyntaxSilCommandMulti": "Συντακτικό σφάλμα!\nΣύνταξη: /sil <1-{0}> <url> [raw]",
  "SyntaxSiltCommand": "Συντακτικό σφάλμα!\nΣύνταξη: /silt <μήνυμα> [<μέγεθος γραμματοσειράς:number>] [<χρώμα:hex value>] [<χρώμα υποβάθρου:hex value>] [raw]",
  "SyntaxSiltCommandMulti": "Συντακτικό σφάλμα!\nΣύνταξη: /silt <1-{0}> <μήνυμα> [<μέγεθος γραμματοσειράς:number>] [<χρώμα:hex value>] [<χρώμα υποβάθρου:hex value>] [raw]",
  "SyntaxSiliCommandMulti": "Συντακτικό σφάλμα!\nΣύνταξη: /sili <1-{0}>",
  "NoPermission": "Δεν έχετε άδεια να χρησιμοποιήσετε αυτή την εντολή.",
  "NoPermissionFile": "Δεν έχετε άδεια να χρησιμοποιήσετε εικόνες από το σύστημα αρχείων του διακομιστή.",
  "NoPermissionRaw": "Δεν έχετε άδεια να χρησιμοποιήσετε raw εικόνες, φόρτωση κανονικά αντί γι' αυτό.",
  "NoPermissionRestoreAll": "Δεν έχετε άδεια να αποκαταστήσετε όλες τις πινακίδες ταυτόχρονα.",
  "day": "ημέρα",
  "days": "ημέρες",
  "hour": "ώρα",
  "hours": "ώρες",
  "minute": "λεπτό",
  "minutes": "λεπτά",
  "second": "δευτερόλεπτο",
  "seconds": "δευτερόλεπτα",
  "and": "και"
}