{
    "NoPermToUse": "Δεν έχεις άδεια να το κάνεις αυτό",
    "NoILError": "Το πρόσθετο δε λειτουργεί σωστά, επικοινώνησε με τον διαχειριστή!",
    "UI.Plugin.Title": "ΚΑΤΑΤΑΞΗ",
    "UI.Leaderboard.Awards.Title": "Καλύτερες ανταμοιβές",
    "UI.Leaderboard.Awards.Place": "{0}η θέση",
    "UI.Search.Players.Title": "ΑΝΑΖΗΤΗΣΗ ΠΑΙΚΤΗ ΜΕ ΟΝΟΜΑ Ή STEAM ID",
    "UI.Search.Input.Placeholder": "ΠΛΗΚΤΡΟΛΟΓΗΣΕ ΤΟ ΟΝΟΜΑ Ή ΤΟ STEAM ID",
    "UI.Players.List.Title": "ΛΙΣΤΑ ΠΑΙΚΤΩΝ ΣΤΟΝ SERVER",
    "UI.Players.NoPlayers": "Δεν υπάρχουν διαθέσιμοι παίκτες :(",
    "UI.HitRate.Title": "ΣΥΧΝΟΤΗΤΑ ΕΠΙΤΥΧΙΑΣ",
    "UI.HitRate.Description": "Εδώ μπορείς να δεις τον αριθμό των επιτυχιών στα μέρη του σώματος",
    "UI.Building.Title": "ΚΑΤΑΣΚΕΥΗ",
    "UI.Building.Description": "Εδώ μπορείς να δεις στατιστικά κατασκευών",
    "UI.Stat.Value.Total": "Σύνολο: {0}",
    "UI.Stat.Value.Today": "Σήμερα: {0}",
    "UI.Stat.Value.KD": "Σκοτώματα: {0} / Θάνατοι: {1}",
    "UI.Stat.Value.None": "Καμία",
    "UI.Stat.Value.Unknown": "Άγνωστο",
    "UI.Time.Years": "{0}χ",
    "UI.Time.Months": "{0}μ",
    "UI.Time.Days": "{0}ημ",
    "UI.Time.Hours": "{0}ω",
    "UI.Time.Minutes": "{0}λ",
    "UI.Time.Seconds": "{0}δ",
    "MSG.Profile.Already.Loading": "Αυτό το προφίλ είναι ήδη σε φόρτωση, παρακαλώ περίμενε.",
    "MSG.Profile.Wait.Before.Another": "Περίμενε λίγο πριν ανοίξεις άλλο προφίλ.",
    "UI.Leaderboard.Loading": "Φόρτωση...",
    "Msg.Player.NotFound": "Δεν βρέθηκαν στατιστικά παίκτη",
    "Msg.Invalid.SteamID": "Άκυρη μορφή Steam ID",
    "Msg.Hide.Self.Hidden": "Τώρα είσαι κρυφός στην κατάταξη",
    "Msg.Hide.Self.Visible": "Τώρα είσαι ορατός στην κατάταξη",
    "UI.Category.MY STATISTICS": "ΣΤΑΤΙΣΤΙΚΑ ΜΟΥ",
    "UI.Category.TOP 10 PLAYERS": "TOP 10 ΠΑΙΚΤΕΣ",
    "UI.Category.SEARCH": "ΑΝΑΖΗΤΗΣΗ",
    "UI.Awards.TOP scorers": "ΚΟΡΥΦΑΙΑΣ βαθμολογίας",
    "UI.Awards.Place.Frontiersman Pack": "Πακέτο Συνοριακού Φρουρού",
    "UI.Awards.Place.Lumberjack Pack": "Πακέτο Ξυλοκόπου",
    "UI.Awards.Place.Artic Pack": "Πακέτο Αρκτικής",
    "UI.Awards.Place.Abyss Pack": "Πακέτο Άβυσσος",
    "UI.Awards.Place.Retro Tool Cupboard": "Ρετρό Ντουλάπι Εργαλείων",
    "UI.Awards.TOP killers": "ΚΟΡΥΦΑΙΟΙ δολοφόνοι",
    "UI.Awards.TOP time played": "ΚΟΡΥΦΑΙΟΣ χρόνος παιχνιδιού",
    "UI.Tabs.GENERAL": "ΓΕΝΙΚΑ",
    "UI.Field.Profile": "Προφίλ",
    "UI.Field.name": "όνομα",
    "UI.Field.K/D": "Σ/Θ",
    "UI.Field.kd": "στ/θ",
    "UI.Field.Time": "Χρόνος",
    "UI.Field.current_playtime": "τρέχοντας χρόνος παιχνιδιού",
    "UI.Field.Longest Kill Distance": "Μεγαλύτερη απόσταση σκοτωμού",
    "UI.Field.longest_kill_distance": "μεγαλύτερη_απόσταση_σκοτωμού",
    "UI.Field.Total Resources Gathered": "Συνολικά συλλεγόμενοι πόροι",
    "UI.Field.total_resources": "συνολικοί_πόροι",
    "UI.Field.Favorite Resource": "Αγαπημένος πόρος",
    "UI.Field.favorite_resource": "αγαπημένος_πόρος",
    "UI.Field.Total Items Crafted": "Συνολικά κατασκευασμένα αντικείμενα",
    "UI.Field.total_items_crafted": "συνολικά_κατασκευασμένα_αντικείμενα",
    "UI.Field.Structures Built": "Κατασκευασμένες δομές",
    "UI.Field.structures_built": "κατασκευασμένες_δομές",
    "UI.Field.Upgrades Performed": "Εκτελεσμένες αναβαθμίσεις",
    "UI.Field.upgrades_performed": "εκτελεσμένες_αναβαθμίσεις",
    "UI.Field.Favorite Building Material": "Αγαπημένο υλικό κατασκευής",
    "UI.Field.favorite_building_material": "αγαπημένο_υλικό_κατασκευής",
    "UI.Field.Events Won": "Κερδισμένα γεγονότα",
    "UI.Field.events_won": "κερδισμένα_γεγονότα",
    "UI.Field.Favorite Event": "Αγαπημένο γεγονός",
    "UI.Field.favorite_event": "αγαπημένο_γεγονός",
    "UI.Column.EVENTS": "ΓΕΓΟΝΟΤΑ",
    "UI.Field.Convoy": "Φάλαγγα",
    "UI.Field.Sputnik": "Σπούτνικ",
    "UI.Field.Caravan": "Καραβάνι",
    "UI.Field.GasStation": "Βενζινάδικο",
    "UI.Field.GasStationEvent": "Γεγονός Βενζινάδικου",
    "UI.Field.Air": "Αέρινα",
    "UI.Field.AirEvent": "Αέρινο γεγονός",
    "UI.Field.SatDish": "Κεραία δορυφόρου",
    "UI.Field.SatDishEvent": "Γεγονός Κεραίας Δορυφόρου",
    "UI.Field.Triangulation": "Τριγωνομετρία",
    "UI.Field.Water": "Νερό",
    "UI.Field.WaterEvent": "Υδάτινο γεγονός",
    "UI.Field.Harbor": "Λιμάνι",
    "UI.Field.HarborEvent": "Γεγονός Λιμανιού",
    "UI.Field.ArcticBase": "Βάση Αρκτικής",
    "UI.Field.ArcticBaseEvent": "Γεγονός Βάσης Αρκτικής",
    "UI.Field.Junkyard": "Χωματερή",
    "UI.Field.JunkyardEvent": "Γεγονός Χωματερής",
    "UI.Field.Supermarket": "Σούπερ μάρκετ",
    "UI.Field.SupermarketEvent": "Γεγονός Σούπερ Μάρκετ",
    "UI.Field.PowerPlant": "Εργοστάσιο Πυρηνικής Ενέργειας",
    "UI.Field.PowerPlantEvent": "Γεγονός Εργοστασίου Πυρηνικής Ενέργειας",
    "UI.Field.Paintball Team": "Ομάδα Paintball",
    "UI.Field.PaintballTeam": "Ομάδα Paintball",
    "UI.Field.Paintball FFA": "Paintball όλοι εναντίον όλων",
    "UI.Field.PaintballFFA": "PaintballFFA",
    "UI.Field.Survival Arena": "Αρένα Επιβίωσης",
    "UI.Field.SurvivalArena": "ΑρέναΕπιβίωσης",
    "UI.Field.Gun Game": "Παιχνίδι Όπλων",
    "UI.Field.GunGame": "ΠαιχνίδιΌπλων",
    "UI.Field.Zombie Infection": "Λοίμωξη Ζόμπι",
    "UI.Field.ZombieInfection": "ΛοίμωξηΖόμπι",
    "UI.Field.Tugboat Pirates": "Πειρατές Ρυμουλκού",
    "UI.Field.TugboatPirates": "ΡυμουλκοΠειρατές",
    "UI.Tabs.RESOURCES": "ΠΟΡΟΙ",
    "UI.Column.RESOURCES": "ΠΟΡΟΙ",
    "UI.Field.Stone": "Πέτρες",
    "UI.Field.stones": "πέτρες",
    "UI.Field.Wood": "Ξύλο",
    "UI.Field.wood": "ξύλο",
    "UI.Field.Sulfur Ore": "Σουλφούριο Μεταλλεύματος",
    "UI.Field.sulfur.ore": "σουλφούριο.μεταλλεύματος",
    "UI.Field.Metal Ore": "Μέταλλο Μεταλλεύματος",
    "UI.Field.metal.ore": "μέταλλο.μεταλλεύματος",
    "UI.Field.High Quality Metal Ore": "Υψηλής Ποιότητας Μέταλλο Μεταλλεύματος",
    "UI.Field.hq.metal.ore": "υπ.metal.ore",
    "UI.Field.Leather": "Δέρμα",
    "UI.Field.leather": "δέρμα",
    "UI.Field.Bone Fragments": "Τμήματα Οστών",
    "UI.Field.bone.fragments": "τμήματα.οστών",
    "UI.Field.Animal Fat": "Ζωικό Λίπος",
    "UI.Field.fat.animal": "λίπος.ζώου",
    "UI.Field.Scrap": "Σκραπ",
    "UI.Field.scrap": "σκραπ",
    "UI.Column.FARMING": "ΚΑΛΛΙΕΡΓΕΙΑ",
    "UI.Field.Hemp": "Κάνναβη",
    "UI.Field.hemp-collectable": "κάνναβη-συλλεκτικό",
    "UI.Field.Blue Berry": "Μπλε Μούρο",
    "UI.Field.blue.berry": "μπλε.μούρο",
    "UI.Field.Red Berry": "Κόκκινο Μούρο",
    "UI.Field.red.berry": "κόκκινο.μούρο",
    "UI.Field.Yellow Berry": "Κίτρινο Μούρο",
    "UI.Field.yellow.berry": "κίτρινο.μούρο",
    "UI.Field.Black Berry": "Μαύρο Μούρο",
    "UI.Field.black.berry": "μαύρο.μούρο",
    "UI.Field.Green Berry": "Πράσινο Μούρο",
    "UI.Field.green.berry": "πράσινο.μούρο",
    "UI.Field.White Berry": "Άσπρο Μούρο",
    "UI.Field.white.berry": "άσπρο.μούρο",
    "UI.Field.Potato": "Πατάτα",
    "UI.Field.potato": "πατάτα",
    "UI.Field.Cloth": "Ύφασμα",
    "UI.Field.cloth": "ύφασμα",
    "UI.Field.Mushroom": "Μανιτάρι",
    "UI.Field.mushroom": "μανιτάρι",
    "UI.Field.Corn": "Καλαμπόκι",
    "UI.Field.corn": "καλαμπόκι",
    "UI.Field.Pumpkin": "Κολοκύθα",
    "UI.Field.pumpkin": "κολοκύθα",
    "UI.Field.Orchid": "Ορχιδέα",
    "UI.Field.orchid": "ορχιδέα",
    "UI.Field.Rose": "Ρόδο",
    "UI.Field.rose": "ρόδο",
    "UI.Field.Sunflower": "Ηλίανθος",
    "UI.Field.sunflower": "ηλίανθος",
    "UI.Field.Wheat": "Σιτάρι",
    "UI.Field.wheat": "σιτάρι",
    "UI.Column.MISC": "ΔΙΑΦΟΡΑ",
    "UI.Field.Bears": "Αρκούδες",
    "UI.Field.bear": "αρκούδα",
    "UI.Field.Polar Bears": "Πολικές Αρκούδες",
    "UI.Field.polarbear": "πολικήαρκούδα",
    "UI.Field.Boars": "Δαγάλεμα",
    "UI.Field.boar": "δάγαλεμα",
    "UI.Field.Chicken": "Κοτόπουλο",
    "UI.Field.chicken": "κοτόπουλο",
    "UI.Field.Stag": "Ζαρκάδι",
    "UI.Field.stag": "ζαρκάδι",
    "UI.Field.Wolf": "Λύκος",
    "UI.Field.wolf2": "λύκος2",
    "UI.Field.Panther": "Πάνθηρας",
    "UI.Field.panther": "πάνθηρας",
    "UI.Field.Crocodile": "Κροκόδειλος",
    "UI.Field.crocodile": "κροκόδειλος",
    "UI.Field.Snake": "Φίδι",
    "UI.Field.snake.entity": "φίδι.οντότητα",
    "UI.Field.Tiger": "Τίγρης",
    "UI.Field.tiger": "τίγρης",
    "UI.Field.Shark": "Καρχαρίας",
    "UI.Field.simpleshark": "απλόςκαρχαρίας",
    "UI.Field.Bradley": "Bradley",
    "UI.Field.bradleyapc": "bradleyapc",
    "UI.Field.Helicopter": "Ελικόπτερο",
    "UI.Field.helicopter": "ελικόπτερο",
    "UI.Field.Scientist": "Επιστήμονας",
    "UI.Field.npc_underwaterdweller|scientistnpc_arena|scientistnpc_bradley|scientistnpc_bradley_heavy|scientistnpc_cargo|scientistnpc_cargo_turret_any|scientistnpc_cargo_turret_lr300|scientistnpc_ch47_gunner|scientistnpc_excavator|scientistnpc_full_any|scientistnpc_full_lr300|scientistnpc_full_mp5|scientistnpc_full_pistol|scientistnpc_full_shotgun|scientistnpc_junkpile_pistol|scientistnpc_oilrig|scientistnpc_patrol|scientistnpc_patrol_arctic|scientistnpc_peacekeeper|scientistnpc_roam|scientistnpc_roam_nvg_variant|scientistnpc_roamtethered": "npc_underwaterdweller|scientistnpc_arena|scientistnpc_bradley|scientistnpc_bradley_heavy|scientistnpc_cargo|scientistnpc_cargo_turret_any|scientistnpc_cargo_turret_lr300|scientistnpc_ch47_gunner|scientistnpc_excavator|scientistnpc_full_any|scientistnpc_full_lr300|scientistnpc_full_mp5|scientistnpc_full_pistol|scientistnpc_full_shotgun|scientistnpc_junkpile_pistol|scientistnpc_oilrig|scientistnpc_patrol|scientistnpc_patrol_arctic|scientistnpc_peacekeeper|scientistnpc_roam|scientistnpc_roam_nvg_variant|scientistnpc_roamtethered",
    "UI.Field.Heavy Scientist": "Βαρύς Επιστήμονας",
    "UI.Field.scientistnpc_heavy": "scientistnpc_heavy",
    "UI.Field.Tunnel Dweller": "Κάτοικος του τούνελ",
    "UI.Field.npc_tunneldweller|npc_tunneldwellerspawned": "npc_tunneldweller|npc_tunneldwellerspawned",
    "UI.Field.Underwater Lab Dweller": "Κάτοικος Υποθαλάσσιου Εργαστηρίου",
    "UI.Field.npc_underwaterdweller": "npc_underwaterdweller",
    "UI.Column.RAID": "ΕΠΙΔΡΟΜΗ",
    "UI.Field.Satchel": "Τσάντα (εκρηκτικό)",
    "UI.Field.explosive.satchel": "εκρηκτικό.τσάντα",
    "UI.Field.Molotov": "Μολότοφ",
    "UI.Field.grenade.molotov": "χειροβομβίδα.μολοτωβ",
    "UI.Field.Flashbang": "Λάμψη-βομβίδα",
    "UI.Field.grenade.flashbang": "χειροβομβίδα.λάμψη",
    "UI.Field.Survey Charge": "Φορτίο Ερευνών",
    "UI.Field.surveycharge": "φορτίο.ερευνών",
    "UI.Field.Grenade": "Χειροβομβίδα",
    "UI.Field.grenade.f1": "χειροβομβίδα.f1",
    "UI.Field.Beancan": "Κονσέρβα Φασόλια (βόμβα)",
    "UI.Field.grenade.beancan": "χειροβομβίδα.κονσέρβα",
    "UI.Field.Rocket": "Πύραυλος",
    "UI.Field.ammo.rocket.basic": "πυρομαχικά.πύραυλος.βασικός",
    "UI.Field.Incendiary Rocket": "Εμπρηστικός Πύραυλος",
    "UI.Field.ammo.rocket.fire": "πυρομαχικά.πύραυλος.φωτιά",
    "UI.Field.Rocket HV": "Υψηλής ταχύτητας Πύραυλος",
    "UI.Field.ammo.rocket.hv": "πυρομαχικά.πύραυλος.υψηλής ταχύτητας",
    "UI.Field.Explosive 5.56 Rifle Ammo": "Εκρηκτικά 5.56 Πυρομαχικά οπλοπολυβόλου",
    "UI.Field.ammo.rifle.explosive": "πυρομαχικά.οπλοπολυβόλο.εκρηκτικά",
    "UI.Field.GL HE": "GL HE",
    "UI.Field.ammo.grenadelauncher.he": "πυρομαχικά.εκτοξευτήςχειροβομβίδων.he",
    "UI.Field.C4": "C4",
    "UI.Field.explosive.timed": "εκρηκτικό.χρονισμένο",
    "UI.Field.MLRS Rocket": "Πύραυλος MLRS",
    "UI.Field.ammo.rocket.mlrs": "πυρομαχικά.πύραυλος.mlrs",
    "UI.Column.RECYCLED": "ΑΝΑΚΥΚΛΩΘΗΚΕ",
    "UI.Field.Propane Tanks": "Δεξαμενές Προπανίου",
    "UI.Field.propanetank": "δεξαμενήπροπανίου",
    "UI.Field.Gears": "Γρανάζια",
    "UI.Field.gears": "γρανάζια",
    "UI.Field.Metal Pipe": "Μεταλλικός σωλήνας",
    "UI.Field.metalpipe": "μεταλλικόσωλήνας",
    "UI.Field.Rifle Body": "Σώμα οπλοπολυβόλου",
    "UI.Field.riflebody": "σώμαοπλοπολυβόλου",
    "UI.Field.Semi Body": "Σώμα Ημι-αυτόματου",
    "UI.Field.semibody": "σώμα.ημι-αυτόματο",
    "UI.Field.Metal Springs": "Μεταλλικά Ελατήρια",
    "UI.Field.metalspring": "μεταλλικά.ελατήρια",
    "UI.Field.Road Signs": "Μονοπάτια Σημάδια",
    "UI.Field.roadsigns": "σεμ.μονοπατιών",
    "UI.Field.Sewing Kits": "Κιτ Ραψίματος",
    "UI.Field.sewingkit": "κιτ.ραψίματος",
    "UI.Field.Tarp": "Μουσαμάς",
    "UI.Field.tarp": "μουσαμάς",
    "UI.Field.Rope": "Σχοινί",
    "UI.Field.rope": "σχοινί",
    "UI.Field.Sheet Metal": "Μεταλλικό φύλλο",
    "UI.Field.sheetmetal": "μεταλλικό.φύλλο",
    "UI.Field.Fuse": "Ασφάλεια",
    "UI.Field.fuse": "ασφάλεια",
    "UI.Field.Metal Blade": "Μεταλλική Λεπίδα",
    "UI.Field.metalblade": "μεταλλική.λεπίδα",
    "UI.Field.SMG Body": "Σώμα SMG",
    "UI.Field.smgbody": "σώμα.smg",
    "UI.Field.Tech Parts": "Τεχνικά Ανταλλακτικά",
    "UI.Field.techparts": "τεχνικά.ανταλλακτικά",
    "UI.Field.Targeting Computer": "Υπολογιστής Στόχευσης",
    "UI.Field.targeting.computer": "Υπολογιστής.Στόχευσης",
    "UI.Field.CCTV Camera": "Κάμερα CCTV",
    "UI.Field.cctv.camera": "κάμερα.cctv",
    "UI.Column.FIRED": "ΠΥΡΟΒΟΛΗΘΗΚΕ",
    "UI.Field.Pistol": "Πιστόλι",
    "UI.Field.ammo.pistol": "πυρομαχικά.πιστόλι",
    "UI.Field.Pistol Incendiary": "Πιστόλι (εμπρηστικό)",
    "UI.Field.ammo.pistol.fire": "πυρομαχικά.πιστόλι.φωτιά",
    "UI.Field.Pistol HV": "Πιστόλι (υψηλή ταχύτητα)",
    "UI.Field.ammo.pistol.hv": "πυρομαχικά.πιστόλι.υψηλή ταχύτητα",
    "UI.Field.Nailguns": "Ναγκλάνς εργαλείο",
    "UI.Field.ammo.nailgun.nails": "πυρομαχικά.ναγκλάνς.καρφιά",
    "UI.Field.Rifle": "Τουφέκι",
    "UI.Field.ammo.rifle": "πυρομαχικά.τουφέκι",
    "UI.Field.Rifle HV": "Τουφέκι (υψηλή ταχύτητα)",
    "UI.Field.ammo.rifle.hv": "πυρομαχικά.τουφέκι.υψηλή ταχύτητα",
    "UI.Field.Rifle Incendiary": "Τουφέκι (εμπρηστικό)",
    "UI.Field.ammo.rifle.incendiary": "πυρομαχικά.τουφέκι.εμπρηστικό",
    "UI.Field.HandMades": "Χειροποίητα",
    "UI.Field.ammo.handmade.shell": "πυρομαχικά.χειροποίητο.κέλυφος",
    "UI.Field.GL Buckshot": "GL Καρφιά",
    "UI.Field.ammo.grenadelauncher.buckshot": "πυρομαχικά.εκτοξευτήςχειροβομβίδων.καρφιά",
    "UI.Field.Shotgun Slug": "Σκάγια Σαραγάνας",
    "UI.Field.ammo.shotgun.slug": "πυρομαχικά.σαραγάνη.κελύφη",
    "UI.Field.Shotgun Fire": "Σαραγάνα (εμπρηστικό)",
    "UI.Field.ammo.shotgun.fire": "πυρομαχικά.σαραγάνη.εμπρηστικό",
    "UI.Field.Shotgun": "Σαραγάνα",
    "UI.Field.ammo.shotgun": "πυρομαχικά.σαραγάνη",
    "UI.Field.SnowBall": "Χιονόμπαλα",
    "UI.Field.snowball": "χιονόμπαλα",
    "UI.Field.Wooden Arrow": "Ξύλινο Βέλος",
    "UI.Field.arrow.wooden": "βέλος.ξύλινο",
    "UI.Field.Fire Arrow": "Βέλος Φωτιάς",
    "UI.Field.arrow.fire": "βέλος.φωτιά",
    "UI.Field.Bone Arrow": "Βέλος Οστών",
    "UI.Field.arrow.bone": "βέλος.οστών",
    "UI.Field.High Velocity Arrow": "Βέλος Υψηλής Ταχύτητας",
    "UI.Field.arrow.hv": "βέλος.υψηλή ταχύτητα",
    "UI.Column.FISHING": "ΨΑΡΕΜΑ",
    "UI.Field.Anchovy": "Γαύρος",
    "UI.Field.fish.anchovy": "ψάρι.γαύρος",
    "UI.Field.Catfish": "Γατόψαρο",
    "UI.Field.fish.catfish": "ψάρι.γατόψαρο",
    "UI.Field.Herring": "Ρέγγα",
    "UI.Field.fish.herring": "ψάρι.ρέγγα",
    "UI.Field.Orange Roughy": "Πορτοκαλί Χονδρός",
    "UI.Field.fish.orangeroughy": "ψάρι.πορτοκαλίχοντρός",
    "UI.Field.Salmon": "Σολομός",
    "UI.Field.fish.salmon": "ψάρι.σολομός",
    "UI.Field.Sardine": "Σαρδέλα",
    "UI.Field.fish.sardine": "ψάρι.σαρδέλα",
    "UI.Field.Small Shark": "Μικρός Καρχαρίας",
    "UI.Field.fish.smallshark": "ψάρι.μικρόςκαρχαρίας",
    "UI.Field.Small Trout": "Μικρή Πέρκα",
    "UI.Field.fish.troutsmall": "ψάρι.μικρήπέρκα",
    "UI.Field.Yellow Perch": "Κίτρινος Πέρκα",
    "UI.Field.fish.yellowperch": "ψάρι.κίτρινοςπέρκα",
    "UI.Field.Minnows": "Ψαράκια",
    "UI.Field.fish.minnows": "ψάρι.ψαράκια",
    "UI.Column.CRAFTED": "ΚΑΤΑΣΚΕΥΑΣΜΕΝΑ",
    "UI.Field.Garage Door": "Πόρτα Γκαράζ",
    "UI.Field.wall.frame.garagedoor": "πλαίσιο.τοίχου.πόρταγκαράζ",
    "UI.Field.Sheet Metal Double Door": "Διπλή Πόρτα Μεταλλικού Φύλλου",
    "UI.Field.door.double.hinged.metal": "πόρτα.διπλή.άρθρωμα.μεταλλικό",
    "UI.Field.Armored Double Door": "Διπλή Θωρακισμένη Πόρτα",
    "UI.Field.door.double.hinged.toptier": "πόρτα.διπλή.άρθρωμα.θωρακισμένη",
    "UI.Field.Wood Double Door": "Διπλή Ξύλινη Πόρτα",
    "UI.Field.door.double.hinged.wood": "πόρτα.διπλή.άρθρωμα.ξύλινη",
    "UI.Field.Sheet Metal Door": "Πόρτα Μεταλλικού Φύλλου",
    "UI.Field.door.hinged.metal": "πόρτα.άρθρωμα.μεταλλική",
    "UI.Field.Armored Door": "Θωρακισμένη Πόρτα",
    "UI.Field.door.hinged.toptier": "πόρτα.άρθρωμα.θωρακισμένη",
    "UI.Field.Wood Door": "Ξύλινη Πόρτα",
    "UI.Field.door.hinged.wood": "πόρτα.άρθρωμα.ξύλινη",
    "UI.Field.Large Wood Box": "Μεγάλο ξύλινο κιβώτιο",
    "UI.Field.box.wooden.large": "κιβώτιο.ξύλινο.μεγάλο",
    "UI.Field.Wood Storage Box": "Ξύλινο κιβώτιο αποθήκευσης",
    "UI.Field.box.wooden": "κιβώτιο.ξύλινο",
    "UI.Field.Flame Turret": "Πύργος φλόγας",
    "UI.Field.flameturret": "πύργοςφλόγας",
    "UI.Field.Shotgun Trap": "Παγίδα σφεντόνας",
    "UI.Field.guntrap": "παγίδα.σφεντόνας",
    "UI.Field.Auto Turret": "Αυτόματος Πύργος",
    "UI.Field.autoturret": "αυτόματοςπύργος",
    "UI.Field.Code Lock": "Κλειδαριά Κωδικού",
    "UI.Field.lock.code": "κλειδαριά.κωδικός",
    "UI.Field.Key Lock": "Κλειδαριά κλειδιού",
    "UI.Field.lock.key": "κλειδαριά.κλειδί",
    "UI.Field.Wooden Ladder": "Ξύλινη σκάλα",
    "UI.Field.ladder.wooden.wall": "σκάλα.ξύλινη.τοίχος",
    "UI.Field.Medical Syringe": "Ιατρική Σύριγγα",
    "UI.Field.syringe.medical": "ιατρική.σύριγγα",
    "UI.Field.Bandage": "Επίδεσμος",
    "UI.Field.bandage": "επίδεσμος",
    "UI.Field.Large Medkit": "Μεγάλο Κιβώτιο Πρώτων Βοηθειών",
    "UI.Field.largemedkit": "μεγάλογιατροσύνολο",
    "UI.Field.Rocket Launcher": "Εκτοξευτής Πυραύλων",
    "UI.Field.rocket.launcher": "εκτοξευτήςπυραύλων",
    "UI.Field.HV Rocket": "Υψηλής ταχύτητας Πύραυλος",
    "UI.Field.Explosives": "Εκρηκτικά",
    "UI.Field.explosives": "εκρηκτικά",
    "UI.Field.Gun Powder": "Μπαρούτι",
    "UI.Field.gunpowder": "μπαρούτι",
    "UI.Field.Low Grade Fuel": "Χαμηλής Ποιότητας Καύσιμο",
    "UI.Field.lowgradefuel": "καύσιμοχαμηλήςποιότητας",
    "UI.Column.LOOTED": "ΛΑΦΥΡΟ",
    "UI.Field.Normal Crate": "Κανονικό Κιβώτιο",
    "UI.Field.crate_normal_2": "κιβώτιο_κανονικό_2",
    "UI.Field.Basic Crate": "Βασικό Κιβώτιο",
    "UI.Field.crate_basic": "κιβώτιο_βασικό",
    "UI.Field.Elite Crate": "Ελίτ Κιβώτιο",
    "UI.Field.crate_elite": "κιβώτιο_ελίτ",
    "UI.Field.Military Crate": "Στρατιωτικό Κιβώτιο",
    "UI.Field.crate_normal": "κιβώτιο_κανονικό",
    "UI.Field.Tools Crate": "Κιβώτιο Εργαλείων",
    "UI.Field.crate_tools": "κιβώτιο_εργαλείων",
    "UI.Field.Supply Drop": "Αλεξίπτωτο Εφοδιασμού",
    "UI.Field.supply_drop": "εφοδιασμός",
    "UI.Field.Locked Crate": "Κλειδωμένο Κιβώτιο",
    "UI.Field.codelockedhackablecrate|codelockedhackablecrate_oilrig": "κλειδωμένοκιβώτιοκλειδαριάς|κλειδωμένοκιβώτιοκλειδαριάς_oilrig",
    "UI.Tabs.BUILDING": "ΚΑΤΑΣΚΕΥΗ",
    "UI.Tabs.HITRATE": "ΣΥΧΝΟΤΗΤΑ ΕΠΙΤΥΧΙΑΣ",
    "UI.Field.Head kills": "Σκοτωμάτα κεφαλιού",
    "UI.Field.HEAD": "ΚΕΦΑΛΗ",
    "UI.Leaderboard.Column.Nickname": "Παρατσούκλι",
    "UI.Leaderboard.Column.Kills": "Σκοτωματοί",
    "UI.Leaderboard.Column.Deaths": "Θάνατοι",
    "UI.Leaderboard.Column.KDR": "Αναλογία Σ/Θ",
    "UI.Leaderboard.Column.NPC Kills": "Σκοτώματα NPC",
    "UI.Leaderboard.Column.Total online": "Συνολικοί online",
    "UI.Leaderboard.Column.Scores": "Σκορ",
    "UI.BodyParts.HEAD": "ΚΕΦΑΛΙ",
    "UI.BodyParts.ARM": "ΧΕΡΙ",
    "UI.BodyParts.CHEST": "ΣΤΗΘΟΣ",
    "UI.BodyParts.HIP": "ΓΟΦΟΣ",
    "UI.BodyParts.BODY": "ΣΩΜΑ",
    "UI.BodyParts.NECK": "ΛΑΙΜΟΣ",
    "UI.Building.wall.frame_twigs": "ΤΟΙΧΟΣ.ΠΛΑΙΣΙΟ- ΚΛΑΔΙΑ",
    "UI.Grade.twigs": "ΚΛΑΔΙΑ",
    "UI.Building.wall.frame_wood": "ΤΟΙΧΟΣ.ΠΛΑΙΣΙΟ- ΞΥΛΟ",
    "UI.Grade.wood": "ΞΥΛΟ",
    "UI.Building.wall.frame_stone": "ΤΟΙΧΟΣ.ΠΛΑΙΣΙΟ- ΠΕΤΡΑ",
    "UI.Grade.stone": "ΠΕΤΡΑ",
    "UI.Building.wall.frame_metal": "ΤΟΙΧΟΣ.ΠΛΑΙΣΙΟ- ΜΕΤΑΛΛΟ",
    "UI.Grade.metal": "ΜΕΤΑΛΛΟ",
    "UI.Building.wall.frame_toptier": "ΤΟΙΧΟΣ.ΠΛΑΙΣΙΟ- ΥΨΗΛΟΣ ΕΠΙΠΕΔΟ",
    "UI.Grade.toptier": "ΥΨΗΛΟ ΕΠΙΠΕΔΟ",
    "UI.Building.wall.frame_count": "ΤΟΙΧΟΣ.ΠΛΑΙΣΙΟ- ΑΡΙΘΜΟΣ",
    "UI.Grade.count": "ΑΡΙΘΜΟΣ",
    "UI.Building.wall.frame_none": "ΤΟΙΧΟΣ.ΠΛΑΙΣΙΟ- ΚΑΝΕΝΑ",
    "UI.Grade.none": "ΚΑΝΕΝΑ",
    "UI.Building.block.stair.ushape_twigs": "ΜΠΛΟΚ.ΣΚΑΛΑ.ΟΥ-ΣΧΗΜΑ- ΚΛΑΔΙΑ",
    "UI.Building.block.stair.ushape_wood": "ΜΠΛΟΚ.ΣΚΑΛΑ.ΟΥ-ΣΧΗΜΑ- ΞΥΛΟ",
    "UI.Building.block.stair.ushape_stone": "ΜΠΛΟΚ.ΣΚΑΛΑ.ΟΥ-ΣΧΗΜΑ- ΠΕΤΡΑ",
    "UI.Building.block.stair.ushape_metal": "ΜΠΛΟΚ.ΣΚΑΛΑ.ΟΥ-ΣΧΗΜΑ- ΜΕΤΑΛΛΟ",
    "UI.Building.block.stair.ushape_toptier": "ΜΠΛΟΚ.ΣΚΑΛΑ.ΟΥ-ΣΧΗΜΑ- ΥΨΗΛΟΣ ΕΠΙΠΕΔΟ",
    "UI.Building.block.stair.ushape_count": "ΜΠΛΟΚ.ΣΚΑΛΑ.ΟΥ-ΣΧΗΜΑ- ΑΡΙΘΜΟΣ",
    "UI.Building.block.stair.ushape_none": "ΜΠΛΟΚ.ΣΚΑΛΑ.ΟΥ-ΣΧΗΜΑ- ΚΑΝΕΝΑ",
    "UI.Building.roof_twigs": "ΣΤΕΓΗ- ΚΛΑΔΙΑ",
    "UI.Building.roof_wood": "ΣΤΕΓΗ- ΞΥΛΟ",
    "UI.Building.roof_stone": "ΣΤΕΓΗ- ΠΕΤΡΑ",
    "UI.Building.roof_metal": "ΣΤΕΓΗ- ΜΕΤΑΛΛΟ",
    "UI.Building.roof_toptier": "ΣΤΕΓΗ- ΥΨΗΛΟΣ ΕΠΙΠΕΔΟ",
    "UI.Building.roof_count": "ΣΤΕΓΗ- ΑΡΙΘΜΟΣ",
    "UI.Building.roof_none": "ΣΤΕΓΗ- ΚΑΝΕΝΑ",
    "UI.Building.wall.window_twigs": "ΤΟΙΧΟΣ.ΠΑΡΑΘΥΡΟ- ΚΛΑΔΙΑ",
    "UI.Building.wall.window_wood": "ΤΟΙΧΟΣ.ΠΑΡΑΘΥΡΟ- ΞΥΛΟ",
    "UI.Building.wall.window_stone": "ΤΟΙΧΟΣ.ΠΑΡΑΘΥΡΟ- ΠΕΤΡΑ",
    "UI.Building.wall.window_metal": "ΤΟΙΧΟΣ.ΠΑΡΑΘΥΡΟ- ΜΕΤΑΛΛΟ",
    "UI.Building.wall.window_toptier": "ΤΟΙΧΟΣ.ΠΑΡΑΘΥΡΟ- ΥΨΗΛΟΣ ΕΠΙΠΕΔΟ",
    "UI.Building.wall.window_count": "ΤΟΙΧΟΣ.ΠΑΡΑΘΥΡΟ- ΑΡΙΘΜΟΣ",
    "UI.Building.wall.window_none": "ΤΟΙΧΟΣ.ΠΑΡΑΘΥΡΟ- ΚΑΝΕΝΑ",
    "UI.Building.floor.triangle.frame_twigs": "ΠΑΤΩΜΑ.ΤΡΙΓΩΝΟ.ΠΛΑΙΣΙΟ- ΚΛΑΔΙΑ",
    "UI.Building.floor.triangle.frame_wood": "ΠΑΤΩΜΑ.ΤΡΙΓΩΝΟ.ΠΛΑΙΣΙΟ- ΞΥΛΟ",
    "UI.Building.floor.triangle.frame_stone": "ΠΑΤΩΜΑ.ΤΡΙΓΩΝΟ.ΠΛΑΙΣΙΟ- ΠΕΤΡΑ",
    "UI.Building.floor.triangle.frame_metal": "ΠΑΤΩΜΑ.ΤΡΙΓΩΝΟ.ΠΛΑΙΣΙΟ- ΜΕΤΑΛΛΟ",
    "UI.Building.floor.triangle.frame_toptier": "ΠΑΤΩΜΑ.ΤΡΙΓΩΝΟ.ΠΛΑΙΣΙΟ- ΥΨΗΛΟΣ ΕΠΙΠΕΔΟ",
    "UI.Building.floor.triangle.frame_count": "ΠΑΤΩΜΑ.ΤΡΙΓΩΝΟ.ΠΛΑΙΣΙΟ- ΑΡΙΘΜΟΣ",
    "UI.Building.floor.triangle.frame_none": "ΠΑΤΩΜΑ.ΤΡΙΓΩΝΟ.ΠΛΑΙΣΙΟ- ΚΑΝΕΝΑ",
    "UI.Building.wall.low_twigs": "ΤΟΙΧΟΣ.ΧΑΜΗΛΟΣ- ΚΛΑΔΙΑ",
    "UI.Building.wall.low_wood": "ΤΟΙΧΟΣ.ΧΑΜΗΛΟΣ- ΞΥΛΟ",
    "UI.Building.wall.low_stone": "ΤΟΙΧΟΣ.ΧΑΜΗΛΟΣ- ΠΕΤΡΑ",
    "UI.Building.wall.low_metal": "ΤΟΙΧΟΣ.ΧΑΜΗΛΟΣ- ΜΕΤΑΛΛΟ",
    "UI.Building.wall.low_toptier": "ΤΟΙΧΟΣ.ΧΑΜΗΛΟΣ- ΥΨΗΛΟΣ ΕΠΙΠΕΔΟ",
    "UI.Building.wall.low_count": "ΤΟΙΧΟΣ.ΧΑΜΗΛΟΣ- ΑΡΙΘΜΟΣ",
    "UI.Building.wall.low_none": "ΤΟΙΧΟΣ.ΧΑΜΗΛΟΣ- ΚΑΝΕΝΑ",
    "UI.Building.wall.half_twigs": "ΤΟΙΧΟΣ.ΜΙΣΟΣ- ΚΛΑΔΙΑ",
    "UI.Building.wall.half_wood": "ΤΟΙΧΟΣ.ΜΙΣΟΣ- ΞΥΛΟ",
    "UI.Building.wall.half_stone": "ΤΟΙΧΟΣ.ΜΙΣΟΣ- ΠΕΤΡΑ",
    "UI.Building.wall.half_metal": "ΤΟΙΧΟΣ.ΜΙΣΟΣ- ΜΕΤΑΛΛΟ",
    "UI.Building.wall.half_toptier": "ΤΟΙΧΟΣ.ΜΙΣΟΣ- ΥΨΗΛΟΣ ΕΠΙΠΕΔΟ",
    "UI.Building.wall.half_count": "ΤΟΙΧΟΣ.ΜΙΣΟΣ- ΑΡΙΘΜΟΣ",
    "UI.Building.wall.half_none": "ΤΟΙΧΟΣ.ΜΙΣΟΣ- ΚΑΝΕΝΑ",
    "UI.Building.roof.triangle_twigs": "ΣΤΕΓΗ.ΤΡΙΓΩΝΟ- ΚΛΑΔΙΑ",
    "UI.Building.roof.triangle_wood": "ΣΤΕΓΗ.ΤΡΙΓΩΝΟ- ΞΥΛΟ",
    "UI.Building.roof.triangle_stone": "ΣΤΕΓΗ.ΤΡΙΓΩΝΟ- ΠΕΤΡΑ",
    "UI.Building.roof.triangle_metal": "ΣΤΕΓΗ.ΤΡΙΓΩΝΟ- ΜΕΤΑΛΛΟ",
    "UI.Building.roof.triangle_toptier": "ΣΤΕΓΗ.ΤΡΙΓΩΝΟ- ΥΨΗΛΟΣ ΕΠΙΠΕΔΟ",
    "UI.Building.roof.triangle_count": "ΣΤΕΓΗ.ΤΡΙΓΩΝΟ- ΑΡΙΘΜΟΣ",
    "UI.Building.roof.triangle_none": "ΣΤΕΓΗ.ΤΡΙΓΩΝΟ- ΚΑΝΕΝΑ",
    "UI.Building.foundation.steps_twigs": "ΘΕΜΕΛΙΟ.ΣΚΑΛΟΠΑΤΙΑ- ΚΛΑΔΙΑ",
    "UI.Building.foundation.steps_wood": "ΘΕΜΕΛΙΟ.ΣΚΑΛΟΠΑΤΙΑ- ΞΥΛΟ",
    "UI.Building.foundation.steps_stone": "ΘΕΜΕΛΙΟ.ΣΚΑΛΟΠΑΤΙΑ- ΠΕΤΡΑ",
    "UI.Building.foundation.steps_metal": "ΘΕΜΕΛΙΟ.ΣΚΑΛΟΠΑΤΙΑ- ΜΕΤΑΛΛΟ",
    "UI.Building.foundation.steps_toptier": "ΘΕΜΕΛΙΟ.ΣΚΑΛΟΠΑΤΙΑ- ΥΨΗΛΟΣ ΕΠΙΠΕΔΟ",
    "UI.Building.foundation.steps_count": "ΘΕΜΕΛΙΟ.ΣΚΑΛΟΠΑΤΙΑ- ΑΡΙΘΜΟΣ",
    "UI.Building.foundation.steps_none": "ΘΕΜΕΛΙΟ.ΣΚΑΛΟΠΑΤΙΑ- ΚΑΝΕΝΑ",
    "UI.Building.floor_twigs": "ΠΑΤΩΜΑ- ΚΛΑΔΙΑ",
    "UI.Building.floor_wood": "ΠΑΤΩΜΑ- ΞΥΛΟ",
    "UI.Building.floor_stone": "ΠΑΤΩΜΑ- ΠΕΤΡΑ",
    "UI.Building.floor_metal": "ΠΑΤΩΜΑ- ΜΕΤΑΛΛΟ",
    "UI.Building.floor_toptier": "ΠΑΤΩΜΑ- ΥΨΗΛΟΣ ΕΠΙΠΕΔΟ",
    "UI.Building.floor_count": "ΠΑΤΩΜΑ- ΑΡΙΘΜΟΣ",
    "UI.Building.floor_none": "ΠΑΤΩΜΑ- ΚΑΝΕΝΑ",
    "UI.Building.ramp_twigs": "ΡΑΜΠΑ- ΚΛΑΔΙΑ",
    "UI.Building.ramp_wood": "ΡΑΜΠΑ- ΞΥΛΟ",
    "UI.Building.ramp_stone": "ΡΑΜΠΑ- ΠΕΤΡΑ",
    "UI.Building.ramp_metal": "ΡΑΜΠΑ- ΜΕΤΑΛΛΟ",
    "UI.Building.ramp_toptier": "ΡΑΜΠΑ- ΥΨΗΛΟΣ ΕΠΙΠΕΔΟ",
    "UI.Building.ramp_count": "ΡΑΜΠΑ- ΑΡΙΘΜΟΣ",
    "UI.Building.ramp_none": "ΡΑΜΠΑ- ΚΑΝΕΝΑ",
    "UI.Building.wall_twigs": "ΤΟΙΧΟΣ- ΚΛΑΔΙΑ",
    "UI.Building.wall_wood": "ΤΟΙΧΟΣ- ΞΥΛΟ",
    "UI.Building.wall_stone": "ΤΟΙΧΟΣ- ΠΕΤΡΑ",
    "UI.Building.wall_metal": "ΤΟΙΧΟΣ- ΜΕΤΑΛΛΟ",
    "UI.Building.wall_toptier": "ΤΟΙΧΟΣ- ΥΨΗΛΟΣ ΕΠΙΠΕΔΟ",
    "UI.Building.wall_count": "ΤΟΙΧΟΣ- ΑΡΙΘΜΟΣ",
    "UI.Building.wall_none": "ΤΟΙΧΟΣ- ΚΑΝΕΝΑ",
    "UI.Building.wall.doorway_twigs": "ΤΟΙΧΟΣ.ΠΟΡΤΑ- ΚΛΑΔΙΑ",
    "UI.Building.wall.doorway_wood": "ΤΟΙΧΟΣ.ΠΟΡΤΑ- ΞΥΛΟ",
    "UI.Building.wall.doorway_stone": "ΤΟΙΧΟΣ.ΠΟΡΤΑ- ΠΕΤΡΑ",
    "UI.Building.wall.doorway_metal": "ΤΟΙΧΟΣ.ΠΟΡΤΑ- ΜΕΤΑΛΛΟ",
    "UI.Building.wall.doorway_toptier": "ΤΟΙΧΟΣ.ΠΟΡΤΑ- ΥΨΗΛΟΣ ΕΠΙΠΕΔΟ",
    "UI.Building.wall.doorway_count": "ΤΟΙΧΟΣ.ΠΟΡΤΑ- ΑΡΙΘΜΟΣ",
    "UI.Building.wall.doorway_none": "ΤΟΙΧΟΣ.ΠΟΡΤΑ- ΚΑΝΕΝΑ",
    "UI.Building.block.stair.lshape_twigs": "ΜΠΛΟΚ.ΣΚΑΛΑ.Λ-ΣΧΗΜΑ- ΚΛΑΔΙΑ",
    "UI.Building.block.stair.lshape_wood": "ΜΠΛΟΚ.ΣΚΑΛΑ.Λ-ΣΧΗΜΑ- ΞΥΛΟ",
    "UI.Building.block.stair.lshape_stone": "ΜΠΛΟΚ.ΣΚΑΛΑ.Λ-ΣΧΗΜΑ- ΠΕΤΡΑ",
    "UI.Building.block.stair.lshape_metal": "ΜΠΛΟΚ.ΣΚΑΛΑ.Λ-ΣΧΗΜΑ- ΜΕΤΑΛΛΟ",
    "UI.Building.block.stair.lshape_toptier": "ΜΠΛΟΚ.ΣΚΑΛΑ.Λ-ΣΧΗΜΑ- ΥΨΗΛΟΣ ΕΠΙΠΕΔΟ",
    "UI.Building.block.stair.lshape_count": "ΜΠΛΟΚ.ΣΚΑΛΑ.Λ-ΣΧΗΜΑ- ΑΡΙΘΜΟΣ",
    "UI.Building.block.stair.lshape_none": "ΜΠΛΟΚ.ΣΚΑΛΑ.Λ-ΣΧΗΜΑ- ΚΑΝΕΝΑ",
    "UI.Building.foundation.triangle_twigs": "ΘΕΜΕΛΙΟ.ΤΡΙΓΩΝΟ- ΚΛΑΔΙΑ",
    "UI.Building.foundation.triangle_wood": "ΘΕΜΕΛΙΟ.ΤΡΙΓΩΝΟ- ΞΥΛΟ",
    "UI.Building.foundation.triangle_stone": "ΘΕΜΕΛΙΟ.ΤΡΙΓΩΝΟ- ΠΕΤΡΑ",
    "UI.Building.foundation.triangle_metal": "ΘΕΜΕΛΙΟ.ΤΡΙΓΩΝΟ- ΜΕΤΑΛΛΟ",
    "UI.Building.foundation.triangle_toptier": "ΘΕΜΕΛΙΟ.ΤΡΙΓΩΝΟ- ΥΨΗΛΟΣ ΕΠΙΠΕΔΟ",
    "UI.Building.foundation.triangle_count": "ΘΕΜΕΛΙΟ.ΤΡΙΓΩΝΟ- ΑΡΙΘΜΟΣ",
    "UI.Building.foundation.triangle_none": "ΘΕΜΕΛΙΟ.ΤΡΙΓΩΝΟ- ΚΑΝΕΝΑ",
    "UI.Building.floor.triangle_twigs": "ΠΑΤΩΜΑ.ΤΡΙΓΩΝΟ- ΚΛΑΔΙΑ",
    "UI.Building.floor.triangle_wood": "ΠΑΤΩΜΑ.ΤΡΙΓΩΝΟ- ΞΥΛΟ",
    "UI.Building.floor.triangle_stone": "ΠΑΤΩΜΑ.ΤΡΙΓΩΝΟ- ΠΕΤΡΑ",
    "UI.Building.floor.triangle_metal": "ΠΑΤΩΜΑ.ΤΡΙΓΩΝΟ- ΜΕΤΑΛΛΟ",
    "UI.Building.floor.triangle_toptier": "ΠΑΤΩΜΑ.ΤΡΙΓΩΝΟ- ΥΨΗΛΟΣ ΕΠΙΠΕΔΟ",
    "UI.Building.floor.triangle_count": "ΠΑΤΩΜΑ.ΤΡΙΓΩΝΟ- ΑΡΙΘΜΟΣ",
    "UI.Building.floor.triangle_none": "ΠΑΤΩΜΑ.ΤΡΙΓΩΝΟ- ΚΑΝΕΝΑ",
    "UI.Building.floor.frame_twigs": "ΠΑΤΩΜΑ.ΠΛΑΙΣΙΟ- ΚΛΑΔΙΑ",
    "UI.Building.floor.frame_wood": "ΠΑΤΩΜΑ.ΠΛΑΙΣΙΟ- ΞΥΛΟ",
    "UI.Building.floor.frame_stone": "ΠΑΤΩΜΑ.ΠΛΑΙΣΙΟ- ΠΕΤΡΑ",
    "UI.Building.floor.frame_metal": "ΠΑΤΩΜΑ.ΠΛΑΙΣΙΟ- ΜΕΤΑΛΛΟ",
    "UI.Building.floor.frame_toptier": "ΠΑΤΩΜΑ.ΠΛΑΙΣΙΟ- ΥΨΗΛΟΣ ΕΠΙΠΕΔΟ",
    "UI.Building.floor.frame_count": "ΠΑΤΩΜΑ.ΠΛΑΙΣΙΟ- ΑΡΙΘΜΟΣ",
    "UI.Building.floor.frame_none": "ΠΑΤΩΜΑ.ΠΛΑΙΣΙΟ- ΚΑΝΕΝΑ",
    "UI.Building.foundation_twigs": "ΘΕΜΕΛΙΟ- ΚΛΑΔΙΑ",
    "UI.Building.foundation_wood": "ΘΕΜΕΛΙΟ- ΞΥΛΟ",
    "UI.Building.foundation_stone": "ΘΕΜΕΛΙΟ- ΠΕΤΡΑ",
    "UI.Building.foundation_metal": "ΘΕΜΕΛΙΟ- ΜΕΤΑΛΛΟ",
    "UI.Building.foundation_toptier": "ΘΕΜΕΛΙΟ- ΥΨΗΛΟΣ ΕΠΙΠΕΔΟ",
    "UI.Building.foundation_count": "ΘΕΜΕΛΙΟ- ΑΡΙΘΜΟΣ",
    "UI.Building.foundation_none": "ΘΕΜΕΛΙΟ- ΚΑΝΕΝΑ",
    "UI.Building.block.stair.spiral_twigs": "ΜΠΛΟΚ.ΣΚΑΛΑ.ΣΠΙΡΑΛ- ΚΛΑΔΙΑ",
    "UI.Building.block.stair.spiral_wood": "ΜΠΛΟΚ.ΣΚΑΛΑ.ΣΠΙΡΑΛ- ΞΥΛΟ",
    "UI.Building.block.stair.spiral_stone": "ΜΠΛΟΚ.ΣΚΑΛΑ.ΣΠΙΡΑΛ- ΠΕΤΡΑ",
    "UI.Building.block.stair.spiral_metal": "ΜΠΛΟΚ.ΣΚΑΛΑ.ΣΠΙΡΑΛ- ΜΕΤΑΛΛΟ",
    "UI.Building.block.stair.spiral_toptier": "ΜΠΛΟΚ.ΣΚΑΛΑ.ΣΠΙΡΑΛ- ΥΨΗΛΟΣ ΕΠΙΠΕΔΟ",
    "UI.Building.block.stair.spiral_count": "ΜΠΛΟΚ.ΣΚΑΛΑ.ΣΠΙΡΑΛ- ΑΡΙΘΜΟΣ",
    "UI.Building.block.stair.spiral_none": "ΜΠΛΟΚ.ΣΚΑΛΑ.ΣΠΙРΑΛ- ΚΑΝΕΝΑ",
    "UI.Building.block.stair.spiral.triangle_twigs": "ΜΠΛΟΚ.ΣΚΑΛΑ.ΣΠΙΡΑΛ.ΤΡΙΓΩΝΟ- ΚΛΑΔΙΑ",
    "UI.Building.block.stair.spiral.triangle_wood": "ΜΠΛΟΚ.ΣΚΑΛΑ.ΣΠΙΡΑΛ.ΤΡΙΓΩΝΟ- ΞΥΛΟ",
    "UI.Building.block.stair.spiral.triangle_stone": "ΜΠΛΟΚ.ΣΚΑΛΑ.ΣΠΙΡΑΛ.ΤΡΙΓΩΝΟ- ΠΕΤΡΑ",
    "UI.Building.block.stair.spiral.triangle_metal": "ΜΠΛΟΚ.ΣΚΑΛΑ.ΣΠΙΡΑΛ.ΤΡΙΓΩΝΟ- ΜΕΤΑΛΛΟ",
    "UI.Building.block.stair.spiral.triangle_toptier": "ΜΠΛΟΚ.ΣΚΑΛΑ.ΣΠΙΡΑΛ.ΤΡΙΓΩΝΟ- ΥΨΗΛΟΣ ΕΠΙΠΕΔΟ",
    "UI.Building.block.stair.spiral.triangle_count": "ΜΠΛΟΚ.ΣΚΑΛΑ.ΣΠΙΡΑΛ.ΤΡΙΓΩΝΟ- ΑΡΙΘΜΟΣ",
    "UI.Building.block.stair.spiral.triangle_none": "ΜΠΛΟΚ.ΣΚΑΛΑ.ΣΠΙΡΑΛ.ΤΡΙΓΩΝΟ- ΚΑΝΕΝΑ"
}
