{
  "ConnectionError": "Υπήρξε σφάλμα σύνδεσης. Προσπαθήστε ξανά ή επικοινωνήστε με έναν διαχειριστή αν το πρόβλημα συνεχίζεται.",
  "RemovedMsg": "Έχετε αφαιρεθεί από την ομάδα αυθεντικοποιημένων επειδή απόσυνδέσατε τους λογαριασμούς σας.\nΕπικοινωνήστε με έναν διαχειριστή αν δεν το κάνατε εσείς.",
  "RemovedNitroMsg": "Έχετε αφαιρεθεί από την ομάδα Nitro επειδή αφαιρέθηκε το boost σας.\nΕπικοινωνήστε με έναν διαχειριστή αν υπάρχει κάποιο πρόβλημα.",
  "VerifyMsg": "Γεια, βεβαιωθείτε ότι έχετε επαληθεύσει στο {0} για να λάβετε φοβερά reward.",
  "ThanksMsg": "Έχετε επαληθεύσει και συνδέσει τους λογαριασμούς σας επιτυχώς. Ευχαριστούμε!",
  "SteamNotVerified": "Είστε στην ομάδα Steam, αλλά δεν έχετε επαληθευτεί. Παρακαλούμε επαληθευτείτε στην ιστοσελίδα μας.",
  "ThanksNitroMsg": "Έχετε ενισχύσει επιτυχώς το discord μας. Ευχαριστούμε!",
  "RemovedSteamMsg": "Έχετε αφαιρεθεί από την ομάδα Steam Rewards για την αποχώρησή σας από την ομάδα Steam.",
  "ThanksSteamMsg": "Έχετε ενταχθεί επιτυχώς στην ομάδα μας στο Steam. Ευχαριστούμε!",
  "NotClient": "Αυτή η εντολή προορίζεται να εκτελείται από πελάτη, όχι από την κονσόλα.",
  "OnCooldown": "Επί του παρόντος βρίσκεστε σε αναμονή για τη χρήση αυτής της εντολής.",
  "NoUsers": "UniversalLink: Η απάντηση που λήφθηκε δεν περιέχει κανέναν χρήστη."
}