{"Playtime": "<color=#838383>[</color><color=#f7432a>BestRust Servers</color><color=#838383>]</color> BestRustサーバーで特定のプレイ時間に到達すると、<color=#7dda58>待ち行列スキップ</color>ができます。\n\nプレイ時間をチェックしたり、詳しい情報を知るには<color=#ff5c45>/playtime</color>コマンドを使用してください。", "RustMagic": "<color=#838383>[</color><color=#f7432a>BestRust Servers</color><color=#838383>]</color> <color=#f5e942>3つの無料で高価なRustスキン</color>をここで手に入れよう！<color=#f5e942>BESTRUSTコード</color>を使用: https://splits.gg/r/BESTRUST", "Store": "<color=#838383>[</color><color=#f7432a>BestRust Servers</color><color=#838383>]</color> <color=#f5e942>VIP - 待ち行列スキップをたった1€で購入</color>、私たちのストアをチェックしよう！ストアにアクセスするにはウェブページを訪れてください。<color=#ff5c45>https://store.bestrustservers.com/</color>", "Staff": "<color=#838383>[</color><color=#f7432a>BestRust Servers</color><color=#838383>]</color> <color=#f5e942>無料VIP、リアルマネー、スキンを獲得</color>しませんか？\n新しいスタッフメンバーを募集中です。<color=#7dda58>モデレーター</color>、<color=#da5a5a>管理者</color>、<color=#cc6ce7>コミュニティマネージャー</color>または<color=#d49a17>コンテンツクリエイター</color>に応募できます。\n\n興味がある方は、私たちのDiscordの#open-applicationsチャンネルを訪れてください。<color=#ff5c45>discord.gg/bestrustservers</color>", "RustMagic2": "<color=#838383>[</color><color=#f7432a>BestRust Servers</color><color=#838383>]</color> <color=#f5e942>3つの無料で高価なRustスキン</color>をここで手に入れよう！<color=#f5e942>BESTRUSTコード</color>を使用: https://splits.gg/r/BESTRUST", "Store2": "<color=#838383>[</color><color=#f7432a>BestRust Servers</color><color=#838383>]</color> <color=#f5e942>VIP - 待ち行列スキップをたった1€で購入</color>、私たちのストアをチェックしよう！ストアにアクセスするにはウェブページを訪れてください。<color=#ff5c45>https://store.bestrustservers.com/</color>", "Discord": "<color=#838383>[</color><color=#f7432a>BestRust Servers</color><color=#838383>]</color> もし助けが必要だったり、プレイヤーを報告したい場合は、私たちのDiscordでチケットを作成してください。いつでもお手伝いします！<color=#ff5c45>discord.gg/bestrustservers</color>"}