{
    "Store": "<color=#838383>[</color><color=#f7432a>BestRust Servers</color><color=#838383>]</color> 私たちのショップはとても使いやすく、<color=#f5e942>VIPランクとキット</color>を<color=#f5e942>1€から</color>購入でき、すぐに受け取れます。 \n<color=#ff7763>すべての支払い方法</color>に対応しており、<color=#f5e942>Rustスキン</color>や<color=#f5e942>クリプト</color>でも支払えます。<color=#f7432a>/kit</color>を使って、キットをチェックしてみてください。\n\nVIP特典には<color=#ff7763>キット</color>、<color=#ff7763>待機列スキップ</color>、<color=#ff7763>Skinbox</color>、<color=#ff7763>より多くの健康、飲料、食料でのスポーン</color>など、多くの<color=#ff7763>特典があります</color>。ぜひストアをチェックしてみてください！\n\nサーバーをサポートし、運営に協力してくれる皆さんに感謝します！\n\n<color=#ff5c45>https://store.bestrustservers.com/</color>",
    "Splits": "<color=#838383>[</color><color=#f7432a>BestRust Servers</color><color=#838383>]</color> Get <color=#f5e942>Multiple Very OP kit rewards</color> for depositing on splits.gg with the <color=#f5e942>BESTRUST code</color>. </color>Check <color=#ff5c45>/kit</color> for the rewards and make sure you use the <color=#f5e942>BESTRUST code</color> when you deposit on splits.gg",
    "PlaytimeRewards": "<color=#838383>[</color><color=#f7432a>BestRust Servers</color><color=#838383>]</color> BestRustサーバーで特定のプレイ時間を達成すると、<color=#7dda58>無料キット</color>や<color=#e1c05f>リワード</color>を獲得できます。\n\n<color=#ff5c45>/playtime</color>コマンドでプレイ時間を確認し、詳細情報を確認してください。",
    "Store2": "<color=#838383>[</color><color=#f7432a>BestRust Servers</color><color=#838383>]</color> 私たちのショップはとても使いやすく、<color=#f5e942>VIPランクとキット</color>を<color=#f5e942>1€から</color>購入でき、すぐに受け取れます。 \n<color=#ff7763>すべての支払い方法</color>に対応しており、<color=#f5e942>Rustスキン</color>や<color=#f5e942>クリプト</color>でも支払えます。<color=#f7432a>/kit</color>を使って、キットをチェックしてみてください。\n\nVIP特典には<color=#ff7763>キット</color>、<color=#ff7763>待機列スキップ</color>、<color=#ff7763>Skinbox</color>、<color=#ff7763>より多くの健康、飲料、食料でのスポーン</color>など、多くの<color=#ff7763>特典があります</color>。ぜひストアをチェックしてみてください！\n\nサーバーをサポートし、運営に協力してくれる皆さんに感謝します！\n\n<color=#ff5c45>https://store.bestrustservers.com/</color>",
    "Splits2": "<color=#838383>[</color><color=#f7432a>BestRust Servers</color><color=#838383>]</color> Get <color=#f5e942>3 free high value rust skins and a free kit</color> by using the <color=#f5e942>BESTRUST code</color>on splits.gg",
    "Staff": "<color=#838383>[</color><color=#f7432a>BestRust Servers</color><color=#838383>]</color> <color=#f5e942>無料VIP、現金、スキン</color>を稼ぎませんか？\n新しいスタッフメンバーを探しています。<color=#7dda58>モデレーター</color>、<color=#da5a5a>管理者</color>、<color=#cc6ce7>コミュニティマネージャー</color>、<color=#d49a17>コンテンツクリエーター</color>に応募できます。\n\n興味がある方は、私たちのDiscordの#open-applicationsチャンネルを訪問してください：<color=#ff5c45>discord.gg/bestrustservers</color>",
    "Store3": "<color=#838383>[</color><color=#f7432a>BestRust Servers</color><color=#838383>]</color> 私たちのショップはとても使いやすく、<color=#f5e942>VIPランクとキット</color>を<color=#f5e942>1€から</color>購入でき、すぐに受け取れます。 \n<color=#ff7763>すべての支払い方法</color>に対応しており、<color=#f5e942>Rustスキン</color>や<color=#f5e942>クリプト</color>でも支払えます。<color=#f7432a>/kit</color>を使って、キットをチェックしてみてください。\n\nVIP特典には<color=#ff7763>キット</color>、<color=#ff7763>待機列スキップ</color>、<color=#ff7763>Skinbox</color>、<color=#ff7763>より多くの健康、飲料、食料でのスポーン</color>など、多くの<color=#ff7763>特典があります</color>。ぜひストアをチェックしてみてください！\n\nサーバーをサポートし、運営に協力してくれる皆さんに感謝します！\n\n<color=#ff5c45>https://store.bestrustservers.com/</color>",
    "Splits3": "<color=#838383>[</color><color=#f7432a>BestRust Servers</color><color=#838383>]</color> Get <color=#f5e942>Multiple Very OP kit rewards</color> for depositing on splits.gg with the <color=#f5e942>BESTRUST code</color>. </color>Check <color=#ff5c45>/kit</color> for the rewards and make sure you use the <color=#f5e942>BESTRUST code</color> when you deposit on splits.gg",
    "Discord": "<color=#838383>[</color><color=#f7432a>BestRust Servers</color><color=#838383>]</color> ヘルプが必要場合やプレイヤーを報告したい場合は、私たちのDiscordでチケットを作成してください。いつでもご相談に応じます！<color=#ff5c45>discord.gg/bestrustservers</color>"
}
