{
  "Prefix": "<color=#D85540>[ブループリント共有]</color> ",
  "ArgumentsError": "コマンドの使用法が間違っています。<color=#ffff00>/bs help</color>を試してください。",
  "Help": "<color=#D85540>ブループリント共有コマンド:</color>\n<color=#D85540>/bs toggle</color> - 自動ブループリント共有の切り替え\n<color=#D85540>/bs share <player></color> - 学習したブループリントをプレイヤーと共有\n<color=#D85540>/bs show <team|clan|friend> [name]</color> - 共有されたブループリントを表示\n<color=#D85540>/bs help</color> - このヘルプメニューを表示",
  "ToggleOn": "ブループリント共有が<color=#00ff00>有効</color>になりました。",
  "ToggleOff": "ブループリント共有が<color=#ff0000>無効</color>になりました。",
  "NoPermission": "このコマンドを使用する権限がありません。",
  "CannotShare": "このプレイヤーとブループリントを共有できません。チーム、クラン、またはフレンドリストにいる必要があります。",
  "NoTarget": "共有するプレイヤーを指定する必要があります。",
  "TargetEqualsPlayer": "自分自身とブループリントを共有することはできません。",
  "PlayerNotFound": "プレイヤーが見つかりません。",
  "PlayerSharedBlueprints": "あなたは<color=#ffff00>{0}</color>個のブループリントを<color=#ffff00>{1}</color>と共有しました。",
  "TargetLearntBlueprints": "<color=#ffff00>{0}</color>があなたと<color=#ffff00>{1}</color>個のブループリントを共有しました。",
  "NoBlueprintsToShare": "<color=#ffff00>{0}</color>と共有する新しいブループリントはありません。",
  "PlayerSharedBlueprint": "あなたは<color=#ffff00>{0}</color>ブループリントを学習し、<color=#ffff00>{1}</color>人のプレイヤーと共有しました。",
  "TargetLearntBlueprint": "<color=#ffff00>{0}</color>があなたと<color=#ffff00>{1}</color>ブループリントを共有しました。",
  "BlueprintBlocked": "<color=#ffff00>{0}</color>ブループリントの共有は禁止されていますが、学習はできました。",
  "TargetSharingDisabled": "<color=#ffff00>{0}</color>とのブループリント共有はできません - 彼らは共有を無効にしています。",
  "BlueprintsRemoved": "<color=#ffff00>{0}</color>個のブループリントへのアクセスを失いました。",
  "ShowMissingArgument": "表示する共有ブループリントを指定する必要があります。オプション: <color=#ffff00>team</color>, <color=#ffff00>clan</color>, <color=#ffff00>friend</color>。",
  "ShowFriendArgumentMissing": "フレンドの名前を指定する必要があります。",
  "NotFriends": "このプレイヤーとはフレンドではありません。",
  "NoSharedBlueprints": "共有されたブループリントはありません。",
  "SharedBlueprintsTitle": "あなたに共有されたブループリント:",
  "ShowSharedBlueprints": "<color=#ffff00>Tier {0}:</color> {1}",
  "LoseBlueprintsDisabled": "この機能はサーバー管理者によって無効化されています。"
}