{
  "Notification.ClanInfo.Title": "<size=18><color=#ffa500>クラン</color></size><size=14><color=#ce422b> 再誕</color></size>",
  "Notification.ClanInfo.Tag": "\nクランタグ: <color=#b2eece>{0}</color>",
  "Notification.ClanInfo.Description": "\n説明: <color=#b2eece>{0}</color>",
  "Notification.ClanInfo.Online": "\nオンラインメンバー: {0}",
  "Notification.ClanInfo.Offline": "\nオフラインメンバー: {0}",
  "Notification.ClanInfo.Members": "\nメンバー: {0}",
  "Notification.ClanInfo.Established": "\n創設日: <color=#b2eece>{0}</color>",
  "Notification.ClanInfo.LastOnline": "\n最終ログイン: <color=#b2eece>{0}</color>",
  "Notification.ClanInfo.Alliances": "\n同盟: <color=#b2eece>{0}</color>",
  "Notification.ClanInfo.Alliances.None": "なし",
  "Notification.ClanInfo.TotalMembers": "\nメンバー: <color=#b2eece>{0}</color>",
  "Notification.ClanInfo.TotalAlliances": "\n同盟: <color=#b2eece>{0}</color>",
  "Notification.Create.InExistingClan": "あなたはすでにクランのメンバーです",
  "Notification.Create.NoPermission": "クランを作成する権限がありません",
  "Notification.Create.TagReserved1": "タグ {0} は他のプレイヤーのために予約されています",
  "Notification.Create.InvalidTagLength": "選択したタグが無効です。タグは {0} から {1} 文字の間でなければなりません",
  "Notification.Create.InvalidCharacters": "選択したタグに使用できない単語/文字が含まれています",
  "Notification.Create.ClanExists": "そのタグを持つクランはすでに存在します",
  "Notification.Create.NoNativeCreate": "/clan create <tag> <description> を使用してクランを作成する必要があります",
  "Notification.Create.Success": "クラン <color=#aaff55>[{0}]</color> を結成しました",
  "Notification.Kick.IsOwner": "クランのオーナーをキックすることはできません",
  "Notification.Kick.NoPermissions": "クランメンバーをキックする権限がありません",
  "Notification.Kick.NotClanmember": "対象はあなたのクランのメンバーではありません",
  "Notification.Kick.Self": "自分自身をキックすることはできません",
  "Notification.Kick.NotEnoughRank": "他のランクメンバーをキックできるのはクランのオーナーのみです",
  "Notification.Kick.NoPlayerFound": "指定された名前またはIDのプレイヤーが見つかりません",
  "Notification.Kick.Message": "{0} が {1} をクランからキックしました！",
  "Notification.Kick.PlayerMessage": "{0} があなたをクランからキックしました！",
  "Notification.Kick.NoPermission": "クランメンバーをキックする権限がありません",
  "Notification.Leave.Message": "{0} がクランを離れました！",
  "Notification.Leave.PlayerMessage": "クラン <color=#aaff55>[{0}]</color> を離れました！",
  "Notification.Leave.NewOwner": "{0} が新しいクランリーダーです！",
  "Notification.Leave.NoPermission": "このクランを離れる権限がありません",
  "Notification.Join.NoPermission": "クランに参加する権限がありません",
  "Notification.Join.ExpiredInvite": "{0} への招待の期限が切れました！",
  "Notification.Join.InExistingClan": "すでに別のクランのメンバーです",
  "Notification.Join.Message": "{0} がクランに参加しました！",
  "Notification.Invite.NoPermissions": "他のプレイヤーを招待する権限がありません",
  "Notification.Invite.InviteLimit": "すでに許可された招待数の最大に達しています",
  "Notification.Invite.InviteCooldown": "新しいメンバーを招待するにはあと {0} 待つ必要があります",
  "Notification.Invite.HasPending": "{0} はすでにクランからの保留中の招待があります",
  "Notification.Invite.IsMember": "{0} はすでにクランのメンバーです",
  "Notification.Invite.InClan": "{0} はすでに別のクランに属しています",
  "Notification.Invite.NoPermission": "{0} はクランに参加するための必要な権限がありません",
  "Notification.Invite.SuccesTarget": "クランに招待されました: <color=#aaff55>[{0}]</color> '{1}'\n参加するには次を入力してください: <color=#ffd479>/{2} accept {0}</color>",
  "Notification.Invite.SuccessClan": "{0} が {1} をクランに招待しました",
  "Notification.PendingInvites": "保留中のクラン招待があります: {0}\nクランに参加するには、次を入力します: <color=#ffd479>/{1} accept <tag></color>",
  "Notification.WithdrawInvite.NoPermissions": "メンバー招待を撤回する権限がありません",
  "Notification.WithdrawInvite.UnableToFind": "プレイヤー {0} の招待を見つけることができません",
  "Notification.WithdrawInvite.Success": "{0} が {1} へのメンバー招待を撤回しました",
  "Notification.RejectInvite.InvalidInvite": "<color=#aaff55>[{0}]</color> への招待はありません",
  "Notification.RejectInvite.Message": "{0} があなたのクランへの招待を拒否しました",
  "Notification.RejectInvite.PlayerMessage": "<color=#aaff55>[{0}]</color> への招待を拒否しました",
  "Notification.Promotion.NoPermissions": "他のプレイヤーを昇進させる権限がありません",
  "Notification.Promotion.TargetNoClan": "{0} はあなたのクランのメンバーではありません",
  "Notification.Promotion.IsOwner": "クランリーダーを昇進させることはできません",
  "Notification.Promotion.IsCouncil": "評議会以上に昇進させることはできません",
  "Notification.Promotion.CouncilTaken": "評議会のランクはすでに与えられています",
  "Notification.Promotion.ModeratorLimit": "すでに最大数のモデレーターがいます",
  "Notification.Promotion.IsModerator": "モデレーター以上に昇進させることはできません",
  "Notification.Promotion.Message": "{0} が {2} によって {1} ランクに昇進しました",
  "Notification.Demotion.NoPermissions": "他のプレイヤーを降格させる権限がありません",
  "Notification.Demotion.IsOwner": "クランリーダーを降格させることはできません",
  "Notification.Demotion.IsMember": "{0} はすでに最低ランクです",
  "Notification.Demotion.Message": "{0} が {2} によって {1} ランクに降格されました",
  "Notification.Alliance.NoPermissions": "同盟を管理する権限がありません",
  "Notification.Alliance.PendingInvite": "<color=#aaff55>[{0}]</color> はすでに保留中の同盟招待があります",
  "Notification.Alliance.MaximumInvites": "すでに許可された同盟招待の最大に達しています",
  "Notification.Alliance.MaximumAlliances": "すでに許可された最大数の同盟を形成しています",
  "Notification.Alliance.InviteSent": "クラン同盟の招待を <color=#aaff55>[{0}]</color> に送信しました\n招待の期限は: {1}",
  "Notification.Alliance.InviteReceived": "<color=#aaff55>[{0}]</color> からクラン同盟の招待を受け取りました\n承諾するには次を入力します: <color=#ffd479>/{2} accept {0}</color>\n招待の期限は: {1}",
  "Notification.Alliance.NoActiveInvite": "<color=#aaff55>[{0}]</color> へのアクティブな同盟招待がありません",
  "Notification.Alliance.NoActiveInviteFrom": "<color=#aaff55>[{0}]</color> からのアクティブな同盟招待がありません",
  "Notification.Alliance.WithdrawnClan": "{0} が <color=#aaff55>[{1}]</color> への同盟招待を撤回しました",
  "Notification.Alliance.WithdrawnTarget": "<color=#aaff55>[{0}]</color> が同盟招待を撤回しました",
  "Notification.Alliance.AtLimitTarget": "<color=#aaff55>[{0}]</color> は現在、許可された最大数の同盟を持っています",
  "Notification.Alliance.AtLimitSelf": "あなたのクランは現在、許可された最大数の同盟を持っています",
  "Notification.Alliance.AtLimitAlliedMembersTarget": "<color=#aaff55>[{0}]</color> クランメンバー数と同盟メンバー数とあなたのクランメンバー数の合計が許可された数字を超えています",
  "Notification.Alliance.AtLimitAlliedMembersSelf": "あなたのクランメンバー数と同盟メンバー数とこのクランメンバー数の合計が許可された数字を超えています",
  "Notification.Alliance.Formed": "<color=#aaff55>[{0}]</color> が <color=#aaff55>[{1}]</color> と同盟を形成しました",
  "Notification.Alliance.Rejected": "<color=#aaff55>[{0}]</color> が <color=#aaff55>[{1}]</color> との同盟形成を拒否しました",
  "Notification.Alliance.Revoked": "<color=#aaff55>[{0}]</color> が <color=#aaff55>[{1}]</color> との同盟を撤回しました",
  "Notification.Alliance.NoActiveAlliance": "あなたは現在、<color=#aaff55>[{0}]</color> との同盟を持っていません",
  "Notification.FF.MemberEnabled": "クランメイトはフレンドリーファイアから<color=#ffd479>ダメージを受けます</color>",
  "Notification.FF.MemberDisabled": "クランメイトはフレンドリーファイアから<color=#ffd479>ダメージを受けません</color>",
  "Notification.FF.AllyEnabled": "同盟メンバーはフレンドリーファイアから<color=#ffd479>ダメージを受けます</color>",
  "Notification.FF.AllyDisabled": "同盟メンバーはフレンドリーファイアから<color=#ffd479>ダメージを受けません</color>",
  "Notification.FF.IsEnabled": "<color=#aaff55>有効</color>",
  "Notification.FF.IsDisabled": "<color=#ce422b>無効</color>",
  "Notification.FF.OnHitClanMember": "{0} はクランメンバーであり、ダメージを与えられません。\nクランメンバーに対するフレンドリーファイアを切り替えるには: <color=#ffd479>/{1}</color>",
  "Notification.FF.OnHitAllyMember": "{0} は同盟クランのメンバーであり、ダメージを与えられません。\n同盟メンバーへのフレンドリーファイアを切り替えるには: <color=#ffd479>/{1}</color>",
  "Notification.FF.ToggleNotOwner": "フレンドリーファイアを切り替えるのはクランオーナーまたは評議会のみです",
  "Notification.FF.OwnerToggle": "{0} がフレンドリーファイアを切り替えました。\n{1}",
  "Notification.FF.OwnerAllyToggle": "{0} が同盟のフレンドリーファイアを切り替えました。\n{1}",
  "Notification.ClanHelp.NoClan": "\n利用可能なコマンド:\n<color=#ffd479>/{0} create <tag> \"description\"</color> - 新しいクランを作る\n<color=#ffd479>/{0} accept <tag></color> - 招待でクランに参加\n<color=#ffd479>/{0} reject <tag></color> - クラン招待を拒否",
  "Notification.ClanHelp.Basic2": "\n利用可能なコマンド:\n<color=#ffd479>/{0}</color> - クラン情報を表示\n<color=#ffd479>/{1} <message></color> - クランチャットでメッセージを送る\n<color=#ffd479>/{0} leave</color> - 現在のクランを離れる",
  "Notification.ClanHelp.MFF": "\n<color=#ffd479>/{0}</color> - 他のクランメイトに対するフレンドリーファイアを切り替える",
  "Notification.ClanHelp.AFF": "\n<color=#ffd479>/{0}</color> - 同盟クランメンバーに対するフレンドリーファイアを切り替える",
  "Notification.ClanHelp.Alliance": "\n\n<color=#45b6fe><size=14>同盟コマンド:</size></color>\n<color=#ffd479>/{0} invite <tag></color> - クランを同盟に招待\n<color=#ffd479>/{0} withdraw <tag></color> - 同盟招待を撤回\n<color=#ffd479>/{0} accept <tag></color> - 同盟招待を承諾\n<color=#ffd479>/{0} reject <tag></color> - 同盟招待を拒否\n<color=#ffd479>/{0} revoke <tag></color> - 同盟を撤回",
  "Notification.ClanHelp.Moderator": "\n\n<color=#b573ff><size=14>モデレーターコマンド:</size></color>\n<color=#ffd479>/{0} invite <name or ID></color> - プレイヤーをクランに招待\n<color=#ffd479>/{0} withdraw <name or ID></color> - 招待を撤回\n<color=#ffd479>/{0} kick <name or ID></color> - メンバーをクランからキック",
  "Notification.ClanHelp.Owner": "\n\n<color=#a1ff46><size=14>オーナーコマンド:</size></color>\n<color=#ffd479>/{0} promote <name or ID></color> - クランメンバーを昇進\n<color=#ffd479>/{0} demote <name or ID></color> - クランメンバーを降格\n<color=#ffd479>/{0} disband forever</color> - クランを解散",
  "Notification.ClanHelp.TagColor": "\n<color=#ffd479>/{0} tagcolor <hex></color> - カスタムクランタグカラーを設定\n<color=#ffd479>/{0} tagcolor reset</color> - デフォルトのクランタグカラーに戻す",
  "Notification.Clan.NotInAClan": "\n現在、クランのメンバーではありません",
  "Notification.Clan.Help": "\n利用可能なコマンドを確認するには、次を入力します: <color=#ffd479>/{0}</color>",
  "Notification.Clan.OwnerOf": "\nあなたは <color=#aaff55>{0}</color> のオーナーです ({1}/{2})",
  "Notification.Clan.CouncilOf": "\nあなたは <color=#aaff55>{0}</color> の評議会メンバーです ({1}/{2})",
  "Notification.Clan.ModeratorOf": "\nあなたは <color=#aaff55>{0}</color> のモデレーターです ({1}/{2})",
  "Notification.Clan.MemberOf": "\nあなたは <color=#aaff55>{0}</color> のメンバーです ({1}/{2})",
  "Notification.Clan.MembersOnline": "\nオンラインメンバー: {0}",
  "Notification.Clan.MFF": "\nクラン FF ステータス: {0} (<color=#ffd479>/{1}</color>)",
  "Notification.Clan.AFF": "\n同盟 FF ステータス: {0} (<color=#ffd479>/{1}</color>)",
  "Notification.Clan.CreateSyntax": "<color=#ffd479>/{0} create <tag> \"description\"</color> - 新しいクランを作成",
  "Notification.Clan.InviteSyntax": "<color=#ffd479>/{0} invite <partialNameOrID></color> - プレイヤーをクランに招待",
  "Notification.Clan.WithdrawSyntax": "<color=#ffd479>/{0} withdraw <partialNameOrID></color> - メンバー招待を撤回",
  "Notification.Clan.AcceptSyntax": "<color=#ffd479>/{0} accept <tag></color> - 招待でクランに参加",
  "Notification.Clan.RejectSyntax": "<color=#ffd479>/{0} reject <tag></color> - クラン招待を拒否",
  "Notification.Clan.PromoteSyntax": "<color=#ffd479>/{0} promote <partialNameOrID></color> - クランメンバーを次のランクに昇進",
  "Notification.Clan.DemoteSyntax": "<color=#ffd479>/{0} demote <partialNameOrID></color> - クランメンバーを次の低いランクに降格",
  "Notification.Clan.DisbandSyntax": "<color=#ffd479>/{0} disband forever</color> - クランを解散（取り消し不可）",
  "Notification.Clan.KickSyntax": "<color=#ffd479>/{0} kick <partialNameOrID></color> - メンバーをクランからキック",
  "Notification.Clan.TagColorSyntax": "<color=#ffd479>/{0} tagcolor <hex (XXXXXX)></color> - カスタムクランタグカラーを設定",
  "Notification.Clan.TagColorFormat": "<color=#ffd479>16進数の文字列は6文字長で、正しい16進数カラーでなければなりません</color>",
  "Notification.Clan.TagColorReset": "<color=#ffd479>クランのタグカラーをリセットしました</color>",
  "Notification.Clan.TagColorSet": "<color=#ffd479>クランのタグカラーをに設定しました</color> <color=#{0}>{0}</color>",
  "Notification.Clan.TagColorDisabled": "<color=#ffd479>カスタムタグカラーはこのサーバーで無効です</color>",
  "Notification.Clan.TagColorBlocked": "<color=#ffd479>カラー <color=#{0}>{0}</color> はクランによる使用が禁止されています。",
  "Notification.Clan.TagColorOutOfRange": "<color=#ffd479>カラー <color=#{0}>{0}</color> は許可されたカラー範囲外です。<color=#{1}>{1}</color> から <color=#{2}>{2}</color> までの間でカラーを選ぶ必要があります</color>",
  "Notification.Disband.NotOwner": "このコマンドを使用するにはクランオーナーである必要があります",
  "Notification.Disband.Success": "クラン <color=#aaff55>[{0}]</color> を解散しました",
  "Notification.Disband.Message": "クランが解散されました",
  "Notification.Disband.NoPermission": "このクランを解散する権限がありません",
  "Notification.Generic.ClanFull": "クランはすでに最大のメンバー数に達しています",
  "Notification.Generic.NoClan": "クランのメンバーではありません",
  "Notification.Generic.InvalidClan": "クラン <color=#aaff55>[{0}]</color> は存在しません！",
  "Notification.Generic.NoPermissions": "このコマンドを使用するための権限が不足しています",
  "Notification.Generic.SpecifyClanTag": "クランタグを指定してください",
  "Notification.Generic.UnableToFindPlayer": "名前またはID {0} のプレイヤーを見つけることができません",
  "Notification.Generic.CommandSelf": "このコマンドを自分に使用することはできません",
  "Chat.IsMuted": "現在ミュートされています",
  "Chat.Alliance.Prefix": "<color=#a1ff46>[同盟チャット]</color>: {0}",
  "Chat.Clan.Prefix": "<color=#a1ff46>[クランチャット]</color>: {0}",
  "Chat.Alliance.Format": "[{0}] <color={1}>{2}</color>: {3}",
  "Admin.BroadcastToClan": "<color=#ff3333>[ADMIN]</color>: {0}",
  "Admin.Rename": "管理者があなたのクランタグを <color=#aaff55>[{0}]</color> に変更しました",
  "Admin.Disband": "管理者があなたのクランを解散しました",
  "Admin.Invite": "管理者が {0} をあなたのクランに招待しました",
  "Admin.Join": "管理者があなたを <color=#aaff55>[{0}]</color> に強制的に参加させました",
  "Admin.Kick": "管理者があなたを <color=#aaff55>[{0}]</color> からキックしました",
  "Admin.SetOwner": "管理者が {0} をクランリーダーに設定しました",
  "Admin.Promote": "管理者が {0} をランク {1} に昇進させました",
  "Admin.Demote": "管理者が {0} をランク {1} に降格させました"
}