{
  "PMTo": "[#00FFFF]{0}へのPM[/#]: {1}",
  "PMFrom": "[#00FFFF]{0}からのPM[/#]: {1}",
  "PlayerNotOnline": "{0}はオンラインではありません。",
  "NotOnlineAnymore": "最後に話していた相手はもうオンラインにいません。",
  "NotMessaged": "誰にもメッセージを送っていないか、誰からもメッセージを受け取っていないようです。",
  "IgnoreYou": "[#FF0000]{0}があなたを無視しており、PMを受け取れません[/#]",
  "SelfPM": "自分にメッセージを送ることはできません。",
  "SyntaxR": "間違った構文: /r <メッセージ>",
  "HistorySyntax": "間違った構文: /pmhistory <名前>",
  "SyntaxPM": "間違った構文: /{0} <名前> <メッセージ>",
  "NotAllowedToChat": "ここでチャットすることは許可されていません",
  "History": "あなたの履歴:\n{0}",
  "CooldownMessage": "{0}秒後にプライベートメッセージを送信できます",
  "NoHistory": "このプレイヤーとのPM履歴は保存されていません。",
  "CannotFindUser": "このユーザーが見つかりません",
  "CommandDisabled": "このコマンドは無効化されています",
  "IsMuted": "現在ミュートされており、プライベートメッセージを送信できません",
  "TargetMuted": "この人はミュートされており、プライベートメッセージを受け取れません",
  "NoPermission": "このコマンドを実行する権限がありません",
  "HistoryPM": "[#00FFFF]{0}[/#]: {1}",
  "Logging": "[PM]{0}->{1}:{2}"
}