{
  "CommandUsageExtLoad": "使用法: oxide.ext.load <extname>+",
  "CommandUsageExtUnload": "使用法: oxide.ext.unload <extname>+",
  "CommandUsageExtReload": "使用法: oxide.ext.reload <extname>+",
  "CommandUsageGrant": "使用法: oxide.grant <group|user> <name|id> <permission>",
  "CommandUsageGroup": "使用法: oxide.group <add|set> <name> [title] [rank]",
  "CommandUsageGroupParent": "使用法: oxide.group <parent> <name> <parentName>",
  "CommandUsageGroupRemove": "使用法: oxide.group <remove> <name>",
  "CommandUsageLang": "使用法: oxide.lang <二文字の言語コード>",
  "CommandUsageLoad": "使用法: oxide.load *|<pluginname>+",
  "CommandUsageReload": "使用法: oxide.reload *|<pluginname>+",
  "CommandUsageRevoke": "使用法: oxide.revoke <group|user> <name|id> <permission>",
  "CommandUsageShow": "使用法: oxide.show <groups|perms>",
  "CommandUsageShowName": "使用法: oxide.show <group|user> <name>",
  "CommandUsageUnload": "使用法: oxide.unload *|<pluginname>+",
  "CommandUsageUserGroup": "使用法: oxide.usergroup <add|remove> <username> <groupname>",
  "ConnectionRejected": "接続が拒否されました",
  "DataSaved": "Oxideのデータを保存中...",
  "GroupAlreadyExists": "グループ '{0}' はすでに存在します",
  "GroupAlreadyHasPermission": "グループ '{0}' はすでに権限 '{1}' を持っています",
  "GroupDoesNotHavePermission": "グループ '{0}' は権限 '{1}' を持っていません",
  "GroupChanged": "グループ '{0}' が変更されました",
  "GroupCreated": "グループ '{0}' が作成されました",
  "GroupDeleted": "グループ '{0}' が削除されました",
  "GroupNotFound": "グループ '{0}' は存在しません",
  "GroupParentChanged": "グループ '{0}' の親が '{1}' に変更されました",
  "GroupParentNotChanged": "グループ '{0}' の親は変更されませんでした",
  "GroupParentNotFound": "グループの親 '{0}' は存在しません",
  "GroupPermissionGranted": "グループ '{0}' に権限 '{1}' が付与されました",
  "GroupPermissionRevoked": "グループ '{0}' の権限 '{1}' が取り消されました",
  "GroupPermissions": "グループ '{0}' の権限",
  "GroupPlayers": "グループ '{0}' のプレイヤー",
  "Groups": "グループ",
  "InvalidLanguageName": "無効な言語名: '{0}'",
  "NoGroupPermissions": "現在付与されている権限はありません",
  "NoPermissionGroups": "この権限を持つグループはありません",
  "NoPermissionPlayers": "この権限を持つプレイヤーはいません",
  "NoPluginsFound": "現在利用可能なプラグインはありません",
  "NoPlayerGroups": "プレイヤーはどのグループにも属していません",
  "NoPlayerPermissions": "現在付与されている権限はありません",
  "NoPlayersInGroup": "そのグループには現在プレイヤーはいません",
  "NotAllowed": "'{0}' コマンドを使用する権限がありません",
  "ParentGroupPermissions": "親グループ '{0}' の権限",
  "PermissionGroups": "権限 '{0}' のグループ",
  "PermissionPlayers": "権限 '{0}' のプレイヤー",
  "PermissionNotFound": "権限 '{0}' は存在しません",
  "Permissions": "権限",
  "PermissionsNotLoaded": "権限ファイルを読み込めません! 解決するまで権限は機能しません。\n => {0}",
  "PlayerLanguage": "プレイヤーの言語が {0} に設定されました",
  "PluginNotLoaded": "プラグイン '{0}' は読み込まれていません。",
  "PluginReloaded": "プラグイン {0} v{1} by {2} を再読み込みしました",
  "PluginUnloaded": "プラグイン {0} v{1} by {2} をアンロードしました",
  "ServerLanguage": "サーバーの言語が {0} に設定されました",
  "Unknown": "不明",
  "UnknownCommand": "不明なコマンド: {0}",
  "PlayerAddedToGroup": "プレイヤー '{0}' がグループ: {1} に追加されました",
  "PlayerAlreadyHasPermission": "プレイヤー '{0}' はすでに権限 '{1}' を持っています",
  "PlayerDoesNotHavePermission": "プレイヤー '{0}' は権限 '{1}' を持っていません",
  "PlayerNotFound": "プレイヤー '{0}' が見つかりません",
  "PlayerGroups": "プレイヤー '{0}' のグループ",
  "PlayerPermissions": "プレイヤー '{0}' の権限",
  "PlayerPermissionGranted": "プレイヤー '{0}' に権限 '{1}' が付与されました",
  "PlayerPermissionRevoked": "プレイヤー '{0}' の権限 '{1}' が取り消されました",
  "PlayerRemovedFromGroup": "プレイヤー '{0}' がグループ '{1}' から削除されました",
  "PlayersFound": "複数のプレイヤーが見つかりました。指定してください: {0}",
  "Version": "サーバーは [#ffb658]Oxide {0}[/#] と [#ee715c]{1} {2} ({3})[/#] を実行中です",
  "YouAreNotAdmin": "管理者ではありません"
}