{
  "WebErrorOccurred": "画像のダウンロードに失敗しました！エラー {0}。",
  "FileTooLarge": "ファイルが最大サイズ {0}Mb を超えています。",
  "ErrorOccurred": "不明なエラーが発生しました。このエラーが続く場合は、サーバー管理者に連絡してください。",
  "RestoreErrorOccurred": "テクスチャが割り当てられていないため、サインを復元できません。",
  "DownloadQueued": "画像がダウンロード待ち行列に追加されました！",
  "RestoreQueued": "サインが復元待ち行列に追加されました！",
  "RestoreBatchQueued": "すべての {0} サインを復元待ち行列に追加しました！",
  "ImageLoaded": "画像がサインに正常にロードされました！",
  "ImageRestored": "画像がサインに正常に復元されました！",
  "LogEntry": "プレイヤー `{0}` (SteamId: {1}) が {2} を {3} から {4} にロードしました",
  "NoSignFound": "サインが見つかりません！サインを見ていること、遠く離れすぎていないことを確認してください。",
  "Cooldown": "まだこのコマンドを使用できません！残りのクールダウン: {0}。",
  "SignNotOwned": "ツールカップボードで保護されたサインは変更できません。",
  "NoItemHeld": "アイテムを持っていません。",
  "ActionQueuedAlready": "このサインにすでにアクションが待機しています。このアクションが完了するまでお待ちください。",
  "SyntaxSilCommand": "構文エラー！\n構文: /sil <url> [raw]",
  "SyntaxSilCommandMulti": "構文エラー！\n構文: /sil <1-{0}> <url> [raw]",
  "SyntaxSiltCommand": "構文エラー！\n構文: /silt <message> [<fontsize:number>] [<color:hex value>] [<bgcolor:hex value>] [raw]",
  "SyntaxSiltCommandMulti": "構文エラー！\n構文: /silt <1-{0}> <message> [<fontsize:number>] [<color:hex value>] [<bgcolor:hex value>] [raw]",
  "SyntaxSiliCommandMulti": "構文エラー！\n構文: /sili <1-{0}>",
  "NoPermission": "このコマンドを使用する権限がありません。",
  "NoPermissionFile": "サーバーのファイルシステムから画像を使用する権限がありません。",
  "NoPermissionRaw": "生の画像を使用する権限がありません。通常通りロードします。",
  "NoPermissionRestoreAll": "すべてのサインを一度に復元する権限がありません。",
  "day": "日",
  "days": "日",
  "hour": "時間",
  "hours": "時間",
  "minute": "分",
  "minutes": "分",
  "second": "秒",
  "seconds": "秒",
  "and": "と"
}