{
    "NoPermToUse": "この操作を行う権限がありません",
    "NoILError": "プラグインが正しく動作していません。管理者に連絡してください！",
    "UI.Plugin.Title": "ランキング",
    "UI.Leaderboard.Awards.Title": "最高の報酬",
    "UI.Leaderboard.Awards.Place": "{0}位",
    "UI.Search.Players.Title": "名前またはSteamIDでプレイヤーを検索",
    "UI.Search.Input.Placeholder": "名前またはSteamIDを入力",
    "UI.Players.List.Title": "サーバー上のプレイヤーリスト",
    "UI.Players.NoPlayers": "利用可能なプレイヤーがいません :(",
    "UI.HitRate.Title": "命中率",
    "UI.HitRate.Description": "体の部位ごとの命中回数を表示",
    "UI.Building.Title": "建築",
    "UI.Building.Description": "建築の統計を表示",
    "UI.Stat.Value.Total": "合計: {0}",
    "UI.Stat.Value.Today": "今日: {0}",
    "UI.Stat.Value.KD": "キル: {0} / デス: {1}",
    "UI.Stat.Value.None": "なし",
    "UI.Stat.Value.Unknown": "不明",
    "UI.Time.Years": "{0}年",
    "UI.Time.Months": "{0}ヶ月",
    "UI.Time.Days": "{0}日",
    "UI.Time.Hours": "{0}時間",
    "UI.Time.Minutes": "{0}分",
    "UI.Time.Seconds": "{0}秒",
    "MSG.Profile.Already.Loading": "このプロフィールは既にロード中です。少々お待ちください。",
    "MSG.Profile.Wait.Before.Another": "次のプロフィールを開く前に少し待ってください。",
    "UI.Leaderboard.Loading": "読み込み中...",
    "Msg.Player.NotFound": "プレイヤーの統計が見つかりません",
    "Msg.Invalid.SteamID": "無効なSteam IDフォーマット",
    "Msg.Hide.Self.Hidden": "ランキングに隠しました",
    "Msg.Hide.Self.Visible": "ランキングに表示しました",
    "UI.Category.MY STATISTICS": "私の統計",
    "UI.Category.TOP 10 PLAYERS": "トップ10プレイヤー",
    "UI.Category.SEARCH": "検索",
    "UI.Awards.TOP scorers": "トップスコアラー",
    "UI.Awards.Place.Frontiersman Pack": "フロンティアパック",
    "UI.Awards.Place.Lumberjack Pack": "ランバージャックパック",
    "UI.Awards.Place.Artic Pack": "アークティックパック",
    "UI.Awards.Place.Abyss Pack": "アビスパック",
    "UI.Awards.Place.Retro Tool Cupboard": "レトロツールカップボード",
    "UI.Awards.TOP killers": "トップキラー",
    "UI.Awards.TOP time played": "プレイ時間上位",
    "UI.Tabs.GENERAL": "一般",
    "UI.Field.Profile": "プロフィール",
    "UI.Field.name": "名前",
    "UI.Field.K/D": "K/D",
    "UI.Field.kd": "kd",
    "UI.Field.Time": "時間",
    "UI.Field.current_playtime": "現在のプレイ時間",
    "UI.Field.Longest Kill Distance": "最長キル距離",
    "UI.Field.longest_kill_distance": "最長キル距離",
    "UI.Field.Total Resources Gathered": "総収集資源",
    "UI.Field.total_resources": "総資源",
    "UI.Field.Favorite Resource": "お気に入りの資源",
    "UI.Field.favorite_resource": "お気に入りの資源",
    "UI.Field.Total Items Crafted": "総クラフトアイテム数",
    "UI.Field.total_items_crafted": "総クラフトアイテム",
    "UI.Field.Structures Built": "構築された構造物",
    "UI.Field.structures_built": "構造物",
    "UI.Field.Upgrades Performed": "実行されたアップグレード",
    "UI.Field.upgrades_performed": "実施されたアップグレード",
    "UI.Field.Favorite Building Material": "お気に入りの建材",
    "UI.Field.favorite_building_material": "お気に入りの建材",
    "UI.Field.Events Won": "勝利イベント",
    "UI.Field.events_won": "勝利イベント",
    "UI.Field.Favorite Event": "お気に入りのイベント",
    "UI.Field.favorite_event": "お気に入りのイベント",
    "UI.Column.EVENTS": "イベント",
    "UI.Field.Convoy": "コンボイ",
    "UI.Field.Sputnik": "スプートニク",
    "UI.Field.Caravan": "キャラバン",
    "UI.Field.GasStation": "ガソリンスタンド",
    "UI.Field.GasStationEvent": "ガソリンスタンドイベント",
    "UI.Field.Air": "エアー",
    "UI.Field.AirEvent": "エアーイベント",
    "UI.Field.SatDish": "衛星皿",
    "UI.Field.SatDishEvent": "衛星皿イベント",
    "UI.Field.Triangulation": "三角測量",
    "UI.Field.Water": "水",
    "UI.Field.WaterEvent": "水イベント",
    "UI.Field.Harbor": "港",
    "UI.Field.HarborEvent": "港イベント",
    "UI.Field.ArcticBase": "北極基地",
    "UI.Field.ArcticBaseEvent": "北極基地イベント",
    "UI.Field.Junkyard": "ジャンクヤード",
    "UI.Field.JunkyardEvent": "ジャンクヤードイベント",
    "UI.Field.Supermarket": "スーパーマーケット",
    "UI.Field.SupermarketEvent": "スーパーマーケットイベント",
    "UI.Field.PowerPlant": "発電所",
    "UI.Field.PowerPlantEvent": "発電所イベント",
    "UI.Field.Paintball Team": "ペイントボールチーム",
    "UI.Field.PaintballTeam": "ペイントボールチーム",
    "UI.Field.Paintball FFA": "ペイントボールFFA",
    "UI.Field.PaintballFFA": "ペイントボールFFA",
    "UI.Field.Survival Arena": "サバイバルアリーナ",
    "UI.Field.SurvivalArena": "サバイバルアリーナ",
    "UI.Field.Gun Game": "ガンゲーム",
    "UI.Field.GunGame": "ガンゲーム",
    "UI.Field.Zombie Infection": "ゾンビインフェクション",
    "UI.Field.ZombieInfection": "ゾンビインフェクション",
    "UI.Field.Tugboat Pirates": "タグボートパイレーツ",
    "UI.Field.TugboatPirates": "タグボートパイレーツ",
    "UI.Tabs.RESOURCES": "資源",
    "UI.Column.RESOURCES": "資源",
    "UI.Field.Stone": "石",
    "UI.Field.stones": "石",
    "UI.Field.Wood": "木材",
    "UI.Field.wood": "木材",
    "UI.Field.Sulfur Ore": "硫黄鉱石",
    "UI.Field.sulfur.ore": "硫黄鉱石",
    "UI.Field.Metal Ore": "金属鉱石",
    "UI.Field.metal.ore": "金属鉱石",
    "UI.Field.High Quality Metal Ore": "高品質金属鉱石",
    "UI.Field.hq.metal.ore": "高品質金属鉱石",
    "UI.Field.Leather": "革",
    "UI.Field.leather": "革",
    "UI.Field.Bone Fragments": "骨片",
    "UI.Field.bone.fragments": "骨片",
    "UI.Field.Animal Fat": "動物の脂肪",
    "UI.Field.fat.animal": "動物の脂肪",
    "UI.Field.Scrap": "スクラップ",
    "UI.Field.scrap": "スクラップ",
    "UI.Column.FARMING": "農業",
    "UI.Field.Hemp": "ヘンプ",
    "UI.Field.hemp-collectable": "収集用ヘンプ",
    "UI.Field.Blue Berry": "ブルーベリー",
    "UI.Field.blue.berry": "ブルーベリー",
    "UI.Field.Red Berry": "レッドベリー",
    "UI.Field.red.berry": "レッドベリー",
    "UI.Field.Yellow Berry": "イエローベリー",
    "UI.Field.yellow.berry": "イエローベリー",
    "UI.Field.Black Berry": "ブラックベリー",
    "UI.Field.black.berry": "ブラックベリー",
    "UI.Field.Green Berry": "グリーンベリー",
    "UI.Field.green.berry": "グリーンベリー",
    "UI.Field.White Berry": "ホワイトベリー",
    "UI.Field.white.berry": "ホワイトベリー",
    "UI.Field.Potato": "ポテト",
    "UI.Field.potato": "ポテト",
    "UI.Field.Cloth": "布",
    "UI.Field.cloth": "布",
    "UI.Field.Mushroom": "キノコ",
    "UI.Field.mushroom": "キノコ",
    "UI.Field.Corn": "トウモロコシ",
    "UI.Field.corn": "トウモロコシ",
    "UI.Field.Pumpkin": "カボチャ",
    "UI.Field.pumpkin": "カボチャ",
    "UI.Field.Orchid": "オーキッド",
    "UI.Field.orchid": "オーキッド",
    "UI.Field.Rose": "ローズ",
    "UI.Field.rose": "ローズ",
    "UI.Field.Sunflower": "ヒマワリ",
    "UI.Field.sunflower": "ヒマワリ",
    "UI.Field.Wheat": "小麦",
    "UI.Field.wheat": "小麦",
    "UI.Column.MISC": "その他",
    "UI.Field.Bears": "クマ",
    "UI.Field.bear": "クマ",
    "UI.Field.Polar Bears": "ホッキョクグマ",
    "UI.Field.polarbear": "ホッキョクグマ",
    "UI.Field.Boars": "イノシシ",
    "UI.Field.boar": "イノシシ",
    "UI.Field.Chicken": "ニワトリ",
    "UI.Field.chicken": "ニワトリ",
    "UI.Field.Stag": "スタッグ",
    "UI.Field.stag": "スタッグ",
    "UI.Field.Wolf": "オオカミ",
    "UI.Field.wolf2": "オオカミ",
    "UI.Field.Panther": "ヒョウ",
    "UI.Field.panther": "ヒョウ",
    "UI.Field.Crocodile": "ワニ",
    "UI.Field.crocodile": "ワニ",
    "UI.Field.Snake": "ヘビ",
    "UI.Field.snake.entity": "ヘビ",
    "UI.Field.Tiger": "トラ",
    "UI.Field.tiger": "トラ",
    "UI.Field.Shark": "サメ",
    "UI.Field.simpleshark": "サメ",
    "UI.Field.Bradley": "ブラッドリー",
    "UI.Field.bradleyapc": "ブラッドリーAPC",
    "UI.Field.Helicopter": "ヘリコプター",
    "UI.Field.helicopter": "ヘリコプター",
    "UI.Field.Scientist": "科学者",
    "UI.Field.npc_underwaterdweller|scientistnpc_arena|scientistnpc_bradley|scientistnpc_bradley_heavy|scientistnpc_cargo|scientistnpc_cargo_turret_any|scientistnpc_cargo_turret_lr300|scientistnpc_ch47_gunner|scientistnpc_excavator|scientistnpc_full_any|scientistnpc_full_lr300|scientistnpc_full_mp5|scientistnpc_full_pistol|scientistnpc_full_shotgun|scientistnpc_junkpile_pistol|scientistnpc_oilrig|scientistnpc_patrol|scientistnpc_patrol_arctic|scientistnpc_peacekeeper|scientistnpc_roam|scientistnpc_roam_nvg_variant|scientistnpc_roamtethered": "npc_underwaterdweller|scientistnpc_arena|scientistnpc_bradley|scientistnpc_bradley_heavy|scientistnpc_cargo|scientistnpc_cargo_turret_any|scientistnpc_cargo_turret_lr300|scientistnpc_ch47_gunner|scientistnpc_excavator|scientistnpc_full_any|scientistnpc_full_lr300|scientistnpc_full_mp5|scientistnpc_full_pistol|scientistnpc_full_shotgun|scientistnpc_junkpile_pistol|scientistnpc_oilrig|scientistnpc_patrol|scientistnpc_patrol_arctic|scientistnpc_peacekeeper|scientistnpc_roam|scientistnpc_roam_nvg_variant|scientistnpc_roamtethered",
    "UI.Field.Heavy Scientist": "ヘビーサイエンティスト",
    "UI.Field.scientistnpc_heavy": "scientistnpc_heavy",
    "UI.Field.Tunnel Dweller": "トンネル住人",
    "UI.Field.npc_tunneldweller|npc_tunneldwellerspawned": "npc_tunneldweller|npc_tunneldwellerspawned",
    "UI.Field.Underwater Lab Dweller": "水中ラボ住人",
    "UI.Field.npc_underwaterdweller": "npc_underwaterdweller",
    "UI.Column.RAID": "レイド",
    "UI.Field.Satchel": "サッチェル（爆弾）",
    "UI.Field.explosive.satchel": "explosive.satchel",
    "UI.Field.Molotov": "モロトフ",
    "UI.Field.grenade.molotov": "grenade.molotov",
    "UI.Field.Flashbang": "フラッシュバン",
    "UI.Field.grenade.flashbang": "grenade.flashbang",
    "UI.Field.Survey Charge": "サーベイチャージ",
    "UI.Field.surveycharge": "surveycharge",
    "UI.Field.Grenade": "グレネード",
    "UI.Field.grenade.f1": "grenade.f1",
    "UI.Field.Beancan": "ビー缶爆弾",
    "UI.Field.grenade.beancan": "grenade.beancan",
    "UI.Field.Rocket": "ロケット",
    "UI.Field.ammo.rocket.basic": "ammo.rocket.basic",
    "UI.Field.Incendiary Rocket": "焼夷ロケット",
    "UI.Field.ammo.rocket.fire": "ammo.rocket.fire",
    "UI.Field.Rocket HV": "高速ロケット",
    "UI.Field.ammo.rocket.hv": "ammo.rocket.hv",
    "UI.Field.Explosive 5.56 Rifle Ammo": "爆発性5.56ライフル弾",
    "UI.Field.ammo.rifle.explosive": "ammo.rifle.explosive",
    "UI.Field.GL HE": "GL HE",
    "UI.Field.ammo.grenadelauncher.he": "ammo.grenadelauncher.he",
    "UI.Field.C4": "C4",
    "UI.Field.explosive.timed": "explosive.timed",
    "UI.Field.MLRS Rocket": "MLRSロケット",
    "UI.Field.ammo.rocket.mlrs": "ammo.rocket.mlrs",
    "UI.Column.RECYCLED": "リサイクル済み",
    "UI.Field.Propane Tanks": "プロパンタンク",
    "UI.Field.propanetank": "propanetank",
    "UI.Field.Gears": "ギア",
    "UI.Field.gears": "ギア",
    "UI.Field.Metal Pipe": "金属パイプ",
    "UI.Field.metalpipe": "金属パイプ",
    "UI.Field.Rifle Body": "ライフルボディ",
    "UI.Field.riflebody": "ライフルボディ",
    "UI.Field.Semi Body": "セミオートボディ",
    "UI.Field.semibody": "セミオートボディ",
    "UI.Field.Metal Springs": "金属スプリング",
    "UI.Field.metalspring": "金属スプリング",
    "UI.Field.Road Signs": "道路標識",
    "UI.Field.roadsigns": "道路標識",
    "UI.Field.Sewing Kits": "裁縫キット",
    "UI.Field.sewingkit": "裁縫キット",
    "UI.Field.Tarp": "タープ",
    "UI.Field.tarp": "タープ",
    "UI.Field.Rope": "ロープ",
    "UI.Field.rope": "ロープ",
    "UI.Field.Sheet Metal": "板金",
    "UI.Field.sheetmetal": "板金",
    "UI.Field.Fuse": "フューズ",
    "UI.Field.fuse": "フューズ",
    "UI.Field.Metal Blade": "金属ブレード",
    "UI.Field.metalblade": "金属ブレード",
    "UI.Field.SMG Body": "SMG ボディ",
    "UI.Field.smgbody": "SMG ボディ",
    "UI.Field.Tech Parts": "技術部品",
    "UI.Field.techparts": "技術部品",
    "UI.Field.Targeting Computer": "ターゲティングコンピュータ",
    "UI.Field.targeting.computer": "ターゲティングコンピュータ",
    "UI.Field.CCTV Camera": "CCTVカメラ",
    "UI.Field.cctv.camera": "CCTVカメラ",
    "UI.Column.FIRED": "発射済み",
    "UI.Field.Pistol": "ピストル",
    "UI.Field.ammo.pistol": "ピストル弾",
    "UI.Field.Pistol Incendiary": "ピストル弾（焼夷）",
    "UI.Field.ammo.pistol.fire": "ピストル弾（焼夷）",
    "UI.Field.Pistol HV": "ピストル弾（高速）",
    "UI.Field.ammo.pistol.hv": "ピストル弾（高速）",
    "UI.Field.Nailguns": "ネイルガン",
    "UI.Field.ammo.nailgun.nails": "ネイルガン用釘",
    "UI.Field.Rifle": "ライフル",
    "UI.Field.ammo.rifle": "ライフル弾",
    "UI.Field.Rifle HV": "ライフル弾（高速）",
    "UI.Field.ammo.rifle.hv": "ライフル弾（高速）",
    "UI.Field.Rifle Incendiary": "ライフル弾（焼夷）",
    "UI.Field.ammo.rifle.incendiary": "ライフル弾（焼夷）",
    "UI.Field.HandMades": "ハンドメイド",
    "UI.Field.ammo.handmade.shell": "ハンドメイドシェル",
    "UI.Field.GL Buckshot": "GLバックショット",
    "UI.Field.ammo.grenadelauncher.buckshot": "GLバックショット",
    "UI.Field.Shotgun Slug": "ショットガンスラッグ",
    "UI.Field.ammo.shotgun.slug": "ショットガンスラッグ",
    "UI.Field.Shotgun Fire": "ショットガン（焼夷）",
    "UI.Field.ammo.shotgun.fire": "ショットガン（焼夷）",
    "UI.Field.Shotgun": "ショットガン",
    "UI.Field.ammo.shotgun": "ショットガン弾",
    "UI.Field.SnowBall": "スノーボール",
    "UI.Field.snowball": "スノーボール",
    "UI.Field.Wooden Arrow": "木の矢",
    "UI.Field.arrow.wooden": "木の矢",
    "UI.Field.Fire Arrow": "火の矢",
    "UI.Field.arrow.fire": "火の矢",
    "UI.Field.Bone Arrow": "骨の矢",
    "UI.Field.arrow.bone": "骨の矢",
    "UI.Field.High Velocity Arrow": "高速度矢",
    "UI.Field.arrow.hv": "高速度矢",
    "UI.Column.FISHING": "釣り",
    "UI.Field.Anchovy": "アンチョビ",
    "UI.Field.fish.anchovy": "アンチョビ",
    "UI.Field.Catfish": "ナマズ",
    "UI.Field.fish.catfish": "ナマズ",
    "UI.Field.Herring": "ニシン",
    "UI.Field.fish.herring": "ニシン",
    "UI.Field.Orange Roughy": "オレンジラフィー",
    "UI.Field.fish.orangeroughy": "オレンジラフィー",
    "UI.Field.Salmon": "サーモン",
    "UI.Field.fish.salmon": "サーモン",
    "UI.Field.Sardine": "イワシ",
    "UI.Field.fish.sardine": "イワシ",
    "UI.Field.Small Shark": "小さいサメ",
    "UI.Field.fish.smallshark": "小さいサメ",
    "UI.Field.Small Trout": "小さいトラウト",
    "UI.Field.fish.troutsmall": "小さいトラウト",
    "UI.Field.Yellow Perch": "イエローパーチ",
    "UI.Field.fish.yellowperch": "イエローパーチ",
    "UI.Field.Minnows": "ミノーズ",
    "UI.Field.fish.minnows": "ミノーズ",
    "UI.Column.CRAFTED": "クラフト済み",
    "UI.Field.Garage Door": "ガレージドア",
    "UI.Field.wall.frame.garagedoor": "壁.フレーム.ガレージドア",
    "UI.Field.Sheet Metal Double Door": "二重金属ドア",
    "UI.Field.door.double.hinged.metal": "ドア.二重ヒンジ.金属",
    "UI.Field.Armored Double Door": "二重装甲ドア",
    "UI.Field.door.double.hinged.toptier": "ドア.二重ヒンジ.最高級",
    "UI.Field.Wood Double Door": "二重木製ドア",
    "UI.Field.door.double.hinged.wood": "ドア.二重ヒンジ.木製",
    "UI.Field.Sheet Metal Door": "金属製ドア",
    "UI.Field.door.hinged.metal": "ドア.ヒンジ.金属",
    "UI.Field.Armored Door": "装甲ドア",
    "UI.Field.door.hinged.toptier": "ドア.ヒンジ.最高級",
    "UI.Field.Wood Door": "木製ドア",
    "UI.Field.door.hinged.wood": "ドア.ヒンジ.木製",
    "UI.Field.Large Wood Box": "大型木箱",
    "UI.Field.box.wooden.large": "木箱.大型",
    "UI.Field.Wood Storage Box": "木製収納ボックス",
    "UI.Field.box.wooden": "木箱",
    "UI.Field.Flame Turret": "火炎タレット",
    "UI.Field.flameturret": "火炎タレット",
    "UI.Field.Shotgun Trap": "ショットガントラップ",
    "UI.Field.guntrap": "銃トラップ",
    "UI.Field.Auto Turret": "自動タレット",
    "UI.Field.autoturret": "自動タレット",
    "UI.Field.Code Lock": "コードロック",
    "UI.Field.lock.code": "ロック.コード",
    "UI.Field.Key Lock": "キー付きロック",
    "UI.Field.lock.key": "ロック.キー",
    "UI.Field.Wooden Ladder": "木製はしご",
    "UI.Field.ladder.wooden.wall": "はしご.木製.壁",
    "UI.Field.Medical Syringe": "医療注射器",
    "UI.Field.syringe.medical": "注射器.医療",
    "UI.Field.Bandage": "包帯",
    "UI.Field.bandage": "包帯",
    "UI.Field.Large Medkit": "大きな医療キット",
    "UI.Field.largemedkit": "大きな医療キット",
    "UI.Field.Rocket Launcher": "ロケットランチャー",
    "UI.Field.rocket.launcher": "ロケットランチャー",
    "UI.Field.HV Rocket": "高速ロケット",
    "UI.Field.Explosives": "爆薬",
    "UI.Field.explosives": "爆薬",
    "UI.Field.Gun Powder": "火薬",
    "UI.Field.gunpowder": "火薬",
    "UI.Field.Low Grade Fuel": "低品質燃料",
    "UI.Field.lowgradefuel": "低品質燃料",
    "UI.Column.LOOTED": "略奪済み",
    "UI.Field.Normal Crate": "通常箱",
    "UI.Field.crate_normal_2": "箱_通常_2",
    "UI.Field.Basic Crate": "基本箱",
    "UI.Field.crate_basic": "箱_基本",
    "UI.Field.Elite Crate": "エリート箱",
    "UI.Field.crate_elite": "箱_エリート",
    "UI.Field.Military Crate": "軍用箱",
    "UI.Field.crate_normal": "箱_通常",
    "UI.Field.Tools Crate": "道具箱",
    "UI.Field.crate_tools": "箱_道具",
    "UI.Field.Supply Drop": "補給物資",
    "UI.Field.supply_drop": "補給物資",
    "UI.Field.Locked Crate": "ロックされた箱",
    "UI.Field.codelockedhackablecrate|codelockedhackablecrate_oilrig": "箱_ロック_ハッキング可能|箱_ロック_ハッキング可能_オイルリグ",
    "UI.Tabs.BUILDING": "建築",
    "UI.Tabs.HITRATE": "命中率",
    "UI.Field.Head kills": "ヘッドショットキル",
    "UI.Field.HEAD": "ヘッド",
    "UI.Leaderboard.Column.Nickname": "ニックネーム",
    "UI.Leaderboard.Column.Kills": "キル",
    "UI.Leaderboard.Column.Deaths": "デス",
    "UI.Leaderboard.Column.KDR": "K/D比",
    "UI.Leaderboard.Column.NPC Kills": "NPCキル",
    "UI.Leaderboard.Column.Total online": "合計オンライン",
    "UI.Leaderboard.Column.Scores": "スコア",
    "UI.BodyParts.HEAD": "頭",
    "UI.BodyParts.ARM": "腕",
    "UI.BodyParts.CHEST": "胸",
    "UI.BodyParts.HIP": "腰",
    "UI.BodyParts.BODY": "体",
    "UI.BodyParts.NECK": "首",
    "UI.Building.wall.frame_twigs": "壁.枠-小枝",
    "UI.Grade.twigs": "小枝",
    "UI.Building.wall.frame_wood": "壁.枠-木",
    "UI.Grade.wood": "木",
    "UI.Building.wall.frame_stone": "壁.枠-石",
    "UI.Grade.stone": "石",
    "UI.Building.wall.frame_metal": "壁.枠-金属",
    "UI.Grade.metal": "金属",
    "UI.Building.wall.frame_toptier": "壁.枠-最高級",
    "UI.Grade.toptier": "最高級",
    "UI.Building.wall.frame_count": "壁.枠-数",
    "UI.Grade.count": "数",
    "UI.Building.wall.frame_none": "壁.枠-なし",
    "UI.Grade.none": "なし",
    "UI.Building.block.stair.ushape_twigs": "ブロック.階段.U字-小枝",
    "UI.Building.block.stair.ushape_wood": "ブロック.階段.U字-木",
    "UI.Building.block.stair.ushape_stone": "ブロック.階段.U字-石",
    "UI.Building.block.stair.ushape_metal": "ブロック.階段.U字-金属",
    "UI.Building.block.stair.ushape_toptier": "ブロック.階段.U字-最高級",
    "UI.Building.block.stair.ushape_count": "ブロック.階段.U字-数",
    "UI.Building.block.stair.ushape_none": "ブロック.階段.U字-なし",
    "UI.Building.roof_twigs": "屋根-小枝",
    "UI.Building.roof_wood": "屋根-木",
    "UI.Building.roof_stone": "屋根-石",
    "UI.Building.roof_metal": "屋根-金属",
    "UI.Building.roof_toptier": "屋根-最高級",
    "UI.Building.roof_count": "屋根-数",
    "UI.Building.roof_none": "屋根-なし",
    "UI.Building.wall.window_twigs": "壁.窓-小枝",
    "UI.Building.wall.window_wood": "壁.窓-木",
    "UI.Building.wall.window_stone": "壁.窓-石",
    "UI.Building.wall.window_metal": "壁.窓-金属",
    "UI.Building.wall.window_toptier": "壁.窓-最高級",
    "UI.Building.wall.window_count": "壁.窓-数",
    "UI.Building.wall.window_none": "壁.窓-なし",
    "UI.Building.floor.triangle.frame_twigs": "床.三角.枠-小枝",
    "UI.Building.floor.triangle.frame_wood": "床.三角.枠-木",
    "UI.Building.floor.triangle.frame_stone": "床.三角.枠-石",
    "UI.Building.floor.triangle.frame_metal": "床.三角.枠-金属",
    "UI.Building.floor.triangle.frame_toptier": "床.三角.枠-最高級",
    "UI.Building.floor.triangle.frame_count": "床.三角.枠-数",
    "UI.Building.floor.triangle.frame_none": "床.三角.枠-なし",
    "UI.Building.wall.low_twigs": "壁.低-小枝",
    "UI.Building.wall.low_wood": "壁.低-木",
    "UI.Building.wall.low_stone": "壁.低-石",
    "UI.Building.wall.low_metal": "壁.低-金属",
    "UI.Building.wall.low_toptier": "壁.低-最高級",
    "UI.Building.wall.low_count": "壁.低-数",
    "UI.Building.wall.low_none": "壁.低-なし",
    "UI.Building.wall.half_twigs": "壁.半分-小枝",
    "UI.Building.wall.half_wood": "壁.半分-木",
    "UI.Building.wall.half_stone": "壁.半分-石",
    "UI.Building.wall.half_metal": "壁.半分-金属",
    "UI.Building.wall.half_toptier": "壁.半分-最高級",
    "UI.Building.wall.half_count": "壁.半分-数",
    "UI.Building.wall.half_none": "壁.半分-なし",
    "UI.Building.roof.triangle_twigs": "屋根.三角-小枝",
    "UI.Building.roof.triangle_wood": "屋根.三角-木",
    "UI.Building.roof.triangle_stone": "屋根.三角-石",
    "UI.Building.roof.triangle_metal": "屋根.三角-金属",
    "UI.Building.roof.triangle_toptier": "屋根.三角-最高級",
    "UI.Building.roof.triangle_count": "屋根.三角-数",
    "UI.Building.roof.triangle_none": "屋根.三角-なし",
    "UI.Building.foundation.steps_twigs": "基礎.ステップ-小枝",
    "UI.Building.foundation.steps_wood": "基礎.ステップ-木",
    "UI.Building.foundation.steps_stone": "基礎.ステップ-石",
    "UI.Building.foundation.steps_metal": "基礎.ステップ-金属",
    "UI.Building.foundation.steps_toptier": "基礎.ステップ-最高級",
    "UI.Building.foundation.steps_count": "基礎.ステップ-数",
    "UI.Building.foundation.steps_none": "基礎.ステップ-なし",
    "UI.Building.floor_twigs": "床-小枝",
    "UI.Building.floor_wood": "床-木",
    "UI.Building.floor_stone": "床-石",
    "UI.Building.floor_metal": "床-金属",
    "UI.Building.floor_toptier": "床-最高級",
    "UI.Building.floor_count": "床-数",
    "UI.Building.floor_none": "床-なし",
    "UI.Building.ramp_twigs": "ランプ-小枝",
    "UI.Building.ramp_wood": "ランプ-木",
    "UI.Building.ramp_stone": "ランプ-石",
    "UI.Building.ramp_metal": "ランプ-金属",
    "UI.Building.ramp_toptier": "ランプ-最高級",
    "UI.Building.ramp_count": "ランプ-数",
    "UI.Building.ramp_none": "ランプ-なし",
    "UI.Building.wall_twigs": "壁-小枝",
    "UI.Building.wall_wood": "壁-木",
    "UI.Building.wall_stone": "壁-石",
    "UI.Building.wall_metal": "壁-金属",
    "UI.Building.wall_toptier": "壁-最高級",
    "UI.Building.wall_count": "壁-数",
    "UI.Building.wall_none": "壁-なし",
    "UI.Building.wall.doorway_twigs": "壁.ドア枠-小枝",
    "UI.Building.wall.doorway_wood": "壁.ドア枠-木",
    "UI.Building.wall.doorway_stone": "壁.ドア枠-石",
    "UI.Building.wall.doorway_metal": "壁.ドア枠-金属",
    "UI.Building.wall.doorway_toptier": "壁.ドア枠-最高級",
    "UI.Building.wall.doorway_count": "壁.ドア枠-数",
    "UI.Building.wall.doorway_none": "壁.ドア枠-なし",
    "UI.Building.block.stair.lshape_twigs": "ブロック.階段.L字-小枝",
    "UI.Building.block.stair.lshape_wood": "ブロック.階段.L字-木",
    "UI.Building.block.stair.lshape_stone": "ブロック.階段.L字-石",
    "UI.Building.block.stair.lshape_metal": "ブロック.階段.L字-金属",
    "UI.Building.block.stair.lshape_toptier": "ブロック.階段.L字-最高級",
    "UI.Building.block.stair.lshape_count": "ブロック.階段.L字-数",
    "UI.Building.block.stair.lshape_none": "ブロック.階段.L字-なし",
    "UI.Building.foundation.triangle_twigs": "基礎.三角-小枝",
    "UI.Building.foundation.triangle_wood": "基礎.三角-木",
    "UI.Building.foundation.triangle_stone": "基礎.三角-石",
    "UI.Building.foundation.triangle_metal": "基礎.三角-金属",
    "UI.Building.foundation.triangle_toptier": "基礎.三角-最高級",
    "UI.Building.foundation.triangle_count": "基礎.三角-数",
    "UI.Building.foundation.triangle_none": "基礎.三角-なし",
    "UI.Building.floor.triangle_twigs": "床.三角-小枝",
    "UI.Building.floor.triangle_wood": "床.三角-木",
    "UI.Building.floor.triangle_stone": "床.三角-石",
    "UI.Building.floor.triangle_metal": "床.三角-金属",
    "UI.Building.floor.triangle_toptier": "床.三角-最高級",
    "UI.Building.floor.triangle_count": "床.三角-数",
    "UI.Building.floor.triangle_none": "床.三角-なし",
    "UI.Building.floor.frame_twigs": "床.枠-小枝",
    "UI.Building.floor.frame_wood": "床.枠-木",
    "UI.Building.floor.frame_stone": "床.枠-石",
    "UI.Building.floor.frame_metal": "床.枠-金属",
    "UI.Building.floor.frame_toptier": "床.枠-最高級",
    "UI.Building.floor.frame_count": "床.枠-数",
    "UI.Building.floor.frame_none": "床.枠-なし",
    "UI.Building.foundation_twigs": "基礎-小枝",
    "UI.Building.foundation_wood": "基礎-木",
    "UI.Building.foundation_stone": "基礎-石",
    "UI.Building.foundation_metal": "基礎-金属",
    "UI.Building.foundation_toptier": "基礎-最高級",
    "UI.Building.foundation_count": "基礎-数",
    "UI.Building.foundation_none": "基礎-なし",
    "UI.Building.block.stair.spiral_twigs": "ブロック.階段.スパイラル-小枝",
    "UI.Building.block.stair.spiral_wood": "ブロック.階段.スパイラル-木",
    "UI.Building.block.stair.spiral_stone": "ブロック.階段.スパイラル-石",
    "UI.Building.block.stair.spiral_metal": "ブロック.階段.スパイラル-金属",
    "UI.Building.block.stair.spiral_toptier": "ブロック.階段.スパイラル-最高級",
    "UI.Building.block.stair.spiral_count": "ブロック.階段.スパイラル-数",
    "UI.Building.block.stair.spiral_none": "ブロック.階段.スパイラル-なし",
    "UI.Building.block.stair.spiral.triangle_twigs": "ブロック.階段.スパイラル.三角-小枝",
    "UI.Building.block.stair.spiral.triangle_wood": "ブロック.階段.スパイラル.三角-木",
    "UI.Building.block.stair.spiral.triangle_stone": "ブロック.階段.スパイラル.三角-石",
    "UI.Building.block.stair.spiral.triangle_metal": "ブロック.階段.スパイラル.三角-金属",
    "UI.Building.block.stair.spiral.triangle_toptier": "ブロック.階段.スパイラル.三角-最高級",
    "UI.Building.block.stair.spiral.triangle_count": "ブロック.階段.スパイラル.三角-数",
    "UI.Building.block.stair.spiral.triangle_none": "ブロック.階段.スパイラル.三角-なし"
}
