{
  "ConnectionError": "接続エラーが発生しました。もう一度お試しになるか、問題が続く場合は管理者に連絡してください。",
  "RemovedMsg": "アカウントをリンク解除したため、認証済みグループから削除されました。\n解除していない場合は管理者にご連絡ください。",
  "RemovedNitroMsg": "ブーストが解除されたため、nitroグループから削除されました。\nこれが問題の場合は管理者にご連絡ください。",
  "VerifyMsg": "こんにちは、{0}で認証を行い、素晴らしいリワードを手に入れてください。",
  "ThanksMsg": "アカウントの認証とリンクが完了しました。ありがとうございます！",
  "SteamNotVerified": "Steamグループには参加していますが、認証されていません。ウェブサイトで認証を行ってください。",
  "ThanksNitroMsg": "Discordのブーストありがとうございます！",
  "RemovedSteamMsg": "Steamグループを退会したため、Steamリワードグループから削除されました。",
  "ThanksSteamMsg": "Steamグループに参加していただきありがとうございます！",
  "NotClient": "このコマンドはクライアントから実行するもので、コンソールからではありません。",
  "OnCooldown": "現在、このコマンドを使用するためのクールダウン中です。",
  "NoUsers": "UniversalLink: 返信にはユーザーが含まれていません。"
}