{
    "Store": "<color=#838383>[</color><color=#f7432a>BestRust Servers</color><color=#838383>]</color> Notre boutique est simple d'utilisation : achetez des <color=#f5e942>rangs VIP et kits</color> à partir de <color=#f5e942>1€</color> et recevez-les instantanément. \nTous les moyens de paiement sont acceptés, y compris les <color=#f5e942>skins Rust</color> et la <color=#f5e942>crypto</color>. Utilisez <color=#f7432a>/kit</color> pour découvrir les kits disponibles.\n\nLes avantages VIP comprennent des <color=#ff7763>kits exclusifs</color>, le <color=#ff7763>passage prioritaire dans la file d'attente</color>, <color=#ff7763>Skinbox</color>, un <color=#ff7763>spawn avec plus de santé, d'eau et de nourriture</color> et bien plus encore. Rendez-vous dans notre boutique !\n\nMerci à tous ceux qui soutiennent nos serveurs et nous aident à les maintenir en ligne !\n\n<color=#ff5c45>https://store.bestrustservers.com/</color>",
    "Splits": "<color=#838383>[</color><color=#f7432a>BestRust Servers</color><color=#838383>]</color> Get <color=#f5e942>Multiple Very OP kit rewards</color> for depositing on splits.gg with the <color=#f5e942>BESTRUST code</color>. </color>Check <color=#ff5c45>/kit</color> for the rewards and make sure you use the <color=#f5e942>BESTRUST code</color> when you deposit on splits.gg",
    "PlaytimeRewards": "<color=#838383>[</color><color=#f7432a>BestRust Servers</color><color=#838383>]</color> Gagnez des <color=#7dda58>kits gratuits</color> et des <color=#e1c05f>récompenses</color> en accumulant du temps de jeu sur les serveurs BestRust.\n\nPour consulter votre temps de jeu et les détails des récompenses, utilisez la commande <color=#ff5c45>/playtime</color>.",
    "Store2": "<color=#838383>[</color><color=#f7432a>BestRust Servers</color><color=#838383>]</color> Notre boutique est simple d'utilisation : achetez des <color=#f5e942>rangs VIP et kits</color> à partir de <color=#f5e942>1€</color> et recevez-les instantanément. \nTous les moyens de paiement sont acceptés, y compris les <color=#f5e942>skins Rust</color> et la <color=#f5e942>crypto</color>. Utilisez <color=#f7432a>/kit</color> pour découvrir les kits disponibles.\n\nLes avantages VIP comprennent des <color=#ff7763>kits exclusifs</color>, le <color=#ff7763>passage prioritaire dans la file d'attente</color>, <color=#ff7763>Skinbox</color>, un <color=#ff7763>spawn avec plus de santé, d'eau et de nourriture</color> et bien plus encore. Rendez-vous dans notre boutique !\n\nMerci à tous ceux qui soutiennent nos serveurs et nous aident à les maintenir en ligne !\n\n<color=#ff5c45>https://store.bestrustservers.com/</color>",
    "Splits2": "<color=#838383>[</color><color=#f7432a>BestRust Servers</color><color=#838383>]</color> Get <color=#f5e942>3 free high value rust skins and a free kit</color> by using the <color=#f5e942>BESTRUST code</color>on splits.gg",
    "Staff": "<color=#838383>[</color><color=#f7432a>BestRust Servers</color><color=#838383>]</color> Envie de gagner du <color=#f5e942>VIP gratuit, de l'argent réel ou des skins</color> ?\nNous recrutons de nouveaux membres : <color=#7dda58>modérateurs</color>, <color=#da5a5a>admins</color>, <color=#cc6ce7>community managers</color> ou <color=#d49a17>créateurs de contenu</color>.\n\nIntéressé ? Rendez-vous sur le canal #open-applications de notre Discord : <color=#ff5c45>discord.gg/bestrustservers</color>",
    "Store3": "<color=#838383>[</color><color=#f7432a>BestRust Servers</color><color=#838383>]</color> Notre boutique est simple d'utilisation : achetez des <color=#f5e942>rangs VIP et kits</color> à partir de <color=#f5e942>1€</color> et recevez-les instantanément. \nTous les moyens de paiement sont acceptés, y compris les <color=#f5e942>skins Rust</color> et la <color=#f5e942>crypto</color>. Utilisez <color=#f7432a>/kit</color> pour découvrir les kits disponibles.\n\nLes avantages VIP comprennent des <color=#ff7763>kits exclusifs</color>, le <color=#ff7763>passage prioritaire dans la file d'attente</color>, <color=#ff7763>Skinbox</color>, un <color=#ff7763>spawn avec plus de santé, d'eau et de nourriture</color> et bien plus encore. Rendez-vous dans notre boutique !\n\nMerci à tous ceux qui soutiennent nos serveurs et nous aident à les maintenir en ligne !\n\n<color=#ff5c45>https://store.bestrustservers.com/</color>",
    "Splits3": "<color=#838383>[</color><color=#f7432a>BestRust Servers</color><color=#838383>]</color> Get <color=#f5e942>Multiple Very OP kit rewards</color> for depositing on splits.gg with the <color=#f5e942>BESTRUST code</color>. </color>Check <color=#ff5c45>/kit</color> for the rewards and make sure you use the <color=#f5e942>BESTRUST code</color> when you deposit on splits.gg",
    "Discord": "<color=#838383>[</color><color=#f7432a>BestRust Servers</color><color=#838383>]</color> Besoin d'aide ou envie de signaler un joueur ? Ouvrez un ticket sur notre Discord, nous vous répondrons avec plaisir ! <color=#ff5c45>discord.gg/bestrustservers</color>"
}
