{
    "Playtime": "<color=#838383>[</color><color=#f7432a>BestRust Servers</color><color=#838383>]</color> Vous pouvez <color=#7dda58>passer la file d'attente</color> en atteignant un certain temps de jeu sur nos serveurs.\n\nConsultez votre temps de jeu et davantage d'informations avec la commande <color=#ff5c45>/playtime</color>.",
    "RustMagic": "<color=#838383>[</color><color=#f7432a>BestRust Servers</color><color=#838383>]</color> Obtenez <color=#f5e942>trois skins Rust de grande valeur gratuits</color> en utilisant le <color=#f5e942>code BESTRUST</color> : https://splits.gg/r/BESTRUST",
    "Store": "<color=#838383>[</color><color=#f7432a>BestRust Servers</color><color=#838383>]</color> Achetez le <color=#f5e942>VIP – Passage prioritaire en file d'attente pour seulement 1€</color>.\nCliquez sur « Voir la page web » pour accéder à notre boutique : <color=#ff5c45>https://store.bestrustservers.com/</color>",
    "Staff": "<color=#838383>[</color><color=#f7432a>BestRust Servers</color><color=#838383>]</color> Envie d'obtenir du <color=#f5e942>VIP gratuit, de l'argent réel ou des skins</color> ? Nous recrutons des <color=#7dda58>modérateurs</color>, <color=#da5a5a>admins</color>, <color=#cc6ce7>community managers</color> et <color=#d49a17>créateurs de contenu</color>.\n\nIntéressé ? Rendez-vous sur le canal #open-applications de notre Discord : <color=#ff5c45>discord.gg/bestrustservers</color>",
    "RustMagic2": "<color=#838383>[</color><color=#f7432a>BestRust Servers</color><color=#838383>]</color> Obtenez <color=#f5e942>trois skins Rust de grande valeur gratuits</color> en utilisant le <color=#f5e942>code BESTRUST</color> : https://splits.gg/r/BESTRUST",
    "Store2": "<color=#838383>[</color><color=#f7432a>BestRust Servers</color><color=#838383>]</color> Achetez le <color=#f5e942>VIP – Passage prioritaire en file d'attente pour seulement 1€</color>.\nCliquez sur « Voir la page web » pour accéder à notre boutique : <color=#ff5c45>https://store.bestrustservers.com/</color>",
    "Discord": "<color=#838383>[</color><color=#f7432a>BestRust Servers</color><color=#838383>]</color> Besoin d'aide ou envie de signaler un joueur ? Ouvrez un ticket sur notre Discord, nous vous assisterons avec plaisir : <color=#ff5c45>discord.gg/bestrustservers</color>"
}
