{
  "Prefix": "<color=#D85540>[Partage des Plans]</color> ",
  "ArgumentsError": "Utilisation incorrecte de la commande. Essayez <color=#ffff00>/bs help</color>.",
  "Help": "<color=#D85540>Commandes Partage des Plans:</color>\n<color=#D85540>/bs toggle</color> - Activer/désactiver le partage automatique des plans\n<color=#D85540>/bs share <player></color> - Partager vos plans appris avec un joueur\n<color=#D85540>/bs show <team|clan|friend> [name]</color> - Voir les plans partagés avec vous\n<color=#D85540>/bs help</color> - Afficher ce menu d'aide",
  "ToggleOn": "Le partage des plans est maintenant <color=#00ff00>activé</color>.",
  "ToggleOff": "Le partage des plans est maintenant <color=#ff0000>désactivé</color>.",
  "NoPermission": "Vous n'avez pas la permission d'utiliser cette commande.",
  "CannotShare": "Vous ne pouvez pas partager de plans avec ce joueur, il doit être dans votre équipe, clan ou liste d'amis.",
  "NoTarget": "Vous devez spécifier un joueur à qui partager.",
  "TargetEqualsPlayer": "Vous ne pouvez pas partager de plans avec vous-même.",
  "PlayerNotFound": "Joueur non trouvé.",
  "PlayerSharedBlueprints": "Vous avez partagé <color=#ffff00>{0}</color> plan(s) avec <color=#ffff00>{1}</color>.",
  "TargetLearntBlueprints": "<color=#ffff00>{0}</color> a partagé <color=#ffff00>{1}</color> plan(s) avec vous.",
  "NoBlueprintsToShare": "Vous n'avez pas de nouveaux plans à partager avec <color=#ffff00>{0}</color>.",
  "PlayerSharedBlueprint": "Vous avez appris le plan <color=#ffff00>{0}</color> et l'avez partagé avec <color=#ffff00>{1}</color> joueur(s).",
  "TargetLearntBlueprint": "<color=#ffff00>{0}</color> a partagé le plan <color=#ffff00>{1}</color> avec vous.",
  "BlueprintBlocked": "Le plan <color=#ffff00>{0}</color> est bloqué pour le partage, mais vous l'avez tout de même appris.",
  "TargetSharingDisabled": "Impossible de partager des plans avec <color=#ffff00>{0}</color> – ils ont désactivé le partage.",
  "BlueprintsRemoved": "Vous avez perdu l'accès à <color=#ffff00>{0}</color> plan(s).",
  "ShowMissingArgument": "Vous devez spécifier quels plans partagés voir. Options : <color=#ffff00>équipe</color>, <color=#ffff00>clan</color> ou <color=#ffff00>ami</color>.",
  "ShowFriendArgumentMissing": "Vous devez spécifier le nom d'un ami.",
  "NotFriends": "Vous n'êtes pas ami avec ce joueur.",
  "NoSharedBlueprints": "Aucun plan n'a été partagé avec vous.",
  "SharedBlueprintsTitle": "Plans Partagés Avec Vous :",
  "ShowSharedBlueprints": "<color=#ffff00>Niveau {0} :</color> {1}",
  "LoseBlueprintsDisabled": "Cette fonctionnalité a été désactivée par l'administrateur du serveur."
}