{
  "Notification.ClanInfo.Title": "<size=18><color=#ffa500>Clans</color></size><size=14><color=#ce422b> RENOUVEAU</color></size>",
  "Notification.ClanInfo.Tag": "\nTag du clan : <color=#b2eece>{0}</color>",
  "Notification.ClanInfo.Description": "\nDescription : <color=#b2eece>{0}</color>",
  "Notification.ClanInfo.Online": "\nMembres en ligne : {0}",
  "Notification.ClanInfo.Offline": "\nMembres hors ligne : {0}",
  "Notification.ClanInfo.Members": "\nMembres : {0}",
  "Notification.ClanInfo.Established": "\nCréé : <color=#b2eece>{0}</color>",
  "Notification.ClanInfo.LastOnline": "\nDernière connexion : <color=#b2eece>{0}</color>",
  "Notification.ClanInfo.Alliances": "\nAlliances : <color=#b2eece>{0}</color>",
  "Notification.ClanInfo.Alliances.None": "Aucune",
  "Notification.ClanInfo.TotalMembers": "\nMembres : <color=#b2eece>{0}</color>",
  "Notification.ClanInfo.TotalAlliances": "\nAlliances : <color=#b2eece>{0}</color>",
  "Notification.Create.InExistingClan": "Vous êtes déjà membre d'un clan",
  "Notification.Create.NoPermission": "Vous n'êtes pas autorisé à créer un clan",
  "Notification.Create.TagReserved1": "Le tag {0} est déjà réservé par un autre joueur",
  "Notification.Create.InvalidTagLength": "Tag invalide : il doit contenir entre {0} et {1} caractères",
  "Notification.Create.InvalidCharacters": "Le tag choisi contient des mots/caractères non autorisés",
  "Notification.Create.ClanExists": "Un clan avec ce tag existe déjà",
  "Notification.Create.NoNativeCreate": "Vous devez créer un clan en utilisant /clan create <tag> <description>",
  "Notification.Create.Success": "Vous avez formé le clan <color=#aaff55>[{0}]</color>",
  "Notification.Kick.IsOwner": "Vous ne pouvez pas expulser le propriétaire du clan",
  "Notification.Kick.NoPermissions": "Vous n'avez pas les permissions nécessaires pour expulser des membres du clan",
  "Notification.Kick.NotClanmember": "La cible n'est pas membre de votre clan",
  "Notification.Kick.Self": "Vous ne pouvez pas vous expulser vous-même",
  "Notification.Kick.NotEnoughRank": "Seul le propriétaire du clan peut expulser un autre membre ayant un rang",
  "Notification.Kick.NoPlayerFound": "Impossible de trouver un joueur avec le nom ou l'ID spécifié",
  "Notification.Kick.Message": "{0} a expulsé {1} du clan !",
  "Notification.Kick.PlayerMessage": "{0} vous a expulsé du clan !",
  "Notification.Kick.NoPermission": "Vous n'avez pas la permission d'expulser des membres du clan",
  "Notification.Leave.Message": "{0} a quitté le clan !",
  "Notification.Leave.PlayerMessage": "Vous avez quitté le clan <color=#aaff55>[{0}]</color>.",
  "Notification.Leave.NewOwner": "{0} est maintenant le leader du clan !",
  "Notification.Leave.NoPermission": "Vous n'avez pas la permission de quitter ce clan",
  "Notification.Join.NoPermission": "Vous n'avez pas la permission de rejoindre un clan",
  "Notification.Join.ExpiredInvite": "Votre invitation pour {0} a expiré !",
  "Notification.Join.InExistingClan": "Vous êtes déjà membre d'un autre clan",
  "Notification.Join.Message": "{0} a rejoint le clan !",
  "Notification.Invite.NoPermissions": "Vous n'avez pas les permissions suffisantes pour inviter d'autres joueurs",
  "Notification.Invite.InviteLimit": "Vous avez déjà le nombre maximum d'invitations autorisées",
  "Notification.Invite.InviteCooldown": "Patientez encore {0} avant de pouvoir inviter de nouveaux membres dans votre clan",
  "Notification.Invite.HasPending": "{0} a déjà une invitation de clan en attente",
  "Notification.Invite.IsMember": "{0} est déjà membre du clan",
  "Notification.Invite.InClan": "{0} est déjà membre d'un autre clan",
  "Notification.Invite.NoPermission": "{0} n'a pas la permission requise pour rejoindre un clan",
  "Notification.Invite.SuccesTarget": "Vous avez été invité à rejoindre le clan : <color=#aaff55>[{0}]</color> '{1}'\nPour rejoindre, tapez : <color=#ffd479>/{2} accept {0}</color>",
  "Notification.Invite.SuccessClan": "{0} a invité {1} à rejoindre le clan",
  "Notification.PendingInvites": "Vous avez des invitations de clan en attente de : {0}\nPour rejoindre un clan, tapez : <color=#ffd479>/{1} accept <tag></color>",
  "Notification.WithdrawInvite.NoPermissions": "Vous n'avez pas les permissions suffisantes pour retirer des invitations de membres",
  "Notification.WithdrawInvite.UnableToFind": "Impossible de trouver une invitation pour le joueur avec {0}",
  "Notification.WithdrawInvite.Success": "{0} a révoqué l'invitation pour le membre {1}",
  "Notification.RejectInvite.InvalidInvite": "Vous n'avez pas d'invitation pour rejoindre <color=#aaff55>[{0}]</color>",
  "Notification.RejectInvite.Message": "{0} a refusé l'invitation à rejoindre votre clan",
  "Notification.RejectInvite.PlayerMessage": "Vous avez rejeté l'invitation pour rejoindre <color=#aaff55>[{0}]</color>",
  "Notification.Promotion.NoPermissions": "Vous n'avez pas les permissions nécessaires pour promouvoir d'autres joueurs",
  "Notification.Promotion.TargetNoClan": "{0} n'est pas membre de votre clan",
  "Notification.Promotion.IsOwner": "Vous ne pouvez pas promouvoir le leader du clan",
  "Notification.Promotion.IsCouncil": "Vous ne pouvez pas promouvoir plus haut que le rang de conseil",
  "Notification.Promotion.CouncilTaken": "Le rang de conseil a déjà été attribué",
  "Notification.Promotion.ModeratorLimit": "Vous avez déjà le nombre maximum de modérateurs",
  "Notification.Promotion.IsModerator": "Vous ne pouvez pas promouvoir plus haut que le rang de modérateur",
  "Notification.Promotion.Message": "{0} a été promu au rang de {1} par {2}",
  "Notification.Demotion.NoPermissions": "Vous n'avez pas les permissions nécessaires pour rétrograder d'autres joueurs",
  "Notification.Demotion.IsOwner": "Vous ne pouvez pas rétrograder le leader du clan",
  "Notification.Demotion.IsMember": "{0} est déjà au rang le plus bas",
  "Notification.Demotion.Message": "{0} a été rétrogradé au rang de {1} par {2}",
  "Notification.Alliance.NoPermissions": "Vous n'avez pas les permissions suffisantes pour gérer les alliances",
  "Notification.Alliance.PendingInvite": "<color=#aaff55>[{0}]</color> a déjà une invitation d'alliance en attente",
  "Notification.Alliance.MaximumInvites": "Vous avez déjà le nombre maximum d'invitations d'alliance autorisées",
  "Notification.Alliance.MaximumAlliances": "Vous avez déjà le nombre maximum d'alliances formées",
  "Notification.Alliance.InviteSent": "Invitation d'alliance envoyée à <color=#aaff55>[{0}]</color>\nL'invitation expirera dans : {1}",
  "Notification.Alliance.InviteReceived": "Vous avez reçu une invitation d'alliance de clan de <color=#aaff55>[{0}]</color>\nPour accepter, tapez : <color=#ffd479>/{2} accept {0}</color>\nL'invitation expirera dans : {1}",
  "Notification.Alliance.NoActiveInvite": "Vous n'avez pas d'invitation d'alliance active pour <color=#aaff55>[{0}]</color>",
  "Notification.Alliance.NoActiveInviteFrom": "Vous n'avez pas d'invitation d'alliance active de <color=#aaff55>[{0}]</color>",
  "Notification.Alliance.WithdrawnClan": "{0} a retiré une invitation d'alliance à <color=#aaff55>[{1}]</color>",
  "Notification.Alliance.WithdrawnTarget": "<color=#aaff55>[{0}]</color> a retiré leur invitation d'alliance",
  "Notification.Alliance.AtLimitTarget": "<color=#aaff55>[{0}]</color> a actuellement le nombre maximum d'alliances autorisées",
  "Notification.Alliance.AtLimitSelf": "Votre clan a actuellement le nombre maximum d'alliances autorisées",
  "Notification.Alliance.AtLimitAlliedMembersTarget": "Le nombre de membres du clan <color=#aaff55>[{0}]</color> ajouté au nombre de membres alliés plus le nombre de membres de votre clan dépasse la limite autorisée",
  "Notification.Alliance.AtLimitAlliedMembersSelf": "Votre nombre de membres ajouté au nombre de membres alliés plus le nombre de membres de ce clan dépasse la limite autorisée",
  "Notification.Alliance.Formed": "<color=#aaff55>[{0}]</color> a formé une alliance avec <color=#aaff55>[{1}]</color>",
  "Notification.Alliance.Rejected": "<color=#aaff55>[{0}]</color> a refusé l'alliance avec <color=#aaff55>[{1}]</color>",
  "Notification.Alliance.Revoked": "<color=#aaff55>[{0}]</color> a révoqué leur alliance avec <color=#aaff55>[{1}]</color>",
  "Notification.Alliance.NoActiveAlliance": "Vous n'avez actuellement pas d'alliance avec <color=#aaff55>[{0}]</color>",
  "Notification.FF.MemberEnabled": "Les membres du clan <color=#ffd479>peuvent</color> maintenant subir des dégâts de tir ami",
  "Notification.FF.MemberDisabled": "Les membres du clan <color=#ffd479>ne subissent pas</color> de dégâts de tir ami",
  "Notification.FF.AllyEnabled": "Les alliés <color=#ffd479>vont</color> subir des dégâts de tir ami",
  "Notification.FF.AllyDisabled": "Les alliés <color=#ffd479>ne vont pas</color> subir de dégâts de tir ami",
  "Notification.FF.IsEnabled": "<color=#aaff55>Activé</color>",
  "Notification.FF.IsDisabled": "<color=#ce422b>Désactivé</color>",
  "Notification.FF.OnHitClanMember": "{0} est membre du clan et ne peut pas être blessé.\nPour activer/désactiver le tir ami du clan, tapez : <color=#ffd479>/{1}</color>",
  "Notification.FF.OnHitAllyMember": "{0} est membre d'un clan allié et ne peut pas être blessé.\nPour activer/désactiver le tir ami allié, tapez : <color=#ffd479>/{1}</color>",
  "Notification.FF.ToggleNotOwner": "Seul le propriétaire du clan ou le conseil peut activer/désactiver le tir ami",
  "Notification.FF.OwnerToggle": "{0} a activé/désactivé le tir ami.\n{1}",
  "Notification.FF.OwnerAllyToggle": "{0} a activé/désactivé le tir ami allié.\n{1}",
  "Notification.ClanHelp.NoClan": "\nCommandes disponibles :\n<color=#ffd479>/{0} create <tag> \"description\"</color> - Créer un nouveau clan\n<color=#ffd479>/{0} accept <tag></color> - Rejoindre un clan par invitation\n<color=#ffd479>/{0} reject <tag></color> - Rejeter une invitation de clan",
  "Notification.ClanHelp.Basic2": "\nCommandes disponibles :\n<color=#ffd479>/{0}</color> - Afficher les informations de votre clan\n<color=#ffd479>/{1} <message></color> - Envoyer un message via le chat du clan\n<color=#ffd479>/{0} leave</color> - Quitter votre clan actuel",
  "Notification.ClanHelp.MFF": "\n<color=#ffd479>/{0}</color> - Activer/désactiver le tir ami contre d'autres membres du clan",
  "Notification.ClanHelp.AFF": "\n<color=#ffd479>/{0}</color> - Activer/désactiver le tir ami contre les membres du clan allié",
  "Notification.ClanHelp.Alliance": "\n\n<color=#45b6fe><size=14>Commandes d'Alliance :</size></color>\n<color=#ffd479>/{0} invite <tag></color> - Inviter un clan à devenir allié\n<color=#ffd479>/{0} withdraw <tag></color> - Retirer une invitation d'alliance\n<color=#ffd479>/{0} accept <tag></color> - Accepter une invitation d'alliance\n<color=#ffd479>/{0} reject <tag></color> - Rejeter une invitation d'alliance\n<color=#ffd479>/{0} revoke <tag></color> - Révoquer une alliance",
  "Notification.ClanHelp.Moderator": "\n\n<color=#b573ff><size=14>Commandes de Modérateur :</size></color>\n<color=#ffd479>/{0} invite <name or ID></color> - Inviter un joueur à votre clan\n<color=#ffd479>/{0} withdraw <name or ID></color> - Révoquer une invitation\n<color=#ffd479>/{0} kick <name or ID></color> - Expulser un membre de votre clan",
  "Notification.ClanHelp.Owner": "\n\n<color=#a1ff46><size=14>Commandes de Propriétaire :</size></color>\n<color=#ffd479>/{0} promote <name or ID></color> - Promouvoir un membre du clan\n<color=#ffd479>/{0} demote <name or ID></color> - Rétrograder un membre du clan\n<color=#ffd479>/{0} disband forever</color> - Dissoudre votre clan",
  "Notification.ClanHelp.TagColor": "\n<color=#ffd479>/{0} tagcolor <hex></color> - Définir une couleur de tag personnalisée pour le clan\n<color=#ffd479>/{0} tagcolor reset</color> - Restaurer la couleur par défaut du tag du clan",
  "Notification.Clan.NotInAClan": "\nVous n'êtes actuellement pas membre d'un clan",
  "Notification.Clan.Help": "\nPour voir les commandes disponibles tapez : <color=#ffd479>/{0}</color>",
  "Notification.Clan.OwnerOf": "\nVous êtes le propriétaire de : <color=#aaff55>{0}</color> ({1}/{2})",
  "Notification.Clan.CouncilOf": "\nVous êtes membre du conseil de : <color=#aaff55>{0}</color> ({1}/{2})",
  "Notification.Clan.ModeratorOf": "\nVous êtes modérateur de : <color=#aaff55>{0}</color> ({1}/{2})",
  "Notification.Clan.MemberOf": "\nVous êtes membre de : <color=#aaff55>{0}</color> ({1}/{2})",
  "Notification.Clan.MembersOnline": "\nMembres en ligne : {0}",
  "Notification.Clan.MFF": "\nStatut FF du clan : {0} (<color=#ffd479>/{1}</color>)",
  "Notification.Clan.AFF": "\nStatut FF des alliés : {0} (<color=#ffd479>/{1}</color>)",
  "Notification.Clan.CreateSyntax": "<color=#ffd479>/{0} create <tag> \"description\"</color> - Créer un nouveau clan",
  "Notification.Clan.InviteSyntax": "<color=#ffd479>/{0} invite <partialNameOrID></color> - Inviter un joueur à votre clan",
  "Notification.Clan.WithdrawSyntax": "<color=#ffd479>/{0} withdraw <partialNameOrID></color> - Révoquer une invitation de membre",
  "Notification.Clan.AcceptSyntax": "<color=#ffd479>/{0} accept <tag></color> - Rejoindre un clan par invitation",
  "Notification.Clan.RejectSyntax": "<color=#ffd479>/{0} reject <tag></color> - Rejeter une invitation de clan",
  "Notification.Clan.PromoteSyntax": "<color=#ffd479>/{0} promote <partialNameOrID></color> - Promouvoir un membre du clan au rang supérieur",
  "Notification.Clan.DemoteSyntax": "<color=#ffd479>/{0} demote <partialNameOrID></color> - Rétrograder un membre du clan au rang juste en dessous",
  "Notification.Clan.DisbandSyntax": "<color=#ffd479>/{0} disband forever</color> - Dissoudre votre clan (ceci ne peut pas être annulé)",
  "Notification.Clan.KickSyntax": "<color=#ffd479>/{0} kick <partialNameOrID></color> - Expulser un membre de votre clan",
  "Notification.Clan.TagColorSyntax": "<color=#ffd479>/{0} tagcolor <hex (XXXXXX)></color> - Définir une couleur de tag de clan personnalisée",
  "Notification.Clan.TagColorFormat": "<color=#ffd479>La chaîne hexadécimale doit être de 6 caractères et être une couleur hex valide</color>",
  "Notification.Clan.TagColorReset": "<color=#ffd479>Vous avez réinitialisé la couleur du tag de votre clan</color>",
  "Notification.Clan.TagColorSet": "<color=#ffd479>Vous avez défini la couleur du tag de votre clan sur</color> <color=#{0}>{0}</color>",
  "Notification.Clan.TagColorDisabled": "<color=#ffd479>Les couleurs de tag personnalisées sont désactivées sur ce serveur</color>",
  "Notification.Clan.TagColorBlocked": "<color=#ffd479>La couleur <color=#{0}>{0}</color> est sur la liste noire pour les clans.</color>",
  "Notification.Clan.TagColorOutOfRange": "<color=#ffd479>La couleur <color=#{0}>{0}</color> est hors de la plage de couleurs autorisée. Vous devez choisir une couleur entre <color=#{1}>{1}</color> et <color=#{2}>{2}</color></color>",
  "Notification.Disband.NotOwner": "Vous devez être le propriétaire du clan pour utiliser cette commande",
  "Notification.Disband.Success": "Vous avez dissous le clan <color=#aaff55>[{0}]</color>",
  "Notification.Disband.Message": "Le clan a été dissous",
  "Notification.Disband.NoPermission": "Vous n'avez pas la permission de dissoudre ce clan",
  "Notification.Generic.ClanFull": "Le clan est déjà à capacité maximale",
  "Notification.Generic.NoClan": "Vous n'êtes pas membre d'un clan",
  "Notification.Generic.InvalidClan": "Le clan <color=#aaff55>[{0}]</color> n'existe pas !",
  "Notification.Generic.NoPermissions": "Vous n'avez pas la permission suffisante pour utiliser cette commande",
  "Notification.Generic.SpecifyClanTag": "Veuillez spécifier un tag de clan",
  "Notification.Generic.UnableToFindPlayer": "Impossible de trouver un joueur avec le nom ou l'ID {0}",
  "Notification.Generic.CommandSelf": "Vous ne pouvez pas utiliser cette commande sur vous-même",
  "Chat.IsMuted": "Vous êtes actuellement muet",
  "Chat.Alliance.Prefix": "<color=#a1ff46>[CHAT ALLIÉ]</color> : {0}",
  "Chat.Clan.Prefix": "<color=#a1ff46>[CHAT CLAN]</color> : {0}",
  "Chat.Alliance.Format": "[{0}] <color={1}>{2}</color> : {3}",
  "Admin.BroadcastToClan": "<color=#ff3333>[ADMIN]</color> : {0}",
  "Admin.Rename": "Un administrateur a changé votre tag de clan en <color=#aaff55>[{0}]</color>",
  "Admin.Disband": "Un administrateur a dissous votre clan",
  "Admin.Invite": "Un administrateur a invité {0} à rejoindre votre clan",
  "Admin.Join": "Un administrateur vous a forcé à rejoindre <color=#aaff55>[{0}]</color>",
  "Admin.Kick": "Un administrateur vous a expulsé de <color=#aaff55>[{0}]</color>",
  "Admin.SetOwner": "Un administrateur a nommé {0} comme leader du clan",
  "Admin.Promote": "Un administrateur a promu {0} au rang de {1}",
  "Admin.Demote": "Un administrateur a rétrogradé {0} au rang de {1}"
}