{
  "CommandUsageExtLoad": "Utilisation : oxide.ext.load <extname>+",
  "CommandUsageExtUnload": "Utilisation : oxide.ext.unload <extname>+",
  "CommandUsageExtReload": "Utilisation : oxide.ext.reload <extname>+",
  "CommandUsageGrant": "Utilisation : oxide.grant <group|user> <name|id> <permission>",
  "CommandUsageGroup": "Utilisation : oxide.group <add|set> <name> [title] [rank]",
  "CommandUsageGroupParent": "Utilisation : oxide.group <parent> <name> <parentName>",
  "CommandUsageGroupRemove": "Utilisation : oxide.group <remove> <name>",
  "CommandUsageLang": "Utilisation : oxide.lang <code langue à deux lettres>",
  "CommandUsageLoad": "Utilisation : oxide.load *|<pluginname>+",
  "CommandUsageReload": "Utilisation : oxide.reload *|<pluginname>+",
  "CommandUsageRevoke": "Utilisation : oxide.revoke <group|user> <name|id> <permission>",
  "CommandUsageShow": "Utilisation : oxide.show <groups|perms>",
  "CommandUsageShowName": "Utilisation : oxide.show <group|user> <name>",
  "CommandUsageUnload": "Utilisation : oxide.unload *|<pluginname>+",
  "CommandUsageUserGroup": "Utilisation : oxide.usergroup <add|remove> <username> <groupname>",
  "ConnectionRejected": "Connexion refusée.",
  "DataSaved": "Enregistrement des données Oxide...",
  "GroupAlreadyExists": "Le groupe '{0}' existe déjà",
  "GroupAlreadyHasPermission": "Le groupe '{0}' possède déjà la permission '{1}'",
  "GroupDoesNotHavePermission": "Le groupe '{0}' ne possède pas la permission '{1}'",
  "GroupChanged": "Groupe '{0}' modifié",
  "GroupCreated": "Groupe '{0}' créé",
  "GroupDeleted": "Groupe '{0}' supprimé",
  "GroupNotFound": "Le groupe '{0}' n'existe pas",
  "GroupParentChanged": "Le parent du groupe '{0}' a été défini sur '{1}'",
  "GroupParentNotChanged": "Le parent du groupe '{0}' n'a pas été modifié",
  "GroupParentNotFound": "Le parent du groupe '{0}' est introuvable",
  "GroupPermissionGranted": "Permission '{1}' accordée au groupe '{0}'",
  "GroupPermissionRevoked": "Permission '{1}' retirée du groupe '{0}'",
  "GroupPermissions": "Permissions du groupe '{0}'",
  "GroupPlayers": "Joueurs du groupe '{0}'",
  "Groups": "Groupes",
  "InvalidLanguageName": "Nom de langue invalide : '{0}'",
  "NoGroupPermissions": "Aucune permission n'est actuellement accordée",
  "NoPermissionGroups": "Aucun groupe ne possède cette permission",
  "NoPermissionPlayers": "Aucun joueur ne possède cette permission",
  "NoPluginsFound": "Aucun plugin actuellement disponible",
  "NoPlayerGroups": "Le joueur n'est associé à aucun groupe",
  "NoPlayerPermissions": "Aucune permission n'est actuellement accordée",
  "NoPlayersInGroup": "Aucun joueur dans ce groupe",
  "NotAllowed": "Vous n'êtes pas autorisé à utiliser la commande '{0}'",
  "ParentGroupPermissions": "Permissions du parent '{0}'",
  "PermissionGroups": "Groupes avec permission '{0}'",
  "PermissionPlayers": "Joueurs avec permission '{0}'",
  "PermissionNotFound": "La permission '{0}' n'existe pas",
  "Permissions": "Permissions",
  "PermissionsNotLoaded": "Impossible de charger les fichiers de permission ! Les permissions ne fonctionneront pas tant que le problème n'est pas résolu.\n => {0}",
  "PlayerLanguage": "Langue du joueur définie sur {0}",
  "PluginNotLoaded": "Plugin '{0}' non chargé.",
  "PluginReloaded": "Plugin {0} v{1} par {2} rechargé",
  "PluginUnloaded": "Plugin {0} v{1} par {2} déchargé",
  "ServerLanguage": "Langue du serveur définie sur {0}",
  "Unknown": "Inconnu",
  "UnknownCommand": "Commande inconnue : {0}",
  "PlayerAddedToGroup": "Joueur '{0}' ajouté au groupe : {1}",
  "PlayerAlreadyHasPermission": "Le joueur '{0}' possède déjà la permission '{1}'",
  "PlayerDoesNotHavePermission": "Le joueur '{0}' ne possède pas la permission '{1}'",
  "PlayerNotFound": "Joueur '{0}' non trouvé",
  "PlayerGroups": "Groupes du joueur '{0}'",
  "PlayerPermissions": "Permissions du joueur '{0}'",
  "PlayerPermissionGranted": "Permission '{1}' accordée au joueur '{0}'",
  "PlayerPermissionRevoked": "Permission '{1}' retirée du joueur '{0}'",
  "PlayerRemovedFromGroup": "Le joueur '{0}' a été retiré du groupe '{1}'",
  "PlayersFound": "Plusieurs joueurs trouvés, veuillez préciser : {0}",
  "Version": "Le serveur tourne sous [#ffb658]Oxide {0}[/#] et [#ee715c]{1} {2} ({3})[/#]",
  "YouAreNotAdmin": "Vous n'êtes pas administrateur"
}