{
  "WebErrorOccurred": "Échec du téléchargement de l'image ! Erreur {0}.",
  "FileTooLarge": "Le fichier dépasse la taille maximale autorisée de {0} Mo.",
  "ErrorOccurred": "Une erreur inconnue s'est produite ; si cela persiste, veuillez en informer l'administrateur du serveur.",
  "RestoreErrorOccurred": "Impossible de restaurer le panneau car aucune texture ne lui est assignée.",
  "DownloadQueued": "Votre image a été ajoutée à la file d'attente de téléchargement !",
  "RestoreQueued": "Votre panneau a été ajouté à la file d'attente de restauration !",
  "RestoreBatchQueued": "Vous avez ajouté tous les {0} panneaux à la file d'attente de restauration !",
  "ImageLoaded": "L'image a été chargée avec succès sur le panneau !",
  "ImageRestored": "L'image a été restaurée avec succès pour le panneau !",
  "LogEntry": "Joueur `{0}` (SteamId: {1}) a chargé {2} dans {3} depuis {4}",
  "NoSignFound": "Impossible de trouver un panneau ! Assurez-vous de le viser et de ne pas être trop loin.",
  "Cooldown": "Vous ne pouvez pas encore utiliser la commande. Temps restant : {0}.",
  "SignNotOwned": "Vous ne pouvez pas modifier ce panneau car il est protégé par une armoire à outils.",
  "NoItemHeld": "Vous ne tenez aucun objet.",
  "ActionQueuedAlready": "Une action est déjà en attente pour ce panneau, veuillez attendre qu'elle se termine.",
  "SyntaxSilCommand": "Erreur de syntaxe !\nSyntaxe : /sil <url> [raw]",
  "SyntaxSilCommandMulti": "Erreur de syntaxe !\nSyntaxe : /sil <1-{0}> <url> [raw]",
  "SyntaxSiltCommand": "Erreur de syntaxe !\nSyntaxe : /silt <message> [<fontsize:number>] [<color:valeur hex>] [<bgcolor:valeur hex>] [raw]",
  "SyntaxSiltCommandMulti": "Erreur de syntaxe !\nSyntaxe : /silt <1-{0}> <message> [<fontsize:number>] [<color:valeur hex>] [<bgcolor:valeur hex>] [raw]",
  "SyntaxSiliCommandMulti": "Erreur de syntaxe !\nSyntaxe : /sili <1-{0}>",
  "NoPermission": "Vous n'avez pas la permission d'utiliser cette commande.",
  "NoPermissionFile": "Vous n'êtes pas autorisé à utiliser des images depuis le système de fichiers du serveur.",
  "NoPermissionRaw": "Vous n'êtes pas autorisé à utiliser des images brutes, chargement normal à la place.",
  "NoPermissionRestoreAll": "Vous n'avez pas la permission de restaurer tous les panneaux à la fois.",
  "day": "jour",
  "days": "jours",
  "hour": "heure",
  "hours": "heures",
  "minute": "minute",
  "minutes": "minutes",
  "second": "seconde",
  "seconds": "secondes",
  "and": "et"
}