{
    "NoPermToUse": "Vous n'avez pas la permission de le faire",
    "NoILError": "Le plugin ne fonctionne pas correctement, veuillez contacter l'administrateur!",
    "UI.Plugin.Title": "CLASSEMENT",
    "UI.Leaderboard.Awards.Title": "Meilleures récompenses",
    "UI.Leaderboard.Awards.Place": "{0}. place",
    "UI.Search.Players.Title": "RECHERCHER UN JOUEUR PAR NOM OU STEAMID",
    "UI.Search.Input.Placeholder": "ENTREZ UN NOM OU STEAMID",
    "UI.Players.List.Title": "LISTE DES JOUEURS SUR LE SERVEUR",
    "UI.Players.NoPlayers": "Aucun joueur disponible :(",
    "UI.HitRate.Title": "TAUX DE PRÉCISION",
    "UI.HitRate.Description": "Ici, vous pouvez voir le nombre de coups portés aux différentes parties du corps",
    "UI.Building.Title": "CONSTRUCTION",
    "UI.Building.Description": "Ici, vous pouvez voir les statistiques de construction",
    "UI.Stat.Value.Total": "Total : {0}",
    "UI.Stat.Value.Today": "Aujourd'hui : {0}",
    "UI.Stat.Value.KD": "Tués : {0} / Morts : {1}",
    "UI.Stat.Value.None": "Aucun",
    "UI.Stat.Value.Unknown": "Inconnu",
    "UI.Time.Years": "{0}a",
    "UI.Time.Months": "{0}m",
    "UI.Time.Days": "{0}j",
    "UI.Time.Hours": "{0}h",
    "UI.Time.Minutes": "{0}m",
    "UI.Time.Seconds": "{0}s",
    "MSG.Profile.Already.Loading": "Ce profil est déjà en cours de chargement, veuillez patienter.",
    "MSG.Profile.Wait.Before.Another": "Attendez un instant avant de charger un autre profil.",
    "UI.Leaderboard.Loading": "Chargement...",
    "Msg.Player.NotFound": "Statistiques du joueur introuvables",
    "Msg.Invalid.SteamID": "Format de Steam ID invalide",
    "Msg.Hide.Self.Hidden": "Vous êtes maintenant caché dans le classement",
    "Msg.Hide.Self.Visible": "Vous êtes maintenant visible dans le classement",
    "UI.Category.MY STATISTICS": "MES STATISTIQUES",
    "UI.Category.TOP 10 PLAYERS": "TOP 10 JOUEURS",
    "UI.Category.SEARCH": "RECHERCHE",
    "UI.Awards.TOP scorers": "MEILLEURS MARQUEURS",
    "UI.Awards.Place.Frontiersman Pack": "Pack Frontiersman",
    "UI.Awards.Place.Lumberjack Pack": "Pack Bûcheron",
    "UI.Awards.Place.Artic Pack": "Pack Arctique",
    "UI.Awards.Place.Abyss Pack": "Pack Abysse",
    "UI.Awards.Place.Retro Tool Cupboard": "Placard d'outils rétro",
    "UI.Awards.TOP killers": "MEILLEURS TUEURS",
    "UI.Awards.TOP time played": "MEILLEUR TEMPS JOUÉ",
    "UI.Tabs.GENERAL": "GÉNÉRAL",
    "UI.Field.Profile": "Profil",
    "UI.Field.name": "nom",
    "UI.Field.K/D": "T/M",
    "UI.Field.kd": "tm",
    "UI.Field.Time": "Temps",
    "UI.Field.current_playtime": "temps_de_jeu_actuel",
    "UI.Field.Longest Kill Distance": "Distance de tuerie la plus longue",
    "UI.Field.longest_kill_distance": "distance_de_tuerie_la_plus_longue",
    "UI.Field.Total Resources Gathered": "Total des ressources collectées",
    "UI.Field.total_resources": "total_des_ressources",
    "UI.Field.Favorite Resource": "Ressource préférée",
    "UI.Field.favorite_resource": "ressource_préférée",
    "UI.Field.Total Items Crafted": "Objets fabriqués au total",
    "UI.Field.total_items_crafted": "objets_fabriqués_au_total",
    "UI.Field.Structures Built": "Structures construites",
    "UI.Field.structures_built": "structures_construites",
    "UI.Field.Upgrades Performed": "Améliorations réalisées",
    "UI.Field.upgrades_performed": "améliorations_réalisées",
    "UI.Field.Favorite Building Material": "Matériau de construction préféré",
    "UI.Field.favorite_building_material": "matériau_de_construction_préféré",
    "UI.Field.Events Won": "Événements remportés",
    "UI.Field.events_won": "événements_remportés",
    "UI.Field.Favorite Event": "Événement préféré",
    "UI.Field.favorite_event": "événement_préféré",
    "UI.Column.EVENTS": "ÉVÉNEMENTS",
    "UI.Field.Convoy": "Convoi",
    "UI.Field.Sputnik": "Spoutnik",
    "UI.Field.Caravan": "Caravane",
    "UI.Field.GasStation": "Station essence",
    "UI.Field.GasStationEvent": "Événement station essence",
    "UI.Field.Air": "Aérien",
    "UI.Field.AirEvent": "Événement aérien",
    "UI.Field.SatDish": "Antenne parabolique",
    "UI.Field.SatDishEvent": "Événement antenne parabolique",
    "UI.Field.Triangulation": "Triangulation",
    "UI.Field.Water": "Eau",
    "UI.Field.WaterEvent": "Événement eau",
    "UI.Field.Harbor": "Port",
    "UI.Field.HarborEvent": "Événement port",
    "UI.Field.ArcticBase": "Base Arctique",
    "UI.Field.ArcticBaseEvent": "Événement base Arctique",
    "UI.Field.Junkyard": "Casse",
    "UI.Field.JunkyardEvent": "Événement casse",
    "UI.Field.Supermarket": "Supermarché",
    "UI.Field.SupermarketEvent": "Événement supermarché",
    "UI.Field.PowerPlant": "Centrale",
    "UI.Field.PowerPlantEvent": "Événement centrale",
    "UI.Field.Paintball Team": "Équipe Paintball",
    "UI.Field.PaintballTeam": "ÉquipePaintball",
    "UI.Field.Paintball FFA": "Paintball tous contre tous",
    "UI.Field.PaintballFFA": "PaintballFFA",
    "UI.Field.Survival Arena": "Arène de survie",
    "UI.Field.SurvivalArena": "ArèneSurvie",
    "UI.Field.Gun Game": "Jeu d'armes",
    "UI.Field.GunGame": "Jeud'Armes",
    "UI.Field.Zombie Infection": "Infection zombie",
    "UI.Field.ZombieInfection": "InfectionZombie",
    "UI.Field.Tugboat Pirates": "Pirates du remorqueur",
    "UI.Field.TugboatPirates": "PiratesRemorqueur",
    "UI.Tabs.RESOURCES": "RESSOURCES",
    "UI.Column.RESOURCES": "RESSOURCES",
    "UI.Field.Stone": "Pierre",
    "UI.Field.stones": "pierres",
    "UI.Field.Wood": "Bois",
    "UI.Field.wood": "bois",
    "UI.Field.Sulfur Ore": "Minerai de soufre",
    "UI.Field.sulfur.ore": "minerai_de_soufre",
    "UI.Field.Metal Ore": "Minerai de métal",
    "UI.Field.metal.ore": "minerai_de_métal",
    "UI.Field.High Quality Metal Ore": "Minerai de métal de haute qualité",
    "UI.Field.hq.metal.ore": "minerai_de_métal_HQ",
    "UI.Field.Leather": "Cuir",
    "UI.Field.leather": "cuir",
    "UI.Field.Bone Fragments": "Fragments d'os",
    "UI.Field.bone.fragments": "fragments_d'os",
    "UI.Field.Animal Fat": "Graisse animale",
    "UI.Field.fat.animal": "graisse_animale",
    "UI.Field.Scrap": "Ferraille",
    "UI.Field.scrap": "ferraille",
    "UI.Column.FARMING": "AGRICULTURE",
    "UI.Field.Hemp": "Chanvre",
    "UI.Field.hemp-collectable": "chanvre-collectable",
    "UI.Field.Blue Berry": "Baie bleue",
    "UI.Field.blue.berry": "baie_bleue",
    "UI.Field.Red Berry": "Baie rouge",
    "UI.Field.red.berry": "baie_rouge",
    "UI.Field.Yellow Berry": "Baie jaune",
    "UI.Field.yellow.berry": "baie_jaune",
    "UI.Field.Black Berry": "Baie noire",
    "UI.Field.black.berry": "baie_noire",
    "UI.Field.Green Berry": "Baie verte",
    "UI.Field.green.berry": "baie_verte",
    "UI.Field.White Berry": "Baie blanche",
    "UI.Field.white.berry": "baie_blanche",
    "UI.Field.Potato": "Pomme de terre",
    "UI.Field.potato": "pomme_de_terre",
    "UI.Field.Cloth": "Toile",
    "UI.Field.cloth": "toile",
    "UI.Field.Mushroom": "Champignon",
    "UI.Field.mushroom": "champignon",
    "UI.Field.Corn": "Maïs",
    "UI.Field.corn": "maïs",
    "UI.Field.Pumpkin": "Citrouille",
    "UI.Field.pumpkin": "citrouille",
    "UI.Field.Orchid": "Orchidée",
    "UI.Field.orchid": "orchidée",
    "UI.Field.Rose": "Rose",
    "UI.Field.rose": "rose",
    "UI.Field.Sunflower": "Tournesol",
    "UI.Field.sunflower": "tournesol",
    "UI.Field.Wheat": "Blé",
    "UI.Field.wheat": "blé",
    "UI.Column.MISC": "DIVERS",
    "UI.Field.Bears": "Ours",
    "UI.Field.bear": "ours",
    "UI.Field.Polar Bears": "Ours polaires",
    "UI.Field.polarbear": "ours_polaire",
    "UI.Field.Boars": "Sangliers",
    "UI.Field.boar": "sanglier",
    "UI.Field.Chicken": "Poulet",
    "UI.Field.chicken": "poulet",
    "UI.Field.Stag": "Cerf",
    "UI.Field.stag": "cerf",
    "UI.Field.Wolf": "Loup",
    "UI.Field.wolf2": "loup2",
    "UI.Field.Panther": "Panthère",
    "UI.Field.panther": "panthère",
    "UI.Field.Crocodile": "Crocodile",
    "UI.Field.crocodile": "crocodile",
    "UI.Field.Snake": "Serpent",
    "UI.Field.snake.entity": "serpent.entité",
    "UI.Field.Tiger": "Tigre",
    "UI.Field.tiger": "tigre",
    "UI.Field.Shark": "Requin",
    "UI.Field.simpleshark": "requin_simple",
    "UI.Field.Bradley": "Bradley",
    "UI.Field.bradleyapc": "bradleyapc",
    "UI.Field.Helicopter": "Hélicoptère",
    "UI.Field.helicopter": "hélicoptère",
    "UI.Field.Scientist": "Scientifique",
    "UI.Field.npc_underwaterdweller|scientistnpc_arena|scientistnpc_bradley|scientistnpc_bradley_heavy|scientistnpc_cargo|scientistnpc_cargo_turret_any|scientistnpc_cargo_turret_lr300|scientistnpc_ch47_gunner|scientistnpc_excavator|scientistnpc_full_any|scientistnpc_full_lr300|scientistnpc_full_mp5|scientistnpc_full_pistol|scientistnpc_full_shotgun|scientistnpc_junkpile_pistol|scientistnpc_oilrig|scientistnpc_patrol|scientistnpc_patrol_arctic|scientistnpc_peacekeeper|scientistnpc_roam|scientistnpc_roam_nvg_variant|scientistnpc_roamtethered": "npc_underwaterdweller|scientistnpc_arena|scientistnpc_bradley|scientistnpc_bradley_heavy|scientistnpc_cargo|scientistnpc_cargo_turret_any|scientistnpc_cargo_turret_lr300|scientistnpc_ch47_gunner|scientistnpc_excavator|scientistnpc_full_any|scientistnpc_full_lr300|scientistnpc_full_mp5|scientistnpc_full_pistol|scientistnpc_full_shotgun|scientistnpc_junkpile_pistol|scientistnpc_oilrig|scientistnpc_patrol|scientistnpc_patrol_arctic|scientistnpc_peacekeeper|scientistnpc_roam|scientistnpc_roam_nvg_variant|scientistnpc_roamtethered",
    "UI.Field.Heavy Scientist": "Scientifique lourds",
    "UI.Field.scientistnpc_heavy": "scientistnpc_heavy",
    "UI.Field.Tunnel Dweller": "Habitant du tunnel",
    "UI.Field.npc_tunneldweller|npc_tunneldwellerspawned": "npc_tunneldweller|npc_tunneldwellerspawned",
    "UI.Field.Underwater Lab Dweller": "Habitant du laboratoire sous-marin",
    "UI.Field.npc_underwaterdweller": "npc_underwaterdweller",
    "UI.Column.RAID": "RAID",
    "UI.Field.Satchel": "Sacoche (explosive)",
    "UI.Field.explosive.satchel": "explosive.satchel",
    "UI.Field.Molotov": "Molotov",
    "UI.Field.grenade.molotov": "grenade.molotov",
    "UI.Field.Flashbang": "Grenade éclair",
    "UI.Field.grenade.flashbang": "grenade.flashbang",
    "UI.Field.Survey Charge": "Charge d’exploration",
    "UI.Field.surveycharge": "surveycharge",
    "UI.Field.Grenade": "Grenade",
    "UI.Field.grenade.f1": "grenade.f1",
    "UI.Field.Beancan": "Bombe conserve de haricots",
    "UI.Field.grenade.beancan": "grenade.beancan",
    "UI.Field.Rocket": "Roquette",
    "UI.Field.ammo.rocket.basic": "ammo.rocket.basic",
    "UI.Field.Incendiary Rocket": "Roquette incendiaire",
    "UI.Field.ammo.rocket.fire": "ammo.rocket.fire",
    "UI.Field.Rocket HV": "Roquette haute vitesse",
    "UI.Field.ammo.rocket.hv": "ammo.rocket.hv",
    "UI.Field.Explosive 5.56 Rifle Ammo": "Munitions de fusil 5.56 explosives",
    "UI.Field.ammo.rifle.explosive": "ammo.rifle.explosive",
    "UI.Field.GL HE": "GL HE",
    "UI.Field.ammo.grenadelauncher.he": "ammo.grenadelauncher.he",
    "UI.Field.C4": "C4",
    "UI.Field.explosive.timed": "explosive.timed",
    "UI.Field.MLRS Rocket": "Roquette MLRS",
    "UI.Field.ammo.rocket.mlrs": "ammo.rocket.mlrs",
    "UI.Column.RECYCLED": "RECYCLÉ",
    "UI.Field.Propane Tanks": "Bonbonne de propane",
    "UI.Field.propanetank": "bonbonne_de_propane",
    "UI.Field.Gears": "Engrenages",
    "UI.Field.gears": "engrenages",
    "UI.Field.Metal Pipe": "Tuyau métallique",
    "UI.Field.metalpipe": "tuyau_métallique",
    "UI.Field.Rifle Body": "Corps de fusil",
    "UI.Field.riflebody": "corps_de_fusil",
    "UI.Field.Semi Body": "Corps semi-automatique",
    "UI.Field.semibody": "corps_semi_automatique",
    "UI.Field.Metal Springs": "Ressorts métalliques",
    "UI.Field.metalspring": "ressorts_métalliques",
    "UI.Field.Road Signs": "Panneaux routiers",
    "UI.Field.roadsigns": "panneaux_routiers",
    "UI.Field.Sewing Kits": "Kits de couture",
    "UI.Field.sewingkit": "kits_de_couture",
    "UI.Field.Tarp": "Bâche",
    "UI.Field.tarp": "bâche",
    "UI.Field.Rope": "Corde",
    "UI.Field.rope": "corde",
    "UI.Field.Sheet Metal": "Tôle",
    "UI.Field.sheetmetal": "tôle",
    "UI.Field.Fuse": "Fusible",
    "UI.Field.fuse": "fusible",
    "UI.Field.Metal Blade": "Lame métallique",
    "UI.Field.metalblade": "lame_métallique",
    "UI.Field.SMG Body": "Corps de PM",
    "UI.Field.smgbody": "corps_de_PM",
    "UI.Field.Tech Parts": "Pièces techniques",
    "UI.Field.techparts": "pièces_techniques",
    "UI.Field.Targeting Computer": "Ordinateur de ciblage",
    "UI.Field.targeting.computer": "ordinateur_de_ciblage",
    "UI.Field.CCTV Camera": "Caméra de sécurité",
    "UI.Field.cctv.camera": "caméra_de_sécurité",
    "UI.Column.FIRED": "TIRÉ",
    "UI.Field.Pistol": "Pistolet",
    "UI.Field.ammo.pistol": "ammo.pistol",
    "UI.Field.Pistol Incendiary": "Pistolet incendiaire",
    "UI.Field.ammo.pistol.fire": "ammo.pistol.fire",
    "UI.Field.Pistol HV": "Pistolet haute vitesse",
    "UI.Field.ammo.pistol.hv": "ammo.pistol.hv",
    "UI.Field.Nailguns": "Pistolets à clous",
    "UI.Field.ammo.nailgun.nails": "ammo.nailgun.nails",
    "UI.Field.Rifle": "Fusil",
    "UI.Field.ammo.rifle": "ammo.rifle",
    "UI.Field.Rifle HV": "Fusil haute vitesse",
    "UI.Field.ammo.rifle.hv": "ammo.rifle.hv",
    "UI.Field.Rifle Incendiary": "Fusil incendiaire",
    "UI.Field.ammo.rifle.incendiary": "ammo.rifle.incendiary",
    "UI.Field.HandMades": "Fabrication maison",
    "UI.Field.ammo.handmade.shell": "ammo.handmade.shell",
    "UI.Field.GL Buckshot": "GL Tirs à la chevrotine",
    "UI.Field.ammo.grenadelauncher.buckshot": "ammo.grenadelauncher.buckshot",
    "UI.Field.Shotgun Slug": "Balle de fusil à pompe",
    "UI.Field.ammo.shotgun.slug": "ammo.shotgun.slug",
    "UI.Field.Shotgun Fire": "Fusil à pompe incendiaire",
    "UI.Field.ammo.shotgun.fire": "ammo.shotgun.fire",
    "UI.Field.Shotgun": "Fusil à pompe",
    "UI.Field.ammo.shotgun": "ammo.shotgun",
    "UI.Field.SnowBall": "Boule de neige",
    "UI.Field.snowball": "boule_de_neige",
    "UI.Field.Wooden Arrow": "Flèche en bois",
    "UI.Field.arrow.wooden": "flèche_en_bois",
    "UI.Field.Fire Arrow": "Flèche enflammée",
    "UI.Field.arrow.fire": "flèche_enflammée",
    "UI.Field.Bone Arrow": "Flèche en os",
    "UI.Field.arrow.bone": "flèche_en_os",
    "UI.Field.High Velocity Arrow": "Flèche haute vitesse",
    "UI.Field.arrow.hv": "flèche_haute_vitesse",
    "UI.Column.FISHING": "PÊCHE",
    "UI.Field.Anchovy": "Anchois",
    "UI.Field.fish.anchovy": "poisson.anchois",
    "UI.Field.Catfish": "Poisson-chat",
    "UI.Field.fish.catfish": "poisson.poisson_chat",
    "UI.Field.Herring": "Harengs",
    "UI.Field.fish.herring": "poisson.harengs",
    "UI.Field.Orange Roughy": "Orange roughy",
    "UI.Field.fish.orangeroughy": "poisson.orange_roughy",
    "UI.Field.Salmon": "Saumon",
    "UI.Field.fish.salmon": "poisson.saumon",
    "UI.Field.Sardine": "Sardine",
    "UI.Field.fish.sardine": "poisson.sardine",
    "UI.Field.Small Shark": "Petit requin",
    "UI.Field.fish.smallshark": "poisson.petit_requin",
    "UI.Field.Small Trout": "Petite truite",
    "UI.Field.fish.troutsmall": "poisson.petite_truite",
    "UI.Field.Yellow Perch": "Perche jaune",
    "UI.Field.fish.yellowperch": "poisson.perche_jaune",
    "UI.Field.Minnows": "Vairons",
    "UI.Field.fish.minnows": "poisson.vairons",
    "UI.Column.CRAFTED": "CRAFTÉ",
    "UI.Field.Garage Door": "Porte de garage",
    "UI.Field.wall.frame.garagedoor": "mur.cadre.porte_de_garage",
    "UI.Field.Sheet Metal Double Door": "Porte double en métal",
    "UI.Field.door.double.hinged.metal": "porte.double.charnière.métal",
    "UI.Field.Armored Double Door": "Porte double blindée",
    "UI.Field.door.double.hinged.toptier": "porte.double.charnière.blindée",
    "UI.Field.Wood Double Door": "Porte double en bois",
    "UI.Field.door.double.hinged.wood": "porte.double.charnière.bois",
    "UI.Field.Sheet Metal Door": "Porte en métal",
    "UI.Field.door.hinged.metal": "porte.charnière.métal",
    "UI.Field.Armored Door": "Porte blindée",
    "UI.Field.door.hinged.toptier": "porte.charnière.blindée",
    "UI.Field.Wood Door": "Porte en bois",
    "UI.Field.door.hinged.wood": "porte.charnière.bois",
    "UI.Field.Large Wood Box": "Grande boîte en bois",
    "UI.Field.box.wooden.large": "boîte.bois.grande",
    "UI.Field.Wood Storage Box": "Boîte de rangement en bois",
    "UI.Field.box.wooden": "boîte.bois",
    "UI.Field.Flame Turret": "Tourelle à flamme",
    "UI.Field.flameturret": "tourelle.flamme",
    "UI.Field.Shotgun Trap": "Piège à fusil à pompe",
    "UI.Field.guntrap": "piège.fusil",
    "UI.Field.Auto Turret": "Tourelle automatique",
    "UI.Field.autoturret": "tourelle.auto",
    "UI.Field.Code Lock": "Cadenas à code",
    "UI.Field.lock.code": "cadenas.code",
    "UI.Field.Key Lock": "Serrure à clé",
    "UI.Field.lock.key": "serrure.clé",
    "UI.Field.Wooden Ladder": "Échelle en bois",
    "UI.Field.ladder.wooden.wall": "échelle.bois.mur",
    "UI.Field.Medical Syringe": "Seringue médicale",
    "UI.Field.syringe.medical": "seringue.médicale",
    "UI.Field.Bandage": "Bandage",
    "UI.Field.bandage": "bandage",
    "UI.Field.Large Medkit": "Grand kit de secours",
    "UI.Field.largemedkit": "grand_kit_secours",
    "UI.Field.Rocket Launcher": "Lance-roquettes",
    "UI.Field.rocket.launcher": "lance.roquettes",
    "UI.Field.HV Rocket": "Roquette haute vitesse",
    "UI.Field.Explosives": "Explosifs",
    "UI.Field.explosives": "explosifs",
    "UI.Field.Gun Powder": "Poudre à canon",
    "UI.Field.gunpowder": "poudre.à.canon",
    "UI.Field.Low Grade Fuel": "Carburant de basse qualité",
    "UI.Field.lowgradefuel": "carburant.basse.qualité",
    "UI.Column.LOOTED": "PILLÉ",
    "UI.Field.Normal Crate": "Caisse normale",
    "UI.Field.crate_normal_2": "caisse_normale_2",
    "UI.Field.Basic Crate": "Caisse basique",
    "UI.Field.crate_basic": "caisse_basique",
    "UI.Field.Elite Crate": "Caisse d'élite",
    "UI.Field.crate_elite": "caisse_d'élite",
    "UI.Field.Military Crate": "Caisse militaire",
    "UI.Field.crate_normal": "caisse_normale",
    "UI.Field.Tools Crate": "Caisse à outils",
    "UI.Field.crate_tools": "caisse_à_outils",
    "UI.Field.Supply Drop": "Largage de ravitaillement",
    "UI.Field.supply_drop": "largage_ravitaillement",
    "UI.Field.Locked Crate": "Caisse verrouillée",
    "UI.Field.codelockedhackablecrate|codelockedhackablecrate_oilrig": "codelockedhackablecrate|codelockedhackablecrate_oilrig",
    "UI.Tabs.BUILDING": "CONSTRUCTION",
    "UI.Tabs.HITRATE": "TAUX DE PRÉCISION",
    "UI.Field.Head kills": "Tirs à la tête",
    "UI.Field.HEAD": "TÊTE",
    "UI.Leaderboard.Column.Nickname": "Surnom",
    "UI.Leaderboard.Column.Kills": "Éliminations",
    "UI.Leaderboard.Column.Deaths": "Morts",
    "UI.Leaderboard.Column.KDR": "Ratio É/M",
    "UI.Leaderboard.Column.NPC Kills": "Éliminations NPC",
    "UI.Leaderboard.Column.Total online": "Total en ligne",
    "UI.Leaderboard.Column.Scores": "Scores",
    "UI.BodyParts.HEAD": "TÊTE",
    "UI.BodyParts.ARM": "BRAS",
    "UI.BodyParts.CHEST": "POITRINE",
    "UI.BodyParts.HIP": "HANCHE",
    "UI.BodyParts.BODY": "CORPS",
    "UI.BodyParts.NECK": "COU",
    "UI.Building.wall.frame_twigs": "MUR.CADRE- BRANCHES",
    "UI.Grade.twigs": "BRANCHES",
    "UI.Building.wall.frame_wood": "MUR.CADRE- BOIS",
    "UI.Grade.wood": "BOIS",
    "UI.Building.wall.frame_stone": "MUR.CADRE- PIERRE",
    "UI.Grade.stone": "PIERRE",
    "UI.Building.wall.frame_metal": "MUR.CADRE- MÉTAL",
    "UI.Grade.metal": "MÉTAL",
    "UI.Building.wall.frame_toptier": "MUR.CADRE- HAUT NIVEAU",
    "UI.Grade.toptier": "HAUT NIVEAU",
    "UI.Building.wall.frame_count": "MUR.CADRE- COMPTE",
    "UI.Grade.count": "COMPTE",
    "UI.Building.wall.frame_none": "MUR.CADRE- AUCUN",
    "UI.Grade.none": "AUCUN",
    "UI.Building.block.stair.ushape_twigs": "BLOC.ESCALIER.U-FORME- BRANCHES",
    "UI.Building.block.stair.ushape_wood": "BLOC.ESCALIER.U-FORME- BOIS",
    "UI.Building.block.stair.ushape_stone": "BLOC.ESCALIER.U-FORME- PIERRE",
    "UI.Building.block.stair.ushape_metal": "BLOC.ESCALIER.U-FORME- MÉTAL",
    "UI.Building.block.stair.ushape_toptier": "BLOC.ESCALIER.U-FORME- HAUT NIVEAU",
    "UI.Building.block.stair.ushape_count": "BLOC.ESCALIER.U-FORME- COMPTE",
    "UI.Building.block.stair.ushape_none": "BLOC.ESCALIER.U-FORME- AUCUN",
    "UI.Building.roof_twigs": "TOITURE- BRANCHES",
    "UI.Building.roof_wood": "TOITURE- BOIS",
    "UI.Building.roof_stone": "TOITURE- PIERRE",
    "UI.Building.roof_metal": "TOITURE- MÉTAL",
    "UI.Building.roof_toptier": "TOITURE- HAUT NIVEAU",
    "UI.Building.roof_count": "TOITURE- COMPTE",
    "UI.Building.roof_none": "TOITURE- AUCUN",
    "UI.Building.wall.window_twigs": "MUR.FENÊTRE- BRANCHES",
    "UI.Building.wall.window_wood": "MUR.FENÊTRE- BOIS",
    "UI.Building.wall.window_stone": "MUR.FENÊTRE- PIERRE",
    "UI.Building.wall.window_metal": "MUR.FENÊTRE- MÉTAL",
    "UI.Building.wall.window_toptier": "MUR.FENÊTRE- HAUT NIVEAU",
    "UI.Building.wall.window_count": "MUR.FENÊTRE- COMPTE",
    "UI.Building.wall.window_none": "MUR.FENÊTRE- AUCUN",
    "UI.Building.floor.triangle.frame_twigs": "PLANCHER.TRINGLE.CADRE- BRANCHES",
    "UI.Building.floor.triangle.frame_wood": "PLANCHER.TRINGLE.CADRE- BOIS",
    "UI.Building.floor.triangle.frame_stone": "PLANCHER.TRINGLE.CADRE- PIERRE",
    "UI.Building.floor.triangle.frame_metal": "PLANCHER.TRINGLE.CADRE- MÉTAL",
    "UI.Building.floor.triangle.frame_toptier": "PLANCHER.TRINGLE.CADRE- HAUT NIVEAU",
    "UI.Building.floor.triangle.frame_count": "PLANCHER.TRINGLE.CADRE- COMPTE",
    "UI.Building.floor.triangle.frame_none": "PLANCHER.TRINGLE.CADRE- AUCUN",
    "UI.Building.wall.low_twigs": "MUR.BAS- BRANCHES",
    "UI.Building.wall.low_wood": "MUR.BAS- BOIS",
    "UI.Building.wall.low_stone": "MUR.BAS- PIERRE",
    "UI.Building.wall.low_metal": "MUR.BAS- MÉTAL",
    "UI.Building.wall.low_toptier": "MUR.BAS- HAUT NIVEAU",
    "UI.Building.wall.low_count": "MUR.BAS- COMPTE",
    "UI.Building.wall.low_none": "MUR.BAS- AUCUN",
    "UI.Building.wall.half_twigs": "MUR.DEMI- BRANCHES",
    "UI.Building.wall.half_wood": "MUR.DEMI- BOIS",
    "UI.Building.wall.half_stone": "MUR.DEMI- PIERRE",
    "UI.Building.wall.half_metal": "MUR.DEMI- MÉTAL",
    "UI.Building.wall.half_toptier": "MUR.DEMI- HAUT NIVEAU",
    "UI.Building.wall.half_count": "MUR.DEMI- COMPTE",
    "UI.Building.wall.half_none": "MUR.DEMI- AUCUN",
    "UI.Building.roof.triangle_twigs": "TOITURE.TRINGLE- BRANCHES",
    "UI.Building.roof.triangle_wood": "TOITURE.TRINGLE- BOIS",
    "UI.Building.roof.triangle_stone": "TOITURE.TRINGLE- PIERRE",
    "UI.Building.roof.triangle_metal": "TOITURE.TRINGLE- MÉTAL",
    "UI.Building.roof.triangle_toptier": "TOITURE.TRINGLE- HAUT NIVEAU",
    "UI.Building.roof.triangle_count": "TOITURE.TRINGLE- COMPTE",
    "UI.Building.roof.triangle_none": "TOITURE.TRINGLE- AUCUN",
    "UI.Building.foundation.steps_twigs": "FONDATION.MARCHES- BRANCHES",
    "UI.Building.foundation.steps_wood": "FONDATION.MARCHES- BOIS",
    "UI.Building.foundation.steps_stone": "FONDATION.MARCHES- PIERRE",
    "UI.Building.foundation.steps_metal": "FONDATION.MARCHES- MÉTAL",
    "UI.Building.foundation.steps_toptier": "FONDATION.MARCHES- HAUT NIVEAU",
    "UI.Building.foundation.steps_count": "FONDATION.MARCHES- COMPTE",
    "UI.Building.foundation.steps_none": "FONDATION.MARCHES- AUCUN",
    "UI.Building.floor_twigs": "PLANCHER- BRANCHES",
    "UI.Building.floor_wood": "PLANCHER- BOIS",
    "UI.Building.floor_stone": "PLANCHER- PIERRE",
    "UI.Building.floor_metal": "PLANCHER- MÉTAL",
    "UI.Building.floor_toptier": "PLANCHER- HAUT NIVEAU",
    "UI.Building.floor_count": "PLANCHER- COMPTE",
    "UI.Building.floor_none": "PLANCHER- AUCUN",
    "UI.Building.ramp_twigs": "RAMP- BRANCHES",
    "UI.Building.ramp_wood": "RAMP- BOIS",
    "UI.Building.ramp_stone": "RAMP- PIERRE",
    "UI.Building.ramp_metal": "RAMP- MÉTAL",
    "UI.Building.ramp_toptier": "RAMP- HAUT NIVEAU",
    "UI.Building.ramp_count": "RAMP- COMPTE",
    "UI.Building.ramp_none": "RAMP- AUCUN",
    "UI.Building.wall_twigs": "MUR- BRANCHES",
    "UI.Building.wall_wood": "MUR- BOIS",
    "UI.Building.wall_stone": "MUR- PIERRE",
    "UI.Building.wall_metal": "MUR- MÉTAL",
    "UI.Building.wall_toptier": "MUR- HAUT NIVEAU",
    "UI.Building.wall_count": "MUR- COMPTE",
    "UI.Building.wall_none": "MUR- AUCUN",
    "UI.Building.wall.doorway_twigs": "MUR.PORTE- BRANCHES",
    "UI.Building.wall.doorway_wood": "MUR.PORTE- BOIS",
    "UI.Building.wall.doorway_stone": "MUR.PORTE- PIERRE",
    "UI.Building.wall.doorway_metal": "MUR.PORTE- MÉTAL",
    "UI.Building.wall.doorway_toptier": "MUR.PORTE- HAUT NIVEAU",
    "UI.Building.wall.doorway_count": "MUR.PORTE- COMPTE",
    "UI.Building.wall.doorway_none": "MUR.PORTE- AUCUN",
    "UI.Building.block.stair.lshape_twigs": "BLOC.ESCALIER.L-FORME- BRANCHES",
    "UI.Building.block.stair.lshape_wood": "BLOC.ESCALIER.L-FORME- BOIS",
    "UI.Building.block.stair.lshape_stone": "BLOC.ESCALIER.L-FORME- PIERRE",
    "UI.Building.block.stair.lshape_metal": "BLOC.ESCALIER.L-FORME- MÉTAL",
    "UI.Building.block.stair.lshape_toptier": "BLOC.ESCALIER.L-FORME- HAUT NIVEAU",
    "UI.Building.block.stair.lshape_count": "BLOC.ESCALIER.L-FORME- COMPTE",
    "UI.Building.block.stair.lshape_none": "BLOC.ESCALIER.L-FORME- AUCUN",
    "UI.Building.foundation.triangle_twigs": "FONDATION.TRINGLE- BRANCHES",
    "UI.Building.foundation.triangle_wood": "FONDATION.TRINGLE- BOIS",
    "UI.Building.foundation.triangle_stone": "FONDATION.TRINGLE- PIERRE",
    "UI.Building.foundation.triangle_metal": "FONDATION.TRINGLE- MÉTAL",
    "UI.Building.foundation.triangle_toptier": "FONDATION.TRINGLE- HAUT NIVEAU",
    "UI.Building.foundation.triangle_count": "FONDATION.TRINGLE- COMPTE",
    "UI.Building.foundation.triangle_none": "FONDATION.TRINGLE- AUCUN",
    "UI.Building.floor.triangle_twigs": "PLANCHER.TRINGLE- BRANCHES",
    "UI.Building.floor.triangle_wood": "PLANCHER.TRINGLE- BOIS",
    "UI.Building.floor.triangle_stone": "PLANCHER.TRINGLE- PIERRE",
    "UI.Building.floor.triangle_metal": "PLANCHER.TRINGLE- MÉTAL",
    "UI.Building.floor.triangle_toptier": "PLANCHER.TRINGLE- HAUT NIVEAU",
    "UI.Building.floor.triangle_count": "PLANCHER.TRINGLE- COMPTE",
    "UI.Building.floor.triangle_none": "PLANCHER.TRINGLE- AUCUN",
    "UI.Building.floor.frame_twigs": "PLANCHER.CADRE- BRANCHES",
    "UI.Building.floor.frame_wood": "PLANCHER.CADRE- BOIS",
    "UI.Building.floor.frame_stone": "PLANCHER.CADRE- PIERRE",
    "UI.Building.floor.frame_metal": "PLANCHER.CADRE- MÉTAL",
    "UI.Building.floor.frame_toptier": "PLANCHER.CADRE- HAUT NIVEAU",
    "UI.Building.floor.frame_count": "PLANCHER.CADRE- COMPTE",
    "UI.Building.floor.frame_none": "PLANCHER.CADRE- AUCUN",
    "UI.Building.foundation_twigs": "FONDATION- BRANCHES",
    "UI.Building.foundation_wood": "FONDATION- BOIS",
    "UI.Building.foundation_stone": "FONDATION- PIERRE",
    "UI.Building.foundation_metal": "FONDATION- MÉTAL",
    "UI.Building.foundation_toptier": "FONDATION- HAUT NIVEAU",
    "UI.Building.foundation_count": "FONDATION- COMPTE",
    "UI.Building.foundation_none": "FONDATION- AUCUN",
    "UI.Building.block.stair.spiral_twigs": "BLOC.ESCALIER.SPIRAL- BRANCHES",
    "UI.Building.block.stair.spiral_wood": "BLOC.ESCALIER.SPIRAL- BOIS",
    "UI.Building.block.stair.spiral_stone": "BLOC.ESCALIER.SPIRAL- PIERRE",
    "UI.Building.block.stair.spiral_metal": "BLOC.ESCALIER.SPIRAL- MÉTAL",
    "UI.Building.block.stair.spiral_toptier": "BLOC.ESCALIER.SPIRAL- HAUT NIVEAU",
    "UI.Building.block.stair.spiral_count": "BLOC.ESCALIER.SPIRAL- COMPTE",
    "UI.Building.block.stair.spiral_none": "BLOC.ESCALIER.SPIRAL- AUCUN",
    "UI.Building.block.stair.spiral.triangle_twigs": "BLOC.ESCALIER.SPIRAL.TRINGLE- BRANCHES",
    "UI.Building.block.stair.spiral.triangle_wood": "BLOC.ESCALIER.SPIRAL.TRINGLE- BOIS",
    "UI.Building.block.stair.spiral.triangle_stone": "BLOC.ESCALIER.SPIRAL.TRINGLE- PIERRE",
    "UI.Building.block.stair.spiral.triangle_metal": "BLOC.ESCALIER.SPIRAL.TRINGLE- MÉTAL",
    "UI.Building.block.stair.spiral.triangle_toptier": "BLOC.ESCALIER.SPIRAL.TRINGLE- HAUT NIVEAU",
    "UI.Building.block.stair.spiral.triangle_count": "BLOC.ESCALIER.SPIRAL.TRINGLE- COMPTE",
    "UI.Building.block.stair.spiral.triangle_none": "BLOC.ESCALIER.SPIRAL.TRINGLE- AUCUN"
}
