{
    "Store": "<color=#838383>[</color><color=#f7432a>BestRust Servers</color><color=#838383>]</color> متجرنا سهل الاستخدام جداً، يمكنك شراء <color=#f5e942>رتب VIP وKits</color> بـ <color=#f5e942>سعر يبدأ من 1€</color> وستحصل عليها فوراً. \nيمكنك الدفع عبر <color=#ff7763>جميع طرق الدفع</color>، حتى عبر <color=#f5e942>Rust skins</color> و<color=#f5e942>الكريبتو</color>. استخدم <color=#f7432a>/kit</color> وتفقد الـ kits.\n\nتشمل فوائد VIP <color=#ff7763>Kits</color>، <color=#ff7763>تخطي خط الانتظار</color>، <color=#ff7763>Skinbox</color>، <color=#ff7763>البدا مع صحة وماء وطعام أكثر</color> و<color=#ff7763>الكثير من المزايا</color>، لذا تأكد من زيارة متجرنا!\n\nشكرًا لكل من يدعم سيرفراتنا ويساعدنا في الحفاظ عليها وتشغيلها!\n\n<color=#ff5c45>https://store.bestrustservers.com/</color>",
    "Splits": "<color=#838383>[</color><color=#f7432a>BestRust Servers</color><color=#838383>]</color> Get <color=#f5e942>Multiple Very OP kit rewards</color> for depositing on splits.gg with the <color=#f5e942>BESTRUST code</color>. </color>Check <color=#ff5c45>/kit</color> for the rewards and make sure you use the <color=#f5e942>BESTRUST code</color> when you deposit on splits.gg",
    "PlaytimeRewards": "<color=#838383>[</color><color=#f7432a>BestRust Servers</color><color=#838383>]</color> يمكنك كسب <color=#7dda58>kits مجانية</color> و<color=#e1c05f>مكافآت</color> من خلال الوصول إلى وقت لعب معين على سيرفرات BestRust.\n\nيمكنك التحقق من وقت لعبك وقراءة المزيد من المعلومات باستخدام أمر <color=#ff5c45>/playtime</color>.",
    "Store2": "<color=#838383>[</color><color=#f7432a>BestRust Servers</color><color=#838383>]</color> متجرنا سهل الاستخدام جداً، يمكنك شراء <color=#f5e942>رتب VIP وKits</color> بـ <color=#f5e942>سعر يبدأ من 1€</color> وستحصل عليها فوراً. \nيمكنك الدفع عبر <color=#ff7763>جميع طرق الدفع</color>، حتى عبر <color=#f5e942>Rust skins</color> و<color=#f5e942>الكريبتو</color>. استخدم <color=#f7432a>/kit</color> وتفقد الـ kits.\n\nتشمل فوائد VIP <color=#ff7763>Kits</color>، <color=#ff7763>تخطي خط الانتظار</color>، <color=#ff7763>Skinbox</color>، <color=#ff7763>البدا مع صحة وماء وطعام أكثر</color> و<color=#ff7763>الكثير من المزايا</color>، لذا تأكد من زيارة متجرنا!\n\nشكرًا لكل من يدعم سيرفراتنا ويساعدنا في الحفاظ عليها وتشغيلها!\n\n<color=#ff5c45>https://store.bestrustservers.com/</color>",
    "Splits2": "<color=#838383>[</color><color=#f7432a>BestRust Servers</color><color=#838383>]</color> Get <color=#f5e942>3 free high value rust skins and a free kit</color> by using the <color=#f5e942>BESTRUST code</color>on splits.gg",
    "Staff": "<color=#838383>[</color><color=#f7432a>BestRust Servers</color><color=#838383>]</color> هل ترغب في كسب <color=#f5e942>VIP مجاناً أو أموال حقيقية أو skins</color>؟\nنحن نبحث عن أعضاء جدد في الادارة يمكنك التقديم لمنصب <color=#7dda58>Moderator</color>، <color=#da5a5a>Admin</color>، <color=#cc6ce7>مدير المجتمع</color> أو <color=#d49a17>منشئ المحتوى</color>.\n\nإذا كنت مهتمًا، قم بزيارة قناة #open-applications على ديسكورد الخاص بنا: <color=#ff5c45>discord.gg/bestrustservers</color>",
    "Store3": "<color=#838383>[</color><color=#f7432a>BestRust Servers</color><color=#838383>]</color> متجرنا سهل الاستخدام جداً، يمكنك شراء <color=#f5e942>رتب VIP وKits</color> بـ <color=#f5e942>سعر يبدأ من 1€</color> وستحصل عليها فوراً. \nيمكنك الدفع عبر <color=#ff7763>جميع طرق الدفع</color>، حتى عبر <color=#f5e942>Rust skins</color> و<color=#f5e942>الكريبتو</color>. استخدم <color=#f7432a>/kit</color> وتفقد الـ kits.\n\nتشمل فوائد VIP <color=#ff7763>Kits</color>، <color=#ff7763>تخطي خط الانتظار</color>، <color=#ff7763>Skinbox</color>، <color=#ff7763>البدا مع صحة وماء وطعام أكثر</color> و<color=#ff7763>الكثير من المزايا</color>، لذا تأكد من زيارة متجرنا!\n\nشكرًا لكل من يدعم سيرفراتنا ويساعدنا في الحفاظ عليها وتشغيلها!\n\n<color=#ff5c45>https://store.bestrustservers.com/</color>",
    "Splits3": "<color=#838383>[</color><color=#f7432a>BestRust Servers</color><color=#838383>]</color> Get <color=#f5e942>Multiple Very OP kit rewards</color> for depositing on splits.gg with the <color=#f5e942>BESTRUST code</color>. </color>Check <color=#ff5c45>/kit</color> for the rewards and make sure you use the <color=#f5e942>BESTRUST code</color> when you deposit on splits.gg",
    "Discord": "<color=#838383>[</color><color=#f7432a>BestRust Servers</color><color=#838383>]</color> إذا كنت بحاجة إلى مساعدة أو ترغب في الإبلاغ عن لاعب، يرجى فتح تذكرة على ديسكورد الخاص بنا. نحن دائمًا سعداء بمساعدتك! <color=#ff5c45>discord.gg/bestrustservers</color>"
}
