{
    "Playtime": "<color=#838383>[</color><color=#f7432a>BestRust Servers</color><color=#838383>]</color> يمكنك الحصول على <color=#7dda58>تخطي طابور الانتظار</color> عند وصولك إلى وقت لعب معين على سيرفراتناBestRust.\n\n يمكنك التحقق من وقت لعبك في سيرفراتنا وقراءة المزيد من المعلومات باستخدام الأمر <color=#ff5c45>/playtime</color>.",
    "RustMagic": "<color=#838383>[</color><color=#f7432a>BestRust Servers</color><color=#838383>]</color> احصل على <color=#f5e942>3 سكنات مجانية ذات قيمة عالية في Rust</color> هنا باستخدام <color=#f5e942>الرمز BESTRUST</color>: https://splits.gg/r/BESTRUST",
    "Store": "<color=#838383>[</color><color=#f7432a>BestRust Servers</color><color=#838383>]</color> يمكنك شراء <color=#f5e942>VIP - تخطي طابور الانتظار مقابل 1€ فقط</color>، تفقد متجرنا! اضغط على عرض الصفحة للوصول إلى متجرنا.<color=#ff5c45>https://store.bestrustservers.com/</color>",
    "Staff": "<color=#838383>[</color><color=#f7432a>BestRust Servers</color><color=#838383>]</color> هل ترغب في الحصول على <color=#f5e942>VIP مجاني، أموال حقيقية أو سكنات</color>؟\nنحن نبحث عن أعضاء جدد لفريق الادارة  يمكنك التقدم لمنصب <color=#7dda58>مشرف</color>، <color=#da5a5a>مدير</color>، <color=#cc6ce7>مدير مجتمع</color> أو <color=#d49a17>صانع محتوى</color>.\n\nإذا كنت مهتمًا، تفضل بزيارة قناة #open-applications على ديسكورد الخاص بنا: <color=#ff5c45>discord.gg/bestrustservers</color>",
    "RustMagic2": "<color=#838383>[</color><color=#f7432a>BestRust Servers</color><color=#838383>]</color> احصل على <color=#f5e942>3 سكنات مجانية ذات قيمة عالية في Rust</color> هنا باستخدام <color=#f5e942>الرمز BESTRUST</color>: https://splits.gg/r/BESTRUST",
    "Store2": "<color=#838383>[</color><color=#f7432a>BestRust Servers</color><color=#838383>]</color> يمكنك شراء <color=#f5e942>VIP - تخطي طابور الانتظار مقابل 1€ فقط</color>، تفقد متجرنا! اضغط على عرض الصفحة للوصول إلى متجرنا.<color=#ff5c45>https://store.bestrustservers.com/</color>",
    "Discord": "<color=#838383>[</color><color=#f7432a>BestRust Servers</color><color=#838383>]</color> إذا كنت بحاجة إلى مساعدة أو ترغب في الإبلاغ عن لاعب، يرجى فتح تذكرة على ديسكورد الخاص بنا. نحن دائمًا سعداء لمساعدتك! <color=#ff5c45>discord.gg/bestrustservers</color>"
}