{
  "Prefix": "<color=#D85540>[مشاركة المخطوطات]</color> ",
  "ArgumentsError": "استخدام الأمر غير صحيح. حاول <color=#ffff00>/bs help</color>.",
  "Help": "<color=#D85540>أوامر مشاركة المخطوطات:</color>\n<color=#D85540>/bs toggle</color> - تبديل مشاركة المخطوطات التلقائية\n<color=#D85540>/bs share <player></color> - شارك المخطوطات التي تعلمتها مع لاعب\n<color=#D85540>/bs show <team|clan|friend> [name]</color> - عرض المخطوطات التي تمت مشاركتها معك\n<color=#D85540>/bs help</color> - عرض قائمة المساعدة هذه",
  "ToggleOn": "تم الآن <color=#00ff00>تفعيل</color> مشاركة المخطوطات.",
  "ToggleOff": "تم الآن <color=#ff0000>تعطيل</color> مشاركة المخطوطات.",
  "NoPermission": "ليس لديك الإذن لاستخدام هذا الأمر.",
  "CannotShare": "لا يمكنك مشاركة المخطوطات مع هذا اللاعب، يجب أن يكون في فريقك أو عشيرتك أو قائمة أصدقائك.",
  "NoTarget": "يجب أن تحدد لاعبًا لمشاركة المخطوطات معه.",
  "TargetEqualsPlayer": "لا يمكنك مشاركة المخطوطات مع نفسك.",
  "PlayerNotFound": "اللاعب غير موجود.",
  "PlayerSharedBlueprints": "لقد شاركت <color=#ffff00>{0}</color> مخطط(ات) مع <color=#ffff00>{1}</color>.",
  "TargetLearntBlueprints": "<color=#ffff00>{0}</color> شارك معك <color=#ffff00>{1}</color> مخطط(ات).",
  "NoBlueprintsToShare": "ليس لديك مخطوطات جديدة لمشاركتها مع <color=#ffff00>{0}</color>.",
  "PlayerSharedBlueprint": "لقد تعلمت مخطط <color=#ffff00>{0}</color> وشاركته مع <color=#ffff00>{1}</color> لاعب(ين).",
  "TargetLearntBlueprint": "<color=#ffff00>{0}</color> شارك معك مخطط <color=#ffff00>{1}</color>.",
  "BlueprintBlocked": "مخطط <color=#ffff00>{0}</color> محظور من المشاركة، ولكنك لا تزال تعلمته.",
  "TargetSharingDisabled": "لا يمكن مشاركة المخطوطات مع <color=#ffff00>{0}</color> � فقد قام بتعطيل المشاركة.",
  "BlueprintsRemoved": "لقد فقدت الوصول إلى <color=#ffff00>{0}</color> مخطط(ات).",
  "ShowMissingArgument": "يجب أن تحدد أي المخطوطات المشتركة تريد عرضها. الخيارات: <color=#ffff00>team</color>، <color=#ffff00>clan</color>، أو <color=#ffff00>friend</color>.",
  "ShowFriendArgumentMissing": "يجب أن تحدد اسم صديق.",
  "NotFriends": "أنت لست صديقًا لهذا اللاعب.",
  "NoSharedBlueprints": "لم تتم مشاركة أي مخطوطات معك.",
  "SharedBlueprintsTitle": "المخطوطات التي تمت مشاركتها معك:",
  "ShowSharedBlueprints": "<color=#ffff00>المرتبة {0}:</color> {1}",
  "LoseBlueprintsDisabled": "تم تعطيل هذه الميزة من قبل مسؤول الخادم."
}