{
  "Notification.ClanInfo.Title": "<size=18><color=#ffa500>الكلانات</color></size><size=14><color=#ce422b> أعيدت</color></size>",
  "Notification.ClanInfo.Tag": "\nرمز الكلان<color=#b2eece>{0}</color>",
  "Notification.ClanInfo.Description": "\nالوصف: <color=#b2eece>{0}</color>",
  "Notification.ClanInfo.Online": "\nالأعضاء المتصلون: {0}",
  "Notification.ClanInfo.Offline": "\nالأعضاء غير المتصلين: {0}",
  "Notification.ClanInfo.Members": "\nالأعضاء: {0}",
  "Notification.ClanInfo.Established": "\nأنشئت في: <color=#b2eece>{0}</color>",
  "Notification.ClanInfo.LastOnline": "\nآخر اتصال: <color=#b2eece>{0}</color>",
  "Notification.ClanInfo.Alliances": "\nالتحالفات: <color=#b2eece>{0}</color>",
  "Notification.ClanInfo.Alliances.None": "لا يوجد",
  "Notification.ClanInfo.TotalMembers": "\nمجموع الأعضاء: <color=#b2eece>{0}</color>",
  "Notification.ClanInfo.TotalAlliances": "\nمجموع التحالفات: <color=#b2eece>{0}</color>",
  "Notification.Create.InExistingClan": "أنت بالفعل عضو في كلان",
  "Notification.Create.NoPermission": "ليس لديك إذن لإنشاء كلان",
  "Notification.Create.TagReserved1": "الرمز {0} محجوز للاعب آخر",
  "Notification.Create.InvalidTagLength": "الرمز الذي اخترته غير صالح. يجب أن يكون بين {0} و {1} حرفًا",
  "Notification.Create.InvalidCharacters": "الرمز الذي اخترته يحتوي على كلمات/رموز غير مسموح بها",
  "Notification.Create.ClanExists": "كلان بهذا الرمز موجودة بالفعل",
  "Notification.Create.NoNativeCreate": "يجب عليك إنشاء كلان باستخدام /clan create <tag> <description>",
  "Notification.Create.Success": "لقد أنشأت كلان<color=#aaff55>[{0}]</color>",
  "Notification.Kick.IsOwner": "لا يمكنك طرد قائد الكلان",
  "Notification.Kick.NoPermissions": "ليس لديك إذن كافٍ لطرد أعضاء الكلان",
  "Notification.Kick.NotClanmember": "الهدف ليس عضوًا في كلانك",
  "Notification.Kick.Self": "لا يمكنك طرد نفسك",
  "Notification.Kick.NotEnoughRank": "فقط قائد الكلان يمكنه طرد عضو آخر برتبة",
  "Notification.Kick.NoPlayerFound": "غير قادر على العثور على لاعب بالاسم المستهدف أو المعرف",
  "Notification.Kick.Message": "{0} طرد {1} من كلان!",
  "Notification.Kick.PlayerMessage": "{0} طردك من كلان!",
  "Notification.Kick.NoPermission": "ليس لديك إذن لطرد أعضاء كلان",
  "Notification.Leave.Message": "{0} غادر كلان!",
  "Notification.Leave.PlayerMessage": "لقد غادرت الكلان<color=#aaff55>[{0}]</color>!",
  "Notification.Leave.NewOwner": "{0} أصبح الآن قائد كلان!",
  "Notification.Leave.NoPermission": "ليس لديك إذن لمغادرة هذه كلان",
  "Notification.Join.NoPermission": "ليس لديك إذن للانضمام إلى كلان",
  "Notification.Join.ExpiredInvite": "دعوتك إلى {0} انتهت!",
  "Notification.Join.InExistingClan": "أنت بالفعل عضو في كلان أخرى",
  "Notification.Join.Message": "{0} انضم إلى كلان!",
  "Notification.Invite.NoPermissions": "ليس لديك أذونات كافية لدعوة لاعبين آخرين",
  "Notification.Invite.InviteLimit": "لديك بالفعل الحد الأقصى لعدد الدعوات",
  "Notification.Invite.InviteCooldown": "يجب أن تنتظر {0} أخرى قبل أن تتمكن من دعوة أعضاء جدد إلى كلانك",
  "Notification.Invite.HasPending": "{0} لديه بالفعل دعوة كلان معلقة",
  "Notification.Invite.IsMember": "{0} هو بالفعل عضو في كلان",
  "Notification.Invite.InClan": "{0} هو بالفعل عضو في كلان أخرى",
  "Notification.Invite.NoPermission": "{0} ليس لديه الإذن المطلوب للانضمام إلى كلان",
  "Notification.Invite.SuccesTarget": "لقد تمت دعوتك للانضمام إلى كلان: <color=#aaff55>[{0}]</color> '{1}'\nللانضمام، اكتب: <color=#ffd479>/{2} accept {0}</color>",
  "Notification.Invite.SuccessClan": "{0} دعا {1} للانضمام إلى كلان",
  "Notification.PendingInvites": "لديك دعوات كلان معلقة من: {0}\nيمكنك الانضمام إلى كلان بالكتابة: <color=#ffd479>/{1} accept <tag></color>",
  "Notification.WithdrawInvite.NoPermissions": "ليس لديك أذونات كافية لسحب دعوات الأعضاء",
  "Notification.WithdrawInvite.UnableToFind": "غير قادر على العثور على دعوة للاعب مع {0}",
  "Notification.WithdrawInvite.Success": "{0} ألغى دعوة العضو لـ {1}",
  "Notification.RejectInvite.InvalidInvite": "ليس لديك دعوة للانضمام إلى <color=#aaff55>[{0}]</color>",
  "Notification.RejectInvite.Message": "{0} رفض الدعوة للانضمام إلى كلانك",
  "Notification.RejectInvite.PlayerMessage": "لقد رفضت الدعوة للانضمام إلى <color=#aaff55>[{0}]</color>",
  "Notification.Promotion.NoPermissions": "ليس لديك إذن كافٍ لترقية لاعبين آخرين",
  "Notification.Promotion.TargetNoClan": "{0} ليس عضوًا في كلانك",
  "Notification.Promotion.IsOwner": "لا يمكنك ترقية قائد كلان",
  "Notification.Promotion.IsCouncil": "لا يمكنك الترقية لأعلى من رتبة المجلس",
  "Notification.Promotion.CouncilTaken": "رتبة المجلس مُنحت بالفعل",
  "Notification.Promotion.ModeratorLimit": "لديك بالفعل الحد الأقصى للمشرفين",
  "Notification.Promotion.IsModerator": "لا يمكنك الترقية لأعلى من رتبة مشرف",
  "Notification.Promotion.Message": "{0} تمت ترقيته إلى رتبة {1} بواسطة {2}",
  "Notification.Demotion.NoPermissions": "ليس لديك إذن كافٍ لتخفيض لاعبين آخرين",
  "Notification.Demotion.IsOwner": "لا يمكنك تخفيض قائد كلان",
  "Notification.Demotion.IsMember": "{0} هو بالفعل في أدنى رتبة",
  "Notification.Demotion.Message": "{0} تم تخفيضه إلى رتبة {1} بواسطة {2}",
  "Notification.Alliance.NoPermissions": "ليس لديك إذن كافٍ لإدارة التحالفات",
  "Notification.Alliance.PendingInvite": "<color=#aaff55>[{0}]</color> لديه بالفعل دعوة تحالف معلقة",
  "Notification.Alliance.MaximumInvites": "لديك بالفعل الحد الأقصى لعدد دعوات التحالف",
  "Notification.Alliance.MaximumAlliances": "لديك بالفعل الحد الأقصى لعدد التحالفات",
  "Notification.Alliance.InviteSent": "لقد أرسلت دعوة تحالف كلان إلى <color=#aaff55>[{0}]</color>\nستنتهي الدعوة في: {1}",
  "Notification.Alliance.InviteReceived": "تلقيت دعوة تحالف كلان من <color=#aaff55>[{0}]</color>\nللقبول، اكتب: <color=#ffd479>/{2} accept {0}</color>\nستنتهي الدعوة في: {1}",
  "Notification.Alliance.NoActiveInvite": "ليس لديك دعوة تحالف نشطة لـ <color=#aaff55>[{0}]</color>",
  "Notification.Alliance.NoActiveInviteFrom": "ليس لديك دعوة تحالف نشطة من <color=#aaff55>[{0}]</color>",
  "Notification.Alliance.WithdrawnClan": "{0} سحب دعوة التحالف إلى <color=#aaff55>[{1}]</color>",
  "Notification.Alliance.WithdrawnTarget": "<color=#aaff55>[{0}]</color> سحب دعوة التحالف الخاصة بهم",
  "Notification.Alliance.AtLimitTarget": "<color=#aaff55>[{0}]</color> لدى هذه كلان حاليًا الحد الأقصى للتحالفات",
  "Notification.Alliance.AtLimitSelf": "كلانك حاليًا تحتوي على الحد الأقصى للتحالفات المسموح بها",
  "Notification.Alliance.AtLimitAlliedMembersTarget": "عدد أعضاء كلان <color=#aaff55>[{0}]</color> بالإضافة إلى عدد أعضاء التحالف بالإضافة إلى عدد أعضاء كلانك أكبر من المسموح",
  "Notification.Alliance.AtLimitAlliedMembersSelf": "عدد أعضاء كلانك بالإضافة إلى عدد أعضاء التحالف بالإضافة إلى عدد أعضاء هذه كلان أكبر من المسموح",
  "Notification.Alliance.Formed": "<color=#aaff55>[{0}]</color> شكلوا تحالفًا مع <color=#aaff55>[{1}]</color>",
  "Notification.Alliance.Rejected": "<color=#aaff55>[{0}]</color> رفضوا التحالف مع <color=#aaff55>[{1}]</color>",
  "Notification.Alliance.Revoked": "<color=#aaff55>[{0}]</color> ألغوا تحالفهم مع <color=#aaff55>[{1}]</color>",
  "Notification.Alliance.NoActiveAlliance": "ليس لديك حاليًا تحالف مع <color=#aaff55>[{0}]</color>",
  "Notification.FF.MemberEnabled": "الشركاء <color=#ffd479>سيأخذون</color> ضرر من النيران الصديقة",
  "Notification.FF.MemberDisabled": "الشركاء <color=#ffd479>لن يأخذوا</color> ضرر من النيران الصديقة",
  "Notification.FF.AllyEnabled": "الحلفاء <color=#ffd479>سيأخذون</color> ضرر من النيران الصديقة",
  "Notification.FF.AllyDisabled": "الحلفاء <color=#ffd479>لن يأخذوا</color> ضرر من النيران الصديقة",
  "Notification.FF.IsEnabled": "<color=#aaff55>مفعل</color>",
  "Notification.FF.IsDisabled": "<color=#ce422b>معطل</color>",
  "Notification.FF.OnHitClanMember": "{0} هو عضو كلانك ولا يمكن إيذاؤه.\nللتبديل في النيران الصديقة للكلان اكتب: <color=#ffd479>/{1}</color>",
  "Notification.FF.OnHitAllyMember": "{0} هو عضو في كلان متحالفة ولا يمكن إيذاؤه.\nللتبديل في النيران الصديقة للحلفاء اكتب: <color=#ffd479>/{1}</color>",
  "Notification.FF.ToggleNotOwner": "فقط مالك كلان أو المجلس يمكنه تبديل النيران الصديقة",
  "Notification.FF.OwnerToggle": "{0} قام بتبديل النيران الصديقة.\n{1}",
  "Notification.FF.OwnerAllyToggle": "{0} قام بتبديل النيران الصديقة المتحالفة.\n{1}",
  "Notification.ClanHelp.NoClan": "\nالأوامر المتاحة:\n<color=#ffd479>/{0} create <tag> \"description\"</color> - إنشاء كلان جديدة\n<color=#ffd479>/{0} accept <tag></color> - الانضمام إلى كلان بدعوة\n<color=#ffd479>/{0} reject <tag></color> - رفض دعوة كلان",
  "Notification.ClanHelp.Basic2": "\nالأوامر المتاحة:\n<color=#ffd479>/{0}</color> - عرض معلومات كلانك\n<color=#ffd479>/{1} <message></color> - إرسال رسالة عبر دردشة كلان\n<color=#ffd479>/{0} leave</color> - مغادرة كلانك الحالية",
  "Notification.ClanHelp.MFF": "\n<color=#ffd479>/{0}</color> - تبديل النيران الصديقة ضد شركاء كلان",
  "Notification.ClanHelp.AFF": "\n<color=#ffd479>/{0}</color> - تبديل النيران الصديقة ضد أعضاء كلان حلفاء",
  "Notification.ClanHelp.Alliance": "\n\n<color=#45b6fe><size=14>أوامر التحالفات:</size></color>\n<color=#ffd479>/{0} invite <tag></color> - دعوة كلان لتصبح حليفة\n<color=#ffd479>/{0} withdraw <tag></color> - سحب دعوة التحالف\n<color=#ffd479>/{0} accept <tag></color> - قبول دعوة التحالف\n<color=#ffd479>/{0} reject <tag></color> - رفض دعوة التحالف\n<color=#ffd479>/{0} revoke <tag></color> - إلغاء التحالف",
  "Notification.ClanHelp.Moderator": "\n\n<color=#b573ff><size=14>أوامر المشرف:</size></color>\n<color=#ffd479>/{0} invite <name or ID></color> - دعوة لاعب إلى كلانك\n<color=#ffd479>/{0} withdraw <name or ID></color> - إلغاء دعوة\n<color=#ffd479>/{0} kick <name or ID></color> - طرد عضو من كلانك",
  "Notification.ClanHelp.Owner": "\n\n<color=#a1ff46><size=14>أوامر المالك:</size></color>\n<color=#ffd479>/{0} promote <name or ID></color> - ترقية عضو في كلان\n<color=#ffd479>/{0} demote <name or ID></color> - تخفيض رتبة عضو في كلان\n<color=#ffd479>/{0} disband forever</color> - حل كلانك",
  "Notification.ClanHelp.TagColor": "\n<color=#ffd479>/{0} tagcolor <hex></color> - تعيين لون رمز كلان مخصص\n<color=#ffd479>/{0} tagcolor reset</color> - إعادة تعيين لون رمز كلان الافتراضي",
  "Notification.Clan.NotInAClan": "\nأنت لست عضوًا حاليًا في كلان",
  "Notification.Clan.Help": "\nلرؤية الأوامر المتاحة، اكتب: <color=#ffd479>/{0}</color>",
  "Notification.Clan.OwnerOf": "\nأنت مالك: <color=#aaff55>{0}</color> ({1}/{2})",
  "Notification.Clan.CouncilOf": "\nأنت جزء من مجلس: <color=#aaff55>{0}</color> ({1}/{2})",
  "Notification.Clan.ModeratorOf": "\nأنت مشرف في: <color=#aaff55>{0}</color> ({1}/{2})",
  "Notification.Clan.MemberOf": "\nأنت عضو في: <color=#aaff55>{0}</color> ({1}/{2})",
  "Notification.Clan.MembersOnline": "\nالأعضاء المتصلون: {0}",
  "Notification.Clan.MFF": "\nحالة النيران الصديقة للكلان: {0} (<color=#ffd479>/{1}</color>)",
  "Notification.Clan.AFF": "\nحالة النيران الصديقة للحلفاء: {0} (<color=#ffd479>/{1}</color>)",
  "Notification.Clan.CreateSyntax": "<color=#ffd479>/{0} create <tag> \"description\"</color> - إنشاء كلان جديدة",
  "Notification.Clan.InviteSyntax": "<color=#ffd479>/{0} invite <partialNameOrID></color> - دعوة لاعب إلى كلانك",
  "Notification.Clan.WithdrawSyntax": "<color=#ffd479>/{0} withdraw <partialNameOrID></color> - إلغاء دعوة عضو",
  "Notification.Clan.AcceptSyntax": "<color=#ffd479>/{0} accept <tag></color> - الانضمام إلى كلان بدعوة",
  "Notification.Clan.RejectSyntax": "<color=#ffd479>/{0} reject <tag></color> - رفض دعوة كلان",
  "Notification.Clan.PromoteSyntax": "<color=#ffd479>/{0} promote <partialNameOrID></color> - ترقية عضو كلان إلى الرتبة التالية",
  "Notification.Clan.DemoteSyntax": "<color=#ffd479>/{0} demote <partialNameOrID></color> - تخفيض رتبة عضو كلان إلى الرتبة الأدنى التالية",
  "Notification.Clan.DisbandSyntax": "<color=#ffd479>/{0} disband forever</color> - حل كلانك (لا يمكن التراجع عن ذلك)",
  "Notification.Clan.KickSyntax": "<color=#ffd479>/{0} kick <partialNameOrID></color> - طرد عضو من كلانك",
  "Notification.Clan.TagColorSyntax": "<color=#ffd479>/{0} tagcolor <hex (XXXXXX)></color> - تعيين لون رمز كلان مخصص",
  "Notification.Clan.TagColorFormat": "<color=#ffd479>يجب أن تكون سلسلة الهيكس 6 أحرف طويلة وأن تكون لوناً صالحاً</color>",
  "Notification.Clan.TagColorReset": "<color=#ffd479>لقد قمت بإعادة تعيين لون رمز كلانك</color>",
  "Notification.Clan.TagColorSet": "<color=#ffd479>لقد قمت بتعيين لون رمز كلانك إلى</color> <color=#{0}>{0}</color>",
  "Notification.Clan.TagColorDisabled": "<color=#ffd479>ألوان الرموز المخصصة معطلة على هذا الخادم</color>",
  "Notification.Clan.TagColorBlocked": "<color=#ffd479>اللون <color=#{0}>{0}</color> محظور للاستخدام من قبل العشائر.",
  "Notification.Clan.TagColorOutOfRange": "<color=#ffd479>اللون <color=#{0}>{0}</color> خارج نطاق الألوان المسموح به. يجب عليك اختيار لون بين <color=#{1}>{1}</color> و <color=#{2}>{2}</color></color>",
  "Notification.Disband.NotOwner": "يجب أن تكون مالك كلان لاستخدام هذا الأمر",
  "Notification.Disband.Success": "لقد قمت بحل كلان <color=#aaff55>[{0}]</color>",
  "Notification.Disband.Message": "تم حل كلان",
  "Notification.Disband.NoPermission": "ليس لديك إذن لحل هذه كلان",
  "Notification.Generic.ClanFull": "كلان بالفعل في أقصى سعة لها",
  "Notification.Generic.NoClan": "أنت لست عضوًا في كلان",
  "Notification.Generic.InvalidClan": "كلان <color=#aaff55>[{0}]</color> غير موجودة!",
  "Notification.Generic.NoPermissions": "ليس لديك إذن كافٍ لاستخدام هذا الأمر",
  "Notification.Generic.SpecifyClanTag": "الرجاء تحديد رمز كلان",
  "Notification.Generic.UnableToFindPlayer": "غير قادر على العثور على لاعب بالاسم أو المعرف {0}",
  "Notification.Generic.CommandSelf": "لا يمكنك استخدام هذا الأمر على نفسك",
  "Chat.IsMuted": "أنت حاليًا مكتوم",
  "Chat.Alliance.Prefix": "<color=#a1ff46>[دردشة التحالف]</color>: {0}",
  "Chat.Clan.Prefix": "<color=#a1ff46>[دردشة كلان]</color>: {0}",
  "Chat.Alliance.Format": "[{0}] <color={1}>{2}</color>: {3}",
  "Admin.BroadcastToClan": "<color=#ff3333>[المشرف]</color>: {0}",
  "Admin.Rename": "قام المشرف بتغيير رمز كلانك إلى <color=#aaff55>[{0}]</color>",
  "Admin.Disband": "قام المشرف بحل كلانك",
  "Admin.Invite": "قام المشرف بدعوة {0} للانضمام إلى كلانك",
  "Admin.Join": "أجبرك المشرف على الانضمام إلى <color=#aaff55>[{0}]</color>",
  "Admin.Kick": "قام المشرف بطردك من <color=#aaff55>[{0}]</color>",
  "Admin.SetOwner": "قام المشرف بتعيين {0} كقائد للكلان",
  "Admin.Promote": "قام المشرف بترقية {0} إلى رتبة {1}",
  "Admin.Demote": "قام المشرف بتخفيض {0} إلى رتبة {1}"
}