{
  "AlreadyOnList": "‏{0} هو بالفعل صديقك",
  "CannotAddSelf": "لا يمكنك إضافة نفسك",
  "CommandFriend": "صديق",
  "FriendAdded": "‏{0} أصبح الآن صديقك",
  "FriendRemoved": "تم إزالة {0} من قائمة الأصدقاء الخاصة بك",
  "FriendList": "الأصدقاء {0}:\n{1}",
  "FriendListFull": "قائمة أصدقائك ممتلئة",
  "NoFriends": "ليس لديك أي أصدقاء",
  "NotAllowed": "غير مسموح لك باستخدام الأمر '{0}'",
  "NoPlayersFound": "لم يتم العثور على لاعبين بالاسم أو المعرف '{0}'",
  "NotOnFriendList": "لم يتم العثور على {0} في قائمة الأصدقاء الخاصة بك",
  "PlayerNotFound": "لم يتم العثور على اللاعب '{0}'",
  "PlayersFound": "تم العثور على عدة لاعبين، يرجى التحديد: {0}",
  "PlayersOnly": "يمكن فقط للاعبين استخدام الأمر '{0}'",
  "UsageFriend": "الاستخدام {0} <add|remove|list> <اسم اللاعب أو المعرف>"
}