{
  "PMTo": "[#00FFFF]رسالة خاصة إلى {0}[/#]: {1}",
  "PMFrom": "[#00FFFF]رسالة خاصة من {0}[/#]: {1}",
  "PlayerNotOnline": "{0} غير متصل الآن.",
  "NotOnlineAnymore": "آخر شخص تحدثت إليه لم يعد متصلاً.",
  "NotMessaged": "لم ترسل رسالة لأي شخص أو لم تتلق منهم رسالة.",
  "IgnoreYou": "[#FF0000]{0} يتجاهلك ولا يمكنه استقبال رسائلك الخاصة[/#]",
  "SelfPM": "لا يمكنك إرسال رسالة لنفسك.",
  "SyntaxR": "صيغة غير صحيحة استخدم: /r <الرسالة>",
  "HistorySyntax": "صيغة غير صحيحة استخدم: /pmhistory <الاسم>",
  "SyntaxPM": "صيغة غير صحيحة استخدم: /{0} <الاسم> <الرسالة>",
  "NotAllowedToChat": "غير مسموح لك بالدردشة هنا",
  "History": "سجل رسائلك:\n{0}",
  "CooldownMessage": "يمكنك إرسال رسالة خاصة بعد {0} ثانية",
  "NoHistory": "لا يوجد سجل مراسلات محفوظ مع هذا اللاعب.",
  "CannotFindUser": "لا يمكن العثور على هذا المستخدم",
  "CommandDisabled": "تم تعطيل هذا الأمر",
  "IsMuted": "تم كتمك حالياً ولا يمكنك إرسال رسائل خاصة",
  "TargetMuted": "هذا الشخص مكتوم ولا يمكنه استقبال رسالتك الخاصة",
  "NoPermission": "ليس لديك الصلاحيات اللازمة لتنفيذ هذا الأمر",
  "HistoryPM": "[#00FFFF]{0}[/#]: {1}",
  "Logging": "[رسائل خاصة]{0}->{1}:{2}"
}