{
  "InvalidCommand": "أمر غير صالح.",
  "CheckCommand": "استخدم {0} لاعبًا رمزك حتى الآن و {1} منهم لعبوا لمدة لا تقل عن ساعة واحدة على خوادمنا. :)",
  "Success": "شكرًا لاستخدامك هذا الرمز، يمكنك استلام المجموعة باستخدام /kitclaim bestrustmain2xserver",
  "InvalidPromoter": "لم أتمكن من العثور على أي شخص باسم {0}",
  "InvalidKit": "لم يتم العثور على المجموعة."
}