{
  "CommandUsageExtLoad": "الاستخدام: oxide.ext.load <extname>+",
  "CommandUsageExtUnload": "الاستخدام: oxide.ext.unload <extname>+",
  "CommandUsageExtReload": "الاستخدام: oxide.ext.reload <extname>+",
  "CommandUsageGrant": "الاستخدام: oxide.grant <group|user> <name|id> <permission>",
  "CommandUsageGroup": "الاستخدام: oxide.group <add|set> <name> [title] [rank]",
  "CommandUsageGroupParent": "الاستخدام: oxide.group <parent> <name> <parentName>",
  "CommandUsageGroupRemove": "الاستخدام: oxide.group <remove> <name>",
  "CommandUsageLang": "الاستخدام: oxide.lang <رمز اللغة المكون من حرفين>",
  "CommandUsageLoad": "الاستخدام: oxide.load *|<pluginname>+",
  "CommandUsageReload": "الاستخدام: oxide.reload *|<pluginname>+",
  "CommandUsageRevoke": "الاستخدام: oxide.revoke <group|user> <name|id> <permission>",
  "CommandUsageShow": "الاستخدام: oxide.show <groups|perms>",
  "CommandUsageShowName": "الاستخدام: oxide.show <group|user> <name>",
  "CommandUsageUnload": "الاستخدام: oxide.unload *|<pluginname>+",
  "CommandUsageUserGroup": "الاستخدام: oxide.usergroup <add|remove> <username> <groupname>",
  "ConnectionRejected": "تم رفض الاتصال",
  "DataSaved": "يتم حفظ بيانات Oxide...",
  "GroupAlreadyExists": "المجموعة '{0}' موجودة بالفعل",
  "GroupAlreadyHasPermission": "المجموعة '{0}' لديها الإذن '{1}' بالفعل",
  "GroupDoesNotHavePermission": "المجموعة '{0}' لا تمتلك الإذن '{1}'",
  "GroupChanged": "تم تغيير المجموعة '{0}'",
  "GroupCreated": "تم إنشاء المجموعة '{0}'",
  "GroupDeleted": "تم حذف المجموعة '{0}'",
  "GroupNotFound": "المجموعة '{0}' غير موجودة",
  "GroupParentChanged": "تم تغيير الأصل للمجموعة '{0}' إلى '{1}'",
  "GroupParentNotChanged": "لم يتم تغيير الأصل للمجموعة '{0}'",
  "GroupParentNotFound": "الأصل للمجموعة '{0}' غير موجود",
  "GroupPermissionGranted": "تم منح الإذن '{1}' للمجموعة '{0}'",
  "GroupPermissionRevoked": "تم إلغاء الإذن '{1}' من المجموعة '{0}'",
  "GroupPermissions": "إذونات المجموعة '{0}'",
  "GroupPlayers": "لاعبو المجموعة '{0}'",
  "Groups": "مجموعات",
  "InvalidLanguageName": "اسم لغة غير صحيح: '{0}'",
  "NoGroupPermissions": "لا توجد إذونات ممنوحة حاليًا",
  "NoPermissionGroups": "لا توجد مجموعات بهذا الإذن",
  "NoPermissionPlayers": "لا يوجد لاعبين لديهم هذا الإذن",
  "NoPluginsFound": "لا توجد ملحقات متاحة حاليًا",
  "NoPlayerGroups": "اللاعب غير مضاف لأي مجموعة",
  "NoPlayerPermissions": "لا توجد إذونات ممنوحة حاليًا",
  "NoPlayersInGroup": "لا يوجد لاعبون حاليًا في المجموعة",
  "NotAllowed": "غير مسموح لك باستخدام الأمر '{0}'",
  "ParentGroupPermissions": "إذونات المجموعة الأصل '{0}'",
  "PermissionGroups": "مجموعات الإذن '{0}'",
  "PermissionPlayers": "لاعبو الإذن '{0}'",
  "PermissionNotFound": "الإذن '{0}' غير موجود",
  "Permissions": "إذونات",
  "PermissionsNotLoaded": "غير قادر على تحميل ملفات الإذن! لن تعمل الإذونات حتى يتم حل المشكلة.\n => {0}",
  "PlayerLanguage": "تم تعيين لغة اللاعب إلى {0}",
  "PluginNotLoaded": "الملحق '{0}' غير محمل.",
  "PluginReloaded": "تم إعادة تحميل الملحق {0} v{1} بواسطة {2}",
  "PluginUnloaded": "تم إلغاء تحميل الملحق {0} v{1} بواسطة {2}",
  "ServerLanguage": "تم تعيين لغة الخادم إلى {0}",
  "Unknown": "غير معروف",
  "UnknownCommand": "الأمر غير معروف: {0}",
  "PlayerAddedToGroup": "تم إضافة اللاعب '{0}' إلى المجموعة: {1}",
  "PlayerAlreadyHasPermission": "اللاعب '{0}' لديه الإذن '{1}' بالفعل",
  "PlayerDoesNotHavePermission": "اللاعب '{0}' لا يمتلك الإذن '{1}'",
  "PlayerNotFound": "اللاعب '{0}' غير موجود",
  "PlayerGroups": "مجموعات اللاعب '{0}'",
  "PlayerPermissions": "إذونات اللاعب '{0}'",
  "PlayerPermissionGranted": "تم منح الإذن '{1}' للاعب '{0}'",
  "PlayerPermissionRevoked": "تم إلغاء الإذن '{1}' من اللاعب '{0}'",
  "PlayerRemovedFromGroup": "تم إزالة اللاعب '{0}' من المجموعة '{1}'",
  "PlayersFound": "تم العثور على عدة لاعبين، يرجى التحديد: {0}",
  "Version": "الخادم يعمل بنسخة [#ffb658]Oxide {0}[/#] و [#ee715c]{1} {2} ({3})[/#]",
  "YouAreNotAdmin": "أنت لست مشرفًا"
}