{
  "WebErrorOccurred": "فشل تحميل الصورة! خطأ {0}.",
  "FileTooLarge": "الملف يتجاوز الحد الأقصى لحجم الملف وهو {0} ميجابايت.",
  "ErrorOccurred": "حدث خطأ غير معروف، إذا استمر هذا الخطأ الرجاء إبلاغ مسؤول الخادم.",
  "RestoreErrorOccurred": "لا يمكن استعادة اللوحة لأنه لا توجد نسيج معين لها.",
  "DownloadQueued": "تمت إضافة صورتك إلى قائمة الانتظار للتنزيل!",
  "RestoreQueued": "تمت إضافة لوحتك إلى قائمة الانتظار للاستعادة!",
  "RestoreBatchQueued": "أضفت جميع اللوحات البالغ عددها {0} إلى قائمة الانتظار للاستعادة!",
  "ImageLoaded": "تم تحميل الصورة بنجاح على اللوحة!",
  "ImageRestored": "تم استعادة الصورة بنجاح للوحة!",
  "LogEntry": "اللاعب `{0}` (SteamId: {1}) حمّل {2} إلى {3} من {4}",
  "NoSignFound": "غير قادر على العثور على لوحة! تأكد من أنك تنظر إلى واحدة وليست بعيدة جدًا عنها.",
  "Cooldown": "لا يمكنك استخدام الأمر بعد! الوقت المتبقي للانتظار: {0}.",
  "SignNotOwned": "لا يمكنك تغيير هذه اللوحة لأنها محمية بمكتب عمل.",
  "NoItemHeld": "أنت لا تمسك بأي عنصر.",
  "ActionQueuedAlready": "تمت إضافة عملية بالفعل لهذه اللوحة، الرجاء الانتظار حتى تكتمل هذه العملية.",
  "SyntaxSilCommand": "خطأ في الصيغة!\nالصيغة: /sil <url> [raw]",
  "SyntaxSilCommandMulti": "خطأ في الصيغة!\nالصيغة: /sil <1-{0}> <url> [raw]",
  "SyntaxSiltCommand": "خطأ في الصيغة!\nالصيغة: /silt <message> [<fontsize:number>] [<color:hex value>] [<bgcolor:hex value>] [raw]",
  "SyntaxSiltCommandMulti": "خطأ في الصيغة!\nالصيغة: /silt <1-{0}> <message> [<fontsize:number>] [<color:hex value>] [<bgcolor:hex value>] [raw]",
  "SyntaxSiliCommandMulti": "خطأ في الصيغة!\nالصيغة: /sili <1-{0}>",
  "NoPermission": "ليس لديك إذن لاستخدام هذا الأمر.",
  "NoPermissionFile": "ليس لديك إذن لاستخدام الصور من نظام ملفات الخادم.",
  "NoPermissionRaw": "ليس لديك إذن لاستخدام الصور الخام، التحميل بالطريقة العادية بدلاً من ذلك.",
  "NoPermissionRestoreAll": "ليس لديك إذن لاستعادة جميع اللوحات دفعة واحدة.",
  "day": "يوم",
  "days": "أيام",
  "hour": "ساعة",
  "hours": "ساعات",
  "minute": "دقيقة",
  "minutes": "دقائق",
  "second": "ثانية",
  "seconds": "ثواني",
  "and": "و"
}