{
    "NoPermToUse": "ليس لديك إذن للقيام بذلك",
    "NoILError": "الملحق لا يعمل بشكل صحيح، يرجى الاتصال بالإدارة!",
    "UI.Plugin.Title": "قائمة المتصدرين",
    "UI.Leaderboard.Awards.Title": "أفضل المكافآت",
    "UI.Leaderboard.Awards.Place": "المركز {0}.",
    "UI.Search.Players.Title": "البحث عن لاعب بالاسم أو SteamID",
    "UI.Search.Input.Placeholder": "أدخل الاسم أو SteamID",
    "UI.Players.List.Title": "قائمة اللاعبين المتواجدين في الخادم",
    "UI.Players.NoPlayers": "لا يوجد لاعبون متاحون :(",
    "UI.HitRate.Title": "معدل الاصابة",
    "UI.HitRate.Description": "يمكنك هنا مشاهدة عدد الإصابات على الأجزاء المختلفة من الجسد",
    "UI.Building.Title": "البناء",
    "UI.Building.Description": "يمكنك هنا مشاهدة إحصائيات البناء",
    "UI.Stat.Value.Total": "الإجمالي: {0}",
    "UI.Stat.Value.Today": "اليوم: {0}",
    "UI.Stat.Value.KD": "القتل: {0} / الوفاة: {1}",
    "UI.Stat.Value.None": "لا يوجد",
    "UI.Stat.Value.Unknown": "غير معروف",
    "UI.Time.Years": "{0}y",
    "UI.Time.Months": "{0}m",
    "UI.Time.Days": "{0}d",
    "UI.Time.Hours": "{0}h",
    "UI.Time.Minutes": "{0}m",
    "UI.Time.Seconds": "{0}s",
    "MSG.Profile.Already.Loading": "هذا الملف الشخصي يتم تحميله بالفعل، يرجى الانتظار.",
    "MSG.Profile.Wait.Before.Another": "انتظر لحظة قبل فتح ملف شخصي آخر.",
    "UI.Leaderboard.Loading": "جارِ التحميل...",
    "Msg.Player.NotFound": "لم يتم العثور على إحصائيات اللاعب",
    "Msg.Invalid.SteamID": "تنسيق Steam ID غير صالح",
    "Msg.Hide.Self.Hidden": "أنت الآن مخفي في قائمة المتصدرين",
    "Msg.Hide.Self.Visible": "أنت الآن مرئي في قائمة المتصدرين",
    "UI.Category.MY STATISTICS": "إحصائياتي",
    "UI.Category.TOP 10 PLAYERS": "أفضل 10 لاعبين",
    "UI.Category.SEARCH": "بحث",
    "UI.Awards.TOP scorers": "أفضل المسجلين",
    "UI.Awards.Place.Frontiersman Pack": "حزمة الرواد",
    "UI.Awards.Place.Lumberjack Pack": "حزمة الحطاب",
    "UI.Awards.Place.Artic Pack": "حزمة القطب الشمالي",
    "UI.Awards.Place.Abyss Pack": "حزمة الهاوية",
    "UI.Awards.Place.Retro Tool Cupboard": "خزانة الأدوات القديمة",
    "UI.Awards.TOP killers": "أفضل القتلة",
    "UI.Awards.TOP time played": "أعلى وقت لعب",
    "UI.Tabs.GENERAL": "عام",
    "UI.Field.Profile": "الملف الشخصي",
    "UI.Field.name": "الاسم",
    "UI.Field.K/D": "نسبة القتل/الوفاة",
    "UI.Field.kd": "نسبة القتل/الوفاة",
    "UI.Field.Time": "الوقت",
    "UI.Field.current_playtime": "مدة اللعب الحالية",
    "UI.Field.Longest Kill Distance": "أطول مسافة قتل",
    "UI.Field.longest_kill_distance": "أطول مسافة قتل",
    "UI.Field.Total Resources Gathered": "إجمالي الموارد المجمعة",
    "UI.Field.total_resources": "إجمالي الموارد",
    "UI.Field.Favorite Resource": "المورد المفضل",
    "UI.Field.favorite_resource": "المورد المفضل",
    "UI.Field.Total Items Crafted": "إجمالي العناصر المصنعة",
    "UI.Field.total_items_crafted": "إجمالي العناصر المصنعة",
    "UI.Field.Structures Built": "الهياكل المبنية",
    "UI.Field.structures_built": "الهياكل المبنية",
    "UI.Field.Upgrades Performed": "الترقيات المنفذة",
    "UI.Field.upgrades_performed": "الترقيات المنفذة",
    "UI.Field.Favorite Building Material": "مواد البناء المفضلة",
    "UI.Field.favorite_building_material": "مواد البناء المفضلة",
    "UI.Field.Events Won": "الأحداث الفائزة",
    "UI.Field.events_won": "الأحداث الفائزة",
    "UI.Field.Favorite Event": "الحدث المفضل",
    "UI.Field.favorite_event": "الحدث المفضل",
    "UI.Column.EVENTS": "الأحداث",
    "UI.Field.Convoy": "القافلة",
    "UI.Field.Sputnik": "سبوتنيك",
    "UI.Field.Caravan": "القطار",
    "UI.Field.GasStation": "محطة الوقود",
    "UI.Field.GasStationEvent": "حدث محطة الوقود",
    "UI.Field.Air": "جوي",
    "UI.Field.AirEvent": "حدث جوي",
    "UI.Field.SatDish": "طبق الأقمار الصناعية",
    "UI.Field.SatDishEvent": "حدث طبق الأقمار الصناعية",
    "UI.Field.Triangulation": "التثليث",
    "UI.Field.Water": "الماء",
    "UI.Field.WaterEvent": "حدث مائي",
    "UI.Field.Harbor": "الميناء",
    "UI.Field.HarborEvent": "حدث الميناء",
    "UI.Field.ArcticBase": "القاعدة القطبية",
    "UI.Field.ArcticBaseEvent": "حدث القاعدة القطبية",
    "UI.Field.Junkyard": "مقبرة السيارات",
    "UI.Field.JunkyardEvent": "حدث مقبرة السيارات",
    "UI.Field.Supermarket": "السوبرماركت",
    "UI.Field.SupermarketEvent": "حدث السوبرماركت",
    "UI.Field.PowerPlant": "محطة الطاقة",
    "UI.Field.PowerPlantEvent": "حدث محطة الطاقة",
    "UI.Field.Paintball Team": "فريق البينتبول",
    "UI.Field.PaintballTeam": "فريق البينتبول",
    "UI.Field.Paintball FFA": "بينتبول الجميع ضد الجميع",
    "UI.Field.PaintballFFA": "بينتبول FFA",
    "UI.Field.Survival Arena": "ساحة البقاء",
    "UI.Field.SurvivalArena": "ساحة البقاء",
    "UI.Field.Gun Game": "لعبة الأسلحة",
    "UI.Field.GunGame": "لعبة الأسلحة",
    "UI.Field.Zombie Infection": "عدوى الزومبي",
    "UI.Field.ZombieInfection": "عدوى الزومبي",
    "UI.Field.Tugboat Pirates": "قراصنة القاطرات",
    "UI.Field.TugboatPirates": "قراصنة القاطرات",
    "UI.Tabs.RESOURCES": "الموارد",
    "UI.Column.RESOURCES": "الموارد",
    "UI.Field.Stone": "الحجر",
    "UI.Field.stones": "الحجر",
    "UI.Field.Wood": "الخشب",
    "UI.Field.wood": "الخشب",
    "UI.Field.Sulfur Ore": "خام الكبريت",
    "UI.Field.sulfur.ore": "خام الكبريت",
    "UI.Field.Metal Ore": "خام المعادن",
    "UI.Field.metal.ore": "خام المعادن",
    "UI.Field.High Quality Metal Ore": "خام المعادن عالية الجودة",
    "UI.Field.hq.metal.ore": "خام المعادن عالية الجودة",
    "UI.Field.Leather": "الجلد",
    "UI.Field.leather": "الجلد",
    "UI.Field.Bone Fragments": "شظايا العظام",
    "UI.Field.bone.fragments": "شظايا العظام",
    "UI.Field.Animal Fat": "دهون الحيوان",
    "UI.Field.fat.animal": "دهون الحيوان",
    "UI.Field.Scrap": "الخردة",
    "UI.Field.scrap": "الخردة",
    "UI.Column.FARMING": "الزراعة",
    "UI.Field.Hemp": "القنب",
    "UI.Field.hemp-collectable": "القنب",
    "UI.Field.Blue Berry": "التوت الأزرق",
    "UI.Field.blue.berry": "التوت الأزرق",
    "UI.Field.Red Berry": "التوت الأحمر",
    "UI.Field.red.berry": "التوت الأحمر",
    "UI.Field.Yellow Berry": "التوت الأصفر",
    "UI.Field.yellow.berry": "التوت الأصفر",
    "UI.Field.Black Berry": "التوت الأسود",
    "UI.Field.black.berry": "التوت الأسود",
    "UI.Field.Green Berry": "التوت الأخضر",
    "UI.Field.green.berry": "التوت الأخضر",
    "UI.Field.White Berry": "التوت الأبيض",
    "UI.Field.white.berry": "التوت الأبيض",
    "UI.Field.Potato": "البطاطس",
    "UI.Field.potato": "البطاطس",
    "UI.Field.Cloth": "القماش",
    "UI.Field.cloth": "القماش",
    "UI.Field.Mushroom": "الفطر",
    "UI.Field.mushroom": "الفطر",
    "UI.Field.Corn": "الذرة",
    "UI.Field.corn": "الذرة",
    "UI.Field.Pumpkin": "اليقطين",
    "UI.Field.pumpkin": "اليقطين",
    "UI.Field.Orchid": "السحلب",
    "UI.Field.orchid": "السحلب",
    "UI.Field.Rose": "الوردة",
    "UI.Field.rose": "الوردة",
    "UI.Field.Sunflower": "عباد الشمس",
    "UI.Field.sunflower": "عباد الشمس",
    "UI.Field.Wheat": "القمح",
    "UI.Field.wheat": "القمح",
    "UI.Column.MISC": "متنوعة",
    "UI.Field.Bears": "الدببة",
    "UI.Field.bear": "الدب",
    "UI.Field.Polar Bears": "الدببة القطبية",
    "UI.Field.polarbear": "الدب القطبي",
    "UI.Field.Boars": "الخنازير البرية",
    "UI.Field.boar": "الخنزير البري",
    "UI.Field.Chicken": "الدجاجة",
    "UI.Field.chicken": "الدجاجة",
    "UI.Field.Stag": "الأيل",
    "UI.Field.stag": "الأيل",
    "UI.Field.Wolf": "الذئب",
    "UI.Field.wolf2": "الذئب",
    "UI.Field.Panther": "النمر",
    "UI.Field.panther": "النمر",
    "UI.Field.Crocodile": "التمساح",
    "UI.Field.crocodile": "التمساح",
    "UI.Field.Snake": "الأفعى",
    "UI.Field.snake.entity": "الأفعى",
    "UI.Field.Tiger": "النمر",
    "UI.Field.tiger": "النمر",
    "UI.Field.Shark": "القرش",
    "UI.Field.simpleshark": "القرش",
    "UI.Field.Bradley": "برادلي",
    "UI.Field.bradleyapc": "برادلي",
    "UI.Field.Helicopter": "الهليكوبتر",
    "UI.Field.helicopter": "الهليكوبتر",
    "UI.Field.Scientist": "عالِم",
    "UI.Field.npc_underwaterdweller|scientistnpc_arena|scientistnpc_bradley|scientistnpc_bradley_heavy|scientistnpc_cargo|scientistnpc_cargo_turret_any|scientistnpc_cargo_turret_lr300|scientistnpc_ch47_gunner|scientistnpc_excavator|scientistnpc_full_any|scientistnpc_full_lr300|scientistnpc_full_mp5|scientistnpc_full_pistol|scientistnpc_full_shotgun|scientistnpc_junkpile_pistol|scientistnpc_oilrig|scientistnpc_patrol|scientistnpc_patrol_arctic|scientistnpc_peacekeeper|scientistnpc_roam|scientistnpc_roam_nvg_variant|scientistnpc_roamtethered": "npc_underwaterdweller|scientistnpc_arena|scientistnpc_bradley|scientistnpc_bradley_heavy|scientistnpc_cargo|scientistnpc_cargo_turret_any|scientistnpc_cargo_turret_lr300|scientistnpc_ch47_gunner|scientistnpc_excavator|scientistnpc_full_any|scientistnpc_full_lr300|scientistnpc_full_mp5|scientistnpc_full_pistol|scientistnpc_full_shotgun|scientistnpc_junkpile_pistol|scientistnpc_oilrig|scientistnpc_patrol|scientistnpc_patrol_arctic|scientistnpc_peacekeeper|scientistnpc_roam|scientistnpc_roam_nvg_variant|scientistnpc_roamtethered",
    "UI.Field.Heavy Scientist": "عالِم المدرع",
    "UI.Field.scientistnpc_heavy": "scientistnpc_heavy",
    "UI.Field.Tunnel Dweller": "ساكن النفق",
    "UI.Field.npc_tunneldweller|npc_tunneldwellerspawned": "npc_tunneldweller|npc_tunneldwellerspawned",
    "UI.Field.Underwater Lab Dweller": "ساكن المختبر تحت الماء",
    "UI.Field.npc_underwaterdweller": "npc_underwaterdweller",
    "UI.Column.RAID": "المداهمة",
    "UI.Field.Satchel": "الحقيبة (متفجر)",
    "UI.Field.explosive.satchel": "explosive.satchel",
    "UI.Field.Molotov": "مولوتوف",
    "UI.Field.grenade.molotov": "grenade.molotov",
    "UI.Field.Flashbang": "القنبلة الصوتية",
    "UI.Field.grenade.flashbang": "grenade.flashbang",
    "UI.Field.Survey Charge": "عبوة المسح",
    "UI.Field.surveycharge": "surveycharge",
    "UI.Field.Grenade": "القنبلة اليدوية",
    "UI.Field.grenade.f1": "grenade.f1",
    "UI.Field.Beancan": "قنبلة علب الفول",
    "UI.Field.grenade.beancan": "grenade.beancan",
    "UI.Field.Rocket": "الصاروخ",
    "UI.Field.ammo.rocket.basic": "ammo.rocket.basic",
    "UI.Field.Incendiary Rocket": "الصاروخ الحارق",
    "UI.Field.ammo.rocket.fire": "ammo.rocket.fire",
    "UI.Field.Rocket HV": "الصاروخ عالي السرعة",
    "UI.Field.ammo.rocket.hv": "ammo.rocket.hv",
    "UI.Field.Explosive 5.56 Rifle Ammo": "ذخيرة بندقية 5.56 متفجرة",
    "UI.Field.ammo.rifle.explosive": "ammo.rifle.explosive",
    "UI.Field.GL HE": "GL HE",
    "UI.Field.ammo.grenadelauncher.he": "ammo.grenadelauncher.he",
    "UI.Field.C4": "C4",
    "UI.Field.explosive.timed": "explosive.timed",
    "UI.Field.MLRS Rocket": "صاروخ MLRS",
    "UI.Field.ammo.rocket.mlrs": "ammo.rocket.mlrs",
    "UI.Column.RECYCLED": "معاد تدويره",
    "UI.Field.Propane Tanks": "خزان البروبان",
    "UI.Field.propanetank": "propanetank",
    "UI.Field.Gears": "التروس",
    "UI.Field.gears": "gears",
    "UI.Field.Metal Pipe": "الأنبوب المعدني",
    "UI.Field.metalpipe": "metalpipe",
    "UI.Field.Rifle Body": "هيكل البنادق",
    "UI.Field.riflebody": "riflebody",
    "UI.Field.Semi Body": "هيكل نصف-آلي",
    "UI.Field.semibody": "semibody",
    "UI.Field.Metal Springs": "الينابيع المعدنية",
    "UI.Field.metalspring": "metalspring",
    "UI.Field.Road Signs": "أشارات الطريق",
    "UI.Field.roadsigns": "roadsigns",
    "UI.Field.Sewing Kits": "عدة الخياطة",
    "UI.Field.sewingkit": "sewingkit",
    "UI.Field.Tarp": "القماش المشمع",
    "UI.Field.tarp": "tarp",
    "UI.Field.Rope": "الحبل",
    "UI.Field.rope": "rope",
    "UI.Field.Sheet Metal": "الصفائح المعدنية",
    "UI.Field.sheetmetal": "sheetmetal",
    "UI.Field.Fuse": "الصمام",
    "UI.Field.fuse": "fuse",
    "UI.Field.Metal Blade": "الشفرة المعدنية",
    "UI.Field.metalblade": "metalblade",
    "UI.Field.SMG Body": "هيكل الرشاش",
    "UI.Field.smgbody": "smgbody",
    "UI.Field.Tech Parts": "قطع التقنية",
    "UI.Field.techparts": "techparts",
    "UI.Field.Targeting Computer": "الكمبيوتر المستهدف",
    "UI.Field.targeting.computer": "targeting.computer",
    "UI.Field.CCTV Camera": "كاميرا المراقبة",
    "UI.Field.cctv.camera": "cctv.camera",
    "UI.Column.FIRED": "أُطلقت",
    "UI.Field.Pistol": "المسدس",
    "UI.Field.ammo.pistol": "ammo.pistol",
    "UI.Field.Pistol Incendiary": "المسدس (حارق)",
    "UI.Field.ammo.pistol.fire": "ammo.pistol.fire",
    "UI.Field.Pistol HV": "المسدس (عالي السرعة)",
    "UI.Field.ammo.pistol.hv": "ammo.pistol.hv",
    "UI.Field.Nailguns": "المسامير",
    "UI.Field.ammo.nailgun.nails": "ammo.nailgun.nails",
    "UI.Field.Rifle": "البندقية",
    "UI.Field.ammo.rifle": "ammo.rifle",
    "UI.Field.Rifle HV": "البندقية (عالي السرعة)",
    "UI.Field.ammo.rifle.hv": "ammo.rifle.hv",
    "UI.Field.Rifle Incendiary": "البندقية (حارقة)",
    "UI.Field.ammo.rifle.incendiary": "ammo.rifle.incendiary",
    "UI.Field.HandMades": "اليدوية الصنع",
    "UI.Field.ammo.handmade.shell": "ammo.handmade.shell",
    "UI.Field.GL Buckshot": ".GL Buckshot",
    "UI.Field.ammo.grenadelauncher.buckshot": "ammo.grenadelauncher.buckshot",
    "UI.Field.Shotgun Slug": "رصاصة بندقية",
    "UI.Field.ammo.shotgun.slug": "ammo.shotgun.slug",
    "UI.Field.Shotgun Fire": "بندقية (حارقة)",
    "UI.Field.ammo.shotgun.fire": "ammo.shotgun.fire",
    "UI.Field.Shotgun": "البندقية",
    "UI.Field.ammo.shotgun": "ammo.shotgun",
    "UI.Field.SnowBall": "كرة الثلج",
    "UI.Field.snowball": "snowball",
    "UI.Field.Wooden Arrow": "السهم الخشبي",
    "UI.Field.arrow.wooden": "arrow.wooden",
    "UI.Field.Fire Arrow": "السهم الناري",
    "UI.Field.arrow.fire": "arrow.fire",
    "UI.Field.Bone Arrow": "السهم العظمي",
    "UI.Field.arrow.bone": "arrow.bone",
    "UI.Field.High Velocity Arrow": "السهم عالي السرعة",
    "UI.Field.arrow.hv": "arrow.hv",
    "UI.Column.FISHING": "الصيد",
    "UI.Field.Anchovy": "الأنشوفة",
    "UI.Field.fish.anchovy": "fish.anchovy",
    "UI.Field.Catfish": "القرموط",
    "UI.Field.fish.catfish": "fish.catfish",
    "UI.Field.Herring": "الرنجة",
    "UI.Field.fish.herring": "fish.herring",
    "UI.Field.Orange Roughy": "السمكة الخَشِنة البرتقالية",
    "UI.Field.fish.orangeroughy": "fish.orangeroughy",
    "UI.Field.Salmon": "سمك السالمون",
    "UI.Field.fish.salmon": "fish.salmon",
    "UI.Field.Sardine": "السردين",
    "UI.Field.fish.sardine": "fish.sardine",
    "UI.Field.Small Shark": "القرش الصغير",
    "UI.Field.fish.smallshark": "fish.smallshark",
    "UI.Field.Small Trout": "التراوت الصغيرة",
    "UI.Field.fish.troutsmall": "fish.troutsmall",
    "UI.Field.Yellow Perch": "البيرش الأصفر",
    "UI.Field.fish.yellowperch": "fish.yellowperch",
    "UI.Field.Minnows": "سمكة الشبوط الصغير",
    "UI.Field.fish.minnows": "fish.minnows",
    "UI.Column.CRAFTED": "المصنوعة",
    "UI.Field.Garage Door": "باب الكراج",
    "UI.Field.wall.frame.garagedoor": "wall.frame.garagedoor",
    "UI.Field.Sheet Metal Double Door": "باب مزدوج معدني",
    "UI.Field.door.double.hinged.metal": "door.double.hinged.metal",
    "UI.Field.Armored Double Door": "باب مزدوج مدرع",
    "UI.Field.door.double.hinged.toptier": "door.double.hinged.toptier",
    "UI.Field.Wood Double Door": "باب مزدوج خشبي",
    "UI.Field.door.double.hinged.wood": "door.double.hinged.wood",
    "UI.Field.Sheet Metal Door": "باب معدني",
    "UI.Field.door.hinged.metal": "door.hinged.metal",
    "UI.Field.Armored Door": "باب مدرع",
    "UI.Field.door.hinged.toptier": "door.hinged.toptier",
    "UI.Field.Wood Door": "باب خشبي",
    "UI.Field.door.hinged.wood": "door.hinged.wood",
    "UI.Field.Large Wood Box": "صندوق خشبي كبير",
    "UI.Field.box.wooden.large": "box.wooden.large",
    "UI.Field.Wood Storage Box": "صندوق تخزين خشبي",
    "UI.Field.box.wooden": "box.wooden",
    "UI.Field.Flame Turret": "برج اللهب",
    "UI.Field.flameturret": "flameturret",
    "UI.Field.Shotgun Trap": "فخ البندقية",
    "UI.Field.guntrap": "guntrap",
    "UI.Field.Auto Turret": "البرج الآلي",
    "UI.Field.autoturret": "autoturret",
    "UI.Field.Code Lock": "قفل الكود",
    "UI.Field.lock.code": "lock.code",
    "UI.Field.Key Lock": "قفل المفتاح",
    "UI.Field.lock.key": "lock.key",
    "UI.Field.Wooden Ladder": "السلم الخشبي",
    "UI.Field.ladder.wooden.wall": "ladder.wooden.wall",
    "UI.Field.Medical Syringe": "حقنة طبية",
    "UI.Field.syringe.medical": "syringe.medical",
    "UI.Field.Bandage": "ضمد",
    "UI.Field.bandage": "bandage",
    "UI.Field.Large Medkit": "عدة الإسعافات الأولية الكبيرة",
    "UI.Field.largemedkit": "largemedkit",
    "UI.Field.Rocket Launcher": "قاذفة صواريخ",
    "UI.Field.rocket.launcher": "rocket.launcher",
    "UI.Field.HV Rocket": "صاروخ عالي السرعة",
    "UI.Field.Explosives": "المتفجرات",
    "UI.Field.explosives": "explosives",
    "UI.Field.Gun Powder": "مسحوق الرصاص",
    "UI.Field.gunpowder": "gunpowder",
    "UI.Field.Low Grade Fuel": "وقود منخفض الجودة",
    "UI.Field.lowgradefuel": "lowgradefuel",
    "UI.Column.LOOTED": "المسروقات",
    "UI.Field.Normal Crate": "الصندوق العادي",
    "UI.Field.crate_normal_2": "crate_normal_2",
    "UI.Field.Basic Crate": "الصندوق الأساسي",
    "UI.Field.crate_basic": "crate_basic",
    "UI.Field.Elite Crate": "الصندوق النخبوي",
    "UI.Field.crate_elite": "crate_elite",
    "UI.Field.Military Crate": "الصندوق العسكري",
    "UI.Field.crate_normal": "crate_normal",
    "UI.Field.Tools Crate": "صندوق الأدوات",
    "UI.Field.crate_tools": "crate_tools",
    "UI.Field.Supply Drop": "إمداد جوي",
    "UI.Field.supply_drop": "supply_drop",
    "UI.Field.Locked Crate": "الصندوق المقفل",
    "UI.Field.codelockedhackablecrate|codelockedhackablecrate_oilrig": "codelockedhackablecrate|codelockedhackablecrate_oilrig",
    "UI.Tabs.BUILDING": "إنشاء",
    "UI.Tabs.HITRATE": "معدل الاصابة",
    "UI.Field.Head kills": "القتل بالرأس",
    "UI.Field.HEAD": "رأس",
    "UI.Leaderboard.Column.Nickname": "اللقب",
    "UI.Leaderboard.Column.Kills": "القتل",
    "UI.Leaderboard.Column.Deaths": "الوفاة",
    "UI.Leaderboard.Column.KDR": "نسبة القتل/الوفاة",
    "UI.Leaderboard.Column.NPC Kills": "قتل NPC",
    "UI.Leaderboard.Column.Total online": "الإجمالي عبر الإنترنت",
    "UI.Leaderboard.Column.Scores": "النقاط",
    "UI.BodyParts.HEAD": "الرأس",
    "UI.BodyParts.ARM": "الذراع",
    "UI.BodyParts.CHEST": "الصدر",
    "UI.BodyParts.HIP": "الورك",
    "UI.BodyParts.BODY": "الجسد",
    "UI.BodyParts.NECK": "العنق",
    "UI.Building.wall.frame_twigs": "الإطار.الجدار- الفروع",
    "UI.Grade.twigs": "الفروع",
    "UI.Building.wall.frame_wood": "الإطار.الجدار- الخشب",
    "UI.Grade.wood": "الخشب",
    "UI.Building.wall.frame_stone": "الإطار.الجدار- الحجر",
    "UI.Grade.stone": "الحجر",
    "UI.Building.wall.frame_metal": "الإطار.الجدار- المعدن",
    "UI.Grade.metal": "المعدن",
    "UI.Building.wall.frame_toptier": "الإطار.الجدار- الدرجة الأعلى",
    "UI.Grade.toptier": "الدرجة الأعلى",
    "UI.Building.wall.frame_count": "الإطار.الجدار- العدد",
    "UI.Grade.count": "العدد",
    "UI.Building.wall.frame_none": "الإطار.الجدار- لا توجد",
    "UI.Grade.none": "لا يوجد",
    "UI.Building.block.stair.ushape_twigs": "الدرجة.السلم.U- الفروع",
    "UI.Building.block.stair.ushape_wood": "الدرجة.السلم.U- الخشب",
    "UI.Building.block.stair.ushape_stone": "الدرجة.السلم.U- الحجر",
    "UI.Building.block.stair.ushape_metal": "الدرجة.السلم.U- المعدن",
    "UI.Building.block.stair.ushape_toptier": "الدرجة.السلم.U- الدرجة الأعلى",
    "UI.Building.block.stair.ushape_count": "الدرجة.السلم.U- العدد",
    "UI.Building.block.stair.ushape_none": "الدرجة.السلم.U- لا يوجد",
    "UI.Building.roof_twigs": "السطح- الفروع",
    "UI.Building.roof_wood": "السطح- الخشب",
    "UI.Building.roof_stone": "السطح- الحجر",
    "UI.Building.roof_metal": "السطح- المعدن",
    "UI.Building.roof_toptier": "السطح- الدرجة الأعلى",
    "UI.Building.roof_count": "السطح- العدد",
    "UI.Building.roof_none": "السطح- لا يوجد",
    "UI.Building.wall.window_twigs": "الجدار.النافذة- الفروع",
    "UI.Building.wall.window_wood": "الجدار.النافذة- الخشب",
    "UI.Building.wall.window_stone": "الجدار.النافذة- الحجر",
    "UI.Building.wall.window_metal": "الجدار.النافذة- المعدن",
    "UI.Building.wall.window_toptier": "الجدار.النافذة- الدرجة الأعلى",
    "UI.Building.wall.window_count": "الجدار.النافذة- العدد",
    "UI.Building.wall.window_none": "الجدار.النافذة- لا توجد",
    "UI.Building.floor.triangle.frame_twigs": "الأرضية.الإطار.المثلث- الفروع",
    "UI.Building.floor.triangle.frame_wood": "الأرضية.الإطار.المثلث- الخشب",
    "UI.Building.floor.triangle.frame_stone": "الأرضية.الإطار.المثلث- الحجر",
    "UI.Building.floor.triangle.frame_metal": "الأرضية.الإطار.المثلث- المعدن",
    "UI.Building.floor.triangle.frame_toptier": "الأرضية.الإطار.المثلث- الدرجة الأعلى",
    "UI.Building.floor.triangle.frame_count": "الأرضية.الإطار.المثلث- العدد",
    "UI.Building.floor.triangle.frame_none": "الأرضية.الإطار.المثلث- لا يوجد",
    "UI.Building.wall.low_twigs": "الجدار.المنخفض- الفروع",
    "UI.Building.wall.low_wood": "الجدار.المنخفض- الخشب",
    "UI.Building.wall.low_stone": "الجدار.المنخفض- الحجر",
    "UI.Building.wall.low_metal": "الجدار.المنخفض- المعدن",
    "UI.Building.wall.low_toptier": "الجدار.المنخفض- الدرجة الأعلى",
    "UI.Building.wall.low_count": "الجدار.المنخفض- العدد",
    "UI.Building.wall.low_none": "الجدار.المنخفض- لا توجد",
    "UI.Building.wall.half_twigs": "الجدار.النصف- الفروع",
    "UI.Building.wall.half_wood": "الجدار.النصف- الخشب",
    "UI.Building.wall.half_stone": "الجدار.النصف- الحجر",
    "UI.Building.wall.half_metal": "الجدار.النصف- المعدن",
    "UI.Building.wall.half_toptier": "الجدار.النصف- الدرجة الأعلى",
    "UI.Building.wall.half_count": "الجدار.النصف- العدد",
    "UI.Building.wall.half_none": "الجدار.النصف- لا توجد",
    "UI.Building.roof.triangle_twigs": "السطح.المثلث- الفروع",
    "UI.Building.roof.triangle_wood": "السطح.المثلث- الخشب",
    "UI.Building.roof.triangle_stone": "السطح.المثلث- الحجر",
    "UI.Building.roof.triangle_metal": "السطح.المثلث- المعدن",
    "UI.Building.roof.triangle_toptier": "السطح.المثلث- الدرجة الأعلى",
    "UI.Building.roof.triangle_count": "السطح.المثلث- العدد",
    "UI.Building.roof.triangle_none": "السطح.المثلث- لا يوجد",
    "UI.Building.foundation.steps_twigs": "الأساس.الخطوات- الفروع",
    "UI.Building.foundation.steps_wood": "الأساس.الخطوات- الخشب",
    "UI.Building.foundation.steps_stone": "الأساس.الخطوات- الحجر",
    "UI.Building.foundation.steps_metal": "الأساس.الخطوات- المعدن",
    "UI.Building.foundation.steps_toptier": "الأساس.الخطوات- الدرجة الأعلى",
    "UI.Building.foundation.steps_count": "الأساس.الخطوات- العدد",
    "UI.Building.foundation.steps_none": "الأساس.الخطوات- لا تتوفر",
    "UI.Building.floor_twigs": "الأرضية- الفروع",
    "UI.Building.floor_wood": "الأرضية- الخشب",
    "UI.Building.floor_stone": "الأرضية- الحجر",
    "UI.Building.floor_metal": "الأرضية- المعدن",
    "UI.Building.floor_toptier": "الأرضية- الدرجة الأعلى",
    "UI.Building.floor_count": "الأرضية- العدد",
    "UI.Building.floor_none": "الأرضية- لا توجد",
    "UI.Building.ramp_twigs": "المنحدر- الفروع",
    "UI.Building.ramp_wood": "المنحدر- الخشب",
    "UI.Building.ramp_stone": "المنحدر- الحجر",
    "UI.Building.ramp_metal": "المنحدر- المعدن",
    "UI.Building.ramp_toptier": "المنحدر- الدرجة الأعلى",
    "UI.Building.ramp_count": "المنحدر- العدد",
    "UI.Building.ramp_none": "المنحدر- لا يوجد",
    "UI.Building.wall_twigs": "الجدار- الفروع",
    "UI.Building.wall_wood": "الجدار- الخشب",
    "UI.Building.wall_stone": "الجدار- الحجر",
    "UI.Building.wall_metal": "الجدار- المعدن",
    "UI.Building.wall_toptier": "الجدار- الدرجة الأعلى",
    "UI.Building.wall_count": "الجدار- العدد",
    "UI.Building.wall_none": "الجدار- لا يوجد",
    "UI.Building.wall.doorway_twigs": "الجدار.باب- الفروع",
    "UI.Building.wall.doorway_wood": "الجدار.باب- الخشب",
    "UI.Building.wall.doorway_stone": "الجدار.باب- الحجر",
    "UI.Building.wall.doorway_metal": "الجدار.باب- المعدن",
    "UI.Building.wall.doorway_toptier": "الجدار.باب- الدرجة الأعلى",
    "UI.Building.wall.doorway_count": "الجدار.باب- العدد",
    "UI.Building.wall.doorway_none": "الجدار.باب- لا يوجد",
    "UI.Building.block.stair.lshape_twigs": "الدرجة.السلم.L- الفروع",
    "UI.Building.block.stair.lshape_wood": "الدرجة.السلم.L- الخشب",
    "UI.Building.block.stair.lshape_stone": "الدرجة.السلم.L- الحجر",
    "UI.Building.block.stair.lshape_metal": "الدرجة.السلم.L- المعدن",
    "UI.Building.block.stair.lshape_toptier": "الدرجة.السلم.L- الدرجة الأعلى",
    "UI.Building.block.stair.lshape_count": "الدرجة.السلم.L- العدد",
    "UI.Building.block.stair.lshape_none": "الدرجة.السلم.L- لا يوجد",
    "UI.Building.foundation.triangle_twigs": "الأساس.المثلث- الفروع",
    "UI.Building.foundation.triangle_wood": "الأساس.المثلث- الخشب",
    "UI.Building.foundation.triangle_stone": "الأساس.المثلث- الحجر",
    "UI.Building.foundation.triangle_metal": "الأساس.المثلث- المعدن",
    "UI.Building.foundation.triangle_toptier": "الأساس.المثلث- الدرجة الأعلى",
    "UI.Building.foundation.triangle_count": "الأساس.المثلث- العدد",
    "UI.Building.foundation.triangle_none": "الأساس.المثلث- لا توجد",
    "UI.Building.floor.triangle_twigs": "الأرضية.المثلث- الفروع",
    "UI.Building.floor.triangle_wood": "الأرضية.المثلث- الخشب",
    "UI.Building.floor.triangle_stone": "الأرضية.المثلث- الحجر",
    "UI.Building.floor.triangle_metal": "الأرضية.المثلث- المعدن",
    "UI.Building.floor.triangle_toptier": "الأرضية.المثلث- الدرجة الأعلى",
    "UI.Building.floor.triangle_count": "الأرضية.المثلث- العدد",
    "UI.Building.floor.triangle_none": "الأرضية.المثلث- لا توجد",
    "UI.Building.floor.frame_twigs": "الأرضية.الإطار- الفروع",
    "UI.Building.floor.frame_wood": "الأرضية.الإطار- الخشب",
    "UI.Building.floor.frame_stone": "الأرضية.الإطار- الحجر",
    "UI.Building.floor.frame_metal": "الأرضية.الإطار- المعدن",
    "UI.Building.floor.frame_toptier": "الأرضية.الإطار- الدرجة الأعلى",
    "UI.Building.floor.frame_count": "الأرضية.الإطار- العدد",
    "UI.Building.floor.frame_none": "الأرضية.الإطار- لا يوجد",
    "UI.Building.foundation_twigs": "الأساس- الفروع",
    "UI.Building.foundation_wood": "الأساس- الخشب",
    "UI.Building.foundation_stone": "الأساس- الحجر",
    "UI.Building.foundation_metal": "الأساس- المعدن",
    "UI.Building.foundation_toptier": "الأساس- الدرجة الأعلى",
    "UI.Building.foundation_count": "الأساس- العدد",
    "UI.Building.foundation_none": "الأساس- لا يوجد",
    "UI.Building.block.stair.spiral_twigs": "الدرجة.السلم.المحلق- الفروع",
    "UI.Building.block.stair.spiral_wood": "الدرجة.السلم.المحلق- الخشب",
    "UI.Building.block.stair.spiral_stone": "الدرجة.السلم.المحلق- الحجر",
    "UI.Building.block.stair.spiral_metal": "الدرجة.السلم.المحلق- المعدن",
    "UI.Building.block.stair.spiral_toptier": "الدرجة.السلم.المحلق- الدرجة الأعلى",
    "UI.Building.block.stair.spiral_count": "الدرجة.السلم.المحلق- العدد",
    "UI.Building.block.stair.spiral_none": "الدرجة.السلم.المحلق- لا توجد",
    "UI.Building.block.stair.spiral.triangle_twigs": "الدرجة.السلم.المحلق.المثلث- الفروع",
    "UI.Building.block.stair.spiral.triangle_wood": "الدرجة.السلم.المحلق.المثلث- الخشب",
    "UI.Building.block.stair.spiral.triangle_stone": "الدرجة.السلم.المحلق.المثلث- الحجر",
    "UI.Building.block.stair.spiral.triangle_metal": "الدرجة.السلم.المحلق.المثلث- المعدن",
    "UI.Building.block.stair.spiral.triangle_toptier": "الدرجة.السلم.المحلق.المثلث- الدرجة الأعلى",
    "UI.Building.block.stair.spiral.triangle_count": "الدرجة.السلم.المحلق.المثلث- العدد",
    "UI.Building.block.stair.spiral.triangle_none": "الدرجة.السلم.المحلق.المثلث- لا توجد"
}
