{
  "ConnectionError": "حدث خطأ في الاتصال. يرجى المحاولة مرة أخرى أو الاتصال بمسؤول إذا استمرت المشكلة.",
  "RemovedMsg": "تمت إزالتك من المجموعة الموثقة لأنك ألغيت ربط حساباتك.\nاتصل بمسؤول إذا لم تقم بإلغاء الربط.",
  "RemovedNitroMsg": "تمت إزالتك من مجموعة النيترو لأن دعمك تم إلغاؤه.\nاتصل بمسؤول إذا كانت هناك مشكلة.",
  "VerifyMsg": "مرحباً، تأكد من التحقق في {0} للحصول على بعض المكافآت الرائعة.",
  "ThanksMsg": "تم التحقق وربط حساباتك بنجاح. شكراً!",
  "SteamNotVerified": "أنت في مجموعة Steam، لكن لم يتم التحقق منك. يرجى التحقق في موقعنا.",
  "ThanksNitroMsg": "لقد دعمت ديسكورد خاصتنا بنجاح. شكراً!",
  "RemovedSteamMsg": "تمت إزالتك من مجموعة المكافآت Steam لتركك مجموعة Steam.",
  "ThanksSteamMsg": "لقد انضممت إلى مجموعة Steam خاصتنا بنجاح. شكراً!",
  "NotClient": "هذا الأمر مخصص للتنفيذ من قِبل العميل، وليس من لوحة الأوامر.",
  "OnCooldown": "أنت حالياً في فترة انتظار قبل اعادة استخدام هذا الأمر.",
  "NoUsers": "UniversalLink: الاستجابة المستلمة لا تحتوي على أي مستخدمين."
}