{
    "Store": "<color=#838383>[</color><color=#f7432a>BestRust Servers</color><color=#838383>]</color> Náš obchod je velmi snadno použitelný, můžete nakoupit <color=#f5e942>VIP Ranks a Kits</color> pouze <color=#f5e942>od 1€</color> a obdržíte je okamžitě. \nMůžete platit <color=#ff7763>všemi platebními metodami</color>, dokonce i <color=#f5e942>Rust skiny</color> a <color=#f5e942>cryptem</color>. Použijte <color=#f7432a>/kit</color> a podívejte se na kity.\n\nVýhody VIP zahrnují <color=#ff7763>Kits</color>, <color=#ff7763>Přeskočení čekací fronty</color>, <color=#ff7763>Skinbox</color>, <color=#ff7763>Spawn s více zdravím, vodou a jídlem</color> & <color=#ff7763>další výhody</color>, tak se podívejte do našeho obchodu!\n\nDíky všem, kteří podporují naše servery a pomáhají nám je udržovat v provozu!\n\n<color=#ff5c45>https://store.bestrustservers.com/</color>",
    "Splits": "<color=#838383>[</color><color=#f7432a>BestRust Servers</color><color=#838383>]</color> Get <color=#f5e942>Multiple Very OP kit rewards</color> for depositing on splits.gg with the <color=#f5e942>BESTRUST code</color>. </color>Check <color=#ff5c45>/kit</color> for the rewards and make sure you use the <color=#f5e942>BESTRUST code</color> when you deposit on splits.gg",
    "PlaytimeRewards": "<color=#838383>[</color><color=#f7432a>BestRust Servers</color><color=#838383>]</color> Můžete získat <color=#7dda58>zdarma kity</color> a <color=#e1c05f>odměny</color> dosažením určité ho času hraní na BestRust serverech.\n\nSvůj čas hraní a další informace zjistíte pomocí příkazu <color=#ff5c45>/playtime</color>.",
    "Store2": "<color=#838383>[</color><color=#f7432a>BestRust Servers</color><color=#838383>]</color> Náš obchod je velmi snadno použitelný, můžete nakoupit <color=#f5e942>VIP Ranky a Kity</color> pouze <color=#f5e942>od 1€</color> a obdržíte je okamžitě. \nMůžete platit <color=#ff7763>všemi platebními metodami</color>, dokonce i <color=#f5e942>Rust skiny</color> a <color=#f5e942>cryptem</color>. Použijte <color=#f7432a>/kit</color> a podívejte se na kity.\n\nVýhody VIP zahrnují <color=#ff7763>Kits</color>, <color=#ff7763>Přeskočení čekací fronty</color>, <color=#ff7763>Skinbox</color>, <color=#ff7763>Spawn s více zdravím, vodou a jídlem</color> & <color=#ff7763>další výhody</color>, tak se podívejte do našeho obchodu!\n\nDíky všem, kteří podporují naše servery a pomáhají nám je udržovat v provozu!\n\n<color=#ff5c45>https://store.bestrustservers.com/</color>",
    "Splits2": "<color=#838383>[</color><color=#f7432a>BestRust Servers</color><color=#838383>]</color> Get <color=#f5e942>3 free high value rust skins and a free kit</color> by using the <color=#f5e942>BESTRUST code</color>on splits.gg",
    "Staff": "<color=#838383>[</color><color=#f7432a>BestRust Servers</color><color=#838383>]</color> Chcete získat <color=#f5e942>zdarma VIP, skutečné peníze nebo skiny</color>?\nHledáme nové členy týmu. Můžete se přihlásit jako <color=#7dda58>Moderátor</color>, <color=#da5a5a>Admin</color>, <color=#cc6ce7>Community Manager</color> nebo <color=#d49a17>Content Creator</color>.\n\nPokud máte zájem, navštivte kanál #open-applications na našem Discordu: <color=#ff5c45>discord.gg/bestrustservers</color>",
    "Store3": "<color=#838383>[</color><color=#f7432a>BestRust Servers</color><color=#838383>]</color> Náš obchod je velmi snadno použitelný, můžete nakoupit <color=#f5e942>VIP Ranky a Kity</color> pouze <color=#f5e942>od 1€</color> a obdržíte je okamžitě. \nMůžete platit <color=#ff7763>všemi platebními metodami</color>, dokonce i <color=#f5e942>Rust skiny</color> a <color=#f5e942>cryptem</color>. Použijte <color=#f7432a>/kit</color> a podívejte se na kity.\n\nVýhody VIP zahrnují <color=#ff7763>Kits</color>, <color=#ff7763>Přeskočení čekací fronty</color>, <color=#ff7763>Skinbox</color>, <color=#ff7763>Spawn s více zdravím, vodou a jídlem</color> & <color=#ff7763>další výhody</color>, tak se podívejte do našeho obchodu!\n\nDíky všem, kteří podporují naše servery a pomáhají nám je udržovat v provozu!\n\n<color=#ff5c45>https://store.bestrustservers.com/</color>",
    "Splits3": "<color=#838383>[</color><color=#f7432a>BestRust Servers</color><color=#838383>]</color> Get <color=#f5e942>Multiple Very OP kit rewards</color> for depositing on splits.gg with the <color=#f5e942>BESTRUST code</color>. </color>Check <color=#ff5c45>/kit</color> for the rewards and make sure you use the <color=#f5e942>BESTRUST code</color> when you deposit on splits.gg",
    "Discord": "<color=#838383>[</color><color=#f7432a>BestRust Servers</color><color=#838383>]</color> Pokud potřebujete pomoc nebo chcete nahlásit hráče, vytvořte ticket na našem Discordu. Jsme vždy rádi, že vám můžeme pomoci! <color=#ff5c45>discord.gg/bestrustservers</color>"
}
