{
    "Playtime": "<color=#838383>[</color><color=#f7432a>BestRust Servers</color><color=#838383>]</color> Můžete získat <color=#7dda58>přeskočení fronty</color> dosažením určitého herního času na BestRust serverech.\n\nSvůj herní čas si můžete zkontrolovat a přečíst více informací pomocí příkazu <color=#ff5c45>/playtime</color>.",
    "RustMagic": "<color=#838383>[</color><color=#f7432a>BestRust Servers</color><color=#838383>]</color> Získejte <color=#f5e942>3 drahocenné Rust skiny zdarma</color> zde pomocí kódu <color=#f5e942>BESTRUST</color>: https://splits.gg/r/BESTRUST",
    "Store": "<color=#838383>[</color><color=#f7432a>BestRust Servers</color><color=#838383>]</color> Můžete si koupit <color=#f5e942>VIP - Přeskočení fronty jen za 1€</color>, podívejte se do našeho obchodu! Klikněte na zobrazení webové stránky, abyste se dostali do našeho obchodu.<color=#ff5c45>https://store.bestrustservers.com/</color>",
    "Staff": "<color=#838383>[</color><color=#f7432a>BestRust Servers</color><color=#838383>]</color> Chcete získat <color=#f5e942>VIP zdarma, skutečné peníze nebo skiny</color>?\nHledáme nové členy týmu. Můžete se přihlásit na pozice <color=#7dda58>Moderátor</color>, <color=#da5a5a>Admin</color>, <color=#cc6ce7>comunity manager</color> nebo <color=#d49a17>content creator</color>.\n\nPokud máte zájem, navštivte kanál #open-applications na našem Discordu: <color=#ff5c45>discord.gg/bestrustservers</color>",
    "RustMagic2": "<color=#838383>[</color><color=#f7432a>BestRust Servers</color><color=#838383>]</color> Získejte <color=#f5e942>3 drahocenné Rust skiny zdarma</color> zde pomocí kódu <color=#f5e942>BESTRUST</color>: https://splits.gg/r/BESTRUST",
    "Store2": "<color=#838383>[</color><color=#f7432a>BestRust Servers</color><color=#838383>]</color> Můžete si koupit <color=#f5e942>VIP - Přeskočení fronty jen za 1€</color>, podívejte se do našeho obchodu! Klikněte na zobrazení webové stránky, abyste se dostali do našeho obchodu.<color=#ff5c45>https://store.bestrustservers.com/</color>",
    "Discord": "<color=#838383>[</color><color=#f7432a>BestRust Servers</color><color=#838383>]</color> Pokud potřebujete pomoc nebo chcete nahlásit hráče, prosím vytvořte tiket na našem Discordu. Rádi vám pomůžeme! <color=#ff5c45>discord.gg/bestrustservers</color>"
}