{
  "Prefix": "<color=#D85540>[Sdílení Blueprintů]</color> ",
  "ArgumentsError": "Špatné použití příkazu. Zkus <color=#ffff00>/bs help</color>.",
  "Help": "<color=#D85540>Příkazy pro Sdílení Blueprintů:</color>\n<color=#D85540>/bs toggle</color> - Zapni/vypni automatické sdílení blueprintů\n<color=#D85540>/bs share <player></color> - Sdílej své naučené blueprinty s hráčem\n<color=#D85540>/bs show <team|clan|friend> [name]</color> - Zobrazení blueprintů sdílených s tebou\n<color=#D85540>/bs help</color> - Zobraz nápovědu",
  "ToggleOn": "Sdílení blueprintů je nyní <color=#00ff00>zapnuto</color>.",
  "ToggleOff": "Sdílení blueprintů je nyní <color=#ff0000>vypnuto</color>.",
  "NoPermission": "Nemáš oprávnění použít tento příkaz.",
  "CannotShare": "Nelze sdílet blueprinty s tímto hráčem, musí být v tvém týmu, klanu, nebo seznamu přátel.",
  "NoTarget": "Musíš specifikovat hráče, se kterým chceš sdílet.",
  "TargetEqualsPlayer": "Nemůžeš sdílet blueprinty sám se sebou.",
  "PlayerNotFound": "Hráč nenalezen.",
  "PlayerSharedBlueprints": "Sdílel(a) jsi <color=#ffff00>{0}</color> blueprint(y) s <color=#ffff00>{1}</color>.",
  "TargetLearntBlueprints": "<color=#ffff00>{0}</color> sdílel(a) s tebou <color=#ffff00>{1}</color> blueprint(y).",
  "NoBlueprintsToShare": "Nemáš žádné nové blueprinty k sdílení s <color=#ffff00>{0}</color>.",
  "PlayerSharedBlueprint": "Naučil(a) ses blueprint <color=#ffff00>{0}</color> a sdílel(a) ho s <color=#ffff00>{1}</color> hráči.",
  "TargetLearntBlueprint": "<color=#ffff00>{0}</color> sdílel(a) s tebou blueprint <color=#ffff00>{1}</color>.",
  "BlueprintBlocked": "Blueprint <color=#ffff00>{0}</color> je zablokován ze sdílení, ale stále ses ho naučil(a).",
  "TargetSharingDisabled": "Nelze sdílet blueprinty s <color=#ffff00>{0}</color> - sdílení má zakázáno.",
  "BlueprintsRemoved": "Přišel/přišla jsi o přístup k <color=#ffff00>{0}</color> blueprintům.",
  "ShowMissingArgument": "Musíš specifikovat, jaké sdílené blueprinty chceš vidět. Možnosti: <color=#ffff00>team</color>, <color=#ffff00>clan</color>, nebo <color=#ffff00>friend</color>.",
  "ShowFriendArgumentMissing": "Musíš zadat jméno přítele.",
  "NotFriends": "Nejsi přítel s tímto hráčem.",
  "NoSharedBlueprints": "Žádné blueprinty s tebou nebyly sdíleny.",
  "SharedBlueprintsTitle": "Blueprinty Sdílené S Tebou:",
  "ShowSharedBlueprints": "<color=#ffff00>Úroveň {0}:</color> {1}",
  "LoseBlueprintsDisabled": "Tato funkce byla vypnuta správcem serveru."
}