{
  "Notification.ClanInfo.Title": "<size=18><color=#ffa500>Klan</color></size><size=14><color=#ce422b> NOVÝ</color></size>",
  "Notification.ClanInfo.Tag": "\nZnačka klanu: <color=#b2eece>{0}</color>",
  "Notification.ClanInfo.Description": "\nPopis: <color=#b2eece>{0}</color>",
  "Notification.ClanInfo.Online": "\nČlenové online: {0}",
  "Notification.ClanInfo.Offline": "\nČlenové offline: {0}",
  "Notification.ClanInfo.Members": "\nČlenové: {0}",
  "Notification.ClanInfo.Established": "\nZaloženo: <color=#b2eece>{0}</color>",
  "Notification.ClanInfo.LastOnline": "\nNaposledy online: <color=#b2eece>{0}</color>",
  "Notification.ClanInfo.Alliances": "\nAliance: <color=#b2eece>{0}</color>",
  "Notification.ClanInfo.Alliances.None": "Žádná",
  "Notification.ClanInfo.TotalMembers": "\nČlenové: <color=#b2eece>{0}</color>",
  "Notification.ClanInfo.TotalAlliances": "\nAliance: <color=#b2eece>{0}</color>",
  "Notification.Create.InExistingClan": "Již jsi členem klanu",
  "Notification.Create.NoPermission": "Nemáš oprávnění vytvořit klan",
  "Notification.Create.TagReserved1": "Značka {0} je rezervována pro jiného hráče",
  "Notification.Create.InvalidTagLength": "Zvolená značka je neplatná. Musí mít mezi {0} a {1} znaky",
  "Notification.Create.InvalidCharacters": "Zvolená značka obsahuje nepovolené znaky/slova",
  "Notification.Create.ClanExists": "Klan s touto značkou již existuje",
  "Notification.Create.NoNativeCreate": "Musíš vytvořit klan pomocí /clan create <tag> <description>",
  "Notification.Create.Success": "Vytvořil jsi klan <color=#aaff55>[{0}]</color>",
  "Notification.Kick.IsOwner": "Nemůžeš vyhodit vlastníka klanu",
  "Notification.Kick.NoPermissions": "Nemáš dostatečné oprávnění na vyhození členů klanu",
  "Notification.Kick.NotClanmember": "Cíl není členem tvého klanu",
  "Notification.Kick.Self": "Nemůžeš vyhodit sám sebe",
  "Notification.Kick.NotEnoughRank": "Pouze vlastník klanu může vyhodit dalšího hodnostáře",
  "Notification.Kick.NoPlayerFound": "Nelze najít hráče se tímto jménem nebo ID",
  "Notification.Kick.Message": "{0} vyhodil {1} z klanu!",
  "Notification.Kick.PlayerMessage": "{0} tě vyhodil z klanu!",
  "Notification.Kick.NoPermission": "Nemáš oprávnění vyhodit členy klanu",
  "Notification.Leave.Message": "{0} opustil klan!",
  "Notification.Leave.PlayerMessage": "Opustil jsi klan <color=#aaff55>[{0}]</color>!",
  "Notification.Leave.NewOwner": "{0} je nyní vůdce klanu!",
  "Notification.Leave.NoPermission": "Nemáš oprávnění opustit tento klan",
  "Notification.Join.NoPermission": "Nemáš oprávnění připojit se k klanu",
  "Notification.Join.ExpiredInvite": "Tvé pozvání do {0} vypršelo!",
  "Notification.Join.InExistingClan": "Již jsi členem jiného klanu",
  "Notification.Join.Message": "{0} se připojil ke klanu!",
  "Notification.Invite.NoPermissions": "Nemáš dostatečné oprávnění pro pozvání dalších hráčů",
  "Notification.Invite.InviteLimit": "Už máš maximální počet povolených pozvání",
  "Notification.Invite.InviteCooldown": "Musíš počkat ještě {0}, než můžeš pozvat nové členy do klanu",
  "Notification.Invite.HasPending": "{0} má již čekající pozvánku do klanu",
  "Notification.Invite.IsMember": "{0} je již členem klanu",
  "Notification.Invite.InClan": "{0} je již členem jiného klanu",
  "Notification.Invite.NoPermission": "{0} nemá potřebné oprávnění pro vstup do klanu",
  "Notification.Invite.SuccesTarget": "Byl jsi pozván do klanu: <color=#aaff55>[{0}]</color> '{1}'\nChceš-li se připojit, zadej: <color=#ffd479>/{2} accept {0}</color>",
  "Notification.Invite.SuccessClan": "{0} pozval {1}, aby se připojil ke klanu",
  "Notification.PendingInvites": "Máš čekající pozvánky od: {0}\nPro připojení k klanu zadej: <color=#ffd479>/{1} accept <tag></color>",
  "Notification.WithdrawInvite.NoPermissions": "Nemáš dostatečné oprávnění ke stažení pozvání",
  "Notification.WithdrawInvite.UnableToFind": "Nelze najít pozvání pro hráče s {0}",
  "Notification.WithdrawInvite.Success": "{0} odvolal pozvání pro {1}",
  "Notification.RejectInvite.InvalidInvite": "Nemáš pozvání pro připojení k <color=#aaff55>[{0}]</color>",
  "Notification.RejectInvite.Message": "{0} odmítl pozvání připojit se k tvému klanu",
  "Notification.RejectInvite.PlayerMessage": "Odmítl jsi pozvání připojit se k <color=#aaff55>[{0}]</color>",
  "Notification.Promotion.NoPermissions": "Nemáš dostatečné oprávnění pro povýšení ostatních hráčů",
  "Notification.Promotion.TargetNoClan": "{0} není členem tvého klanu",
  "Notification.Promotion.IsOwner": "Nemůžeš povýšit vůdce klanu",
  "Notification.Promotion.IsCouncil": "Nemůžeš povýšit výš než na úroveň rady",
  "Notification.Promotion.CouncilTaken": "Úroveň rady již byla udělena",
  "Notification.Promotion.ModeratorLimit": "Už máš maximální počet moderátorů",
  "Notification.Promotion.IsModerator": "Nemůžeš povýšit výš než na moderátora",
  "Notification.Promotion.Message": "{0} byl povýšen na pozici {1} uživatelem {2}",
  "Notification.Demotion.NoPermissions": "Nemáš dostatečné oprávnění pro degradaci ostatních hráčů",
  "Notification.Demotion.IsOwner": "Nemůžeš degradovat vůdce klanu",
  "Notification.Demotion.IsMember": "{0} je již na nejnižší pozici",
  "Notification.Demotion.Message": "{0} byl degradován na pozici {1} uživatelem {2}",
  "Notification.Alliance.NoPermissions": "Nemáš dostatečné oprávnění pro správu aliancí",
  "Notification.Alliance.PendingInvite": "<color=#aaff55>[{0}]</color> již má čekající pozvání do aliance",
  "Notification.Alliance.MaximumInvites": "Už máš maximální počet povolených pozvání do aliancí",
  "Notification.Alliance.MaximumAlliances": "Už máš maximální počet aliancí",
  "Notification.Alliance.InviteSent": "Poslal jsi klanové pozvání do aliance klanu <color=#aaff55>[{0}]</color>\nPlatnost pozvání vyprší za: {1}",
  "Notification.Alliance.InviteReceived": "Obdržel jsi klanové pozvání do aliance od <color=#aaff55>[{0}]</color>\nChceš-li přijmout, zadej: <color=#ffd479>/{2} accept {0}</color>\nPlatnost pozvání vyprší za: {1}",
  "Notification.Alliance.NoActiveInvite": "Nemáš aktivní pozvání do aliance pro <color=#aaff55>[{0}]</color>",
  "Notification.Alliance.NoActiveInviteFrom": "Nemáš aktivní pozvání do aliance od <color=#aaff55>[{0}]</color>",
  "Notification.Alliance.WithdrawnClan": "{0} stáhl pozvání do aliance pro <color=#aaff55>[{1}]</color>",
  "Notification.Alliance.WithdrawnTarget": "<color=#aaff55>[{0}]</color> stáhl své pozvání do aliance",
  "Notification.Alliance.AtLimitTarget": "<color=#aaff55>[{0}]</color> aktuálně má maximální počet aliancí",
  "Notification.Alliance.AtLimitSelf": "Tvůj klan aktuálně má maximální počet aliancí",
  "Notification.Alliance.AtLimitAlliedMembersTarget": "Počet členů klanu <color=#aaff55>[{0}]</color> plus počet členů aliance plus počet členů tvého klanu překračuje povolený limit",
  "Notification.Alliance.AtLimitAlliedMembersSelf": "Počet členů tvého klanu plus počet členů aliance plus počet členů tohoto klanu překračuje povolený limit",
  "Notification.Alliance.Formed": "<color=#aaff55>[{0}]</color> vytvořil alianci s <color=#aaff55>[{1}]</color>",
  "Notification.Alliance.Rejected": "<color=#aaff55>[{0}]</color> odmítl vytvořit alianci s <color=#aaff55>[{1}]</color>",
  "Notification.Alliance.Revoked": "<color=#aaff55>[{0}]</color> zrušil alianci s <color=#aaff55>[{1}]</color>",
  "Notification.Alliance.NoActiveAlliance": "Momentálně nemáš alianci s <color=#aaff55>[{0}]</color>",
  "Notification.FF.MemberEnabled": "Členové klanu <color=#ffd479>budou</color> dostávat poškození z přátelské palby",
  "Notification.FF.MemberDisabled": "Členové klanu <color=#ffd479>nebudou</color> dostávat poškození z přátelské palby",
  "Notification.FF.AllyEnabled": "Spojenci <color=#ffd479>budou</color> dostávat poškození z přátelské palby",
  "Notification.FF.AllyDisabled": "Spojenci <color=#ffd479>nebudou</color> dostávat poškození z přátelské palby",
  "Notification.FF.IsEnabled": "<color=#aaff55>Povolené</color>",
  "Notification.FF.IsDisabled": "<color=#ce422b>Zakázané</color>",
  "Notification.FF.OnHitClanMember": "{0} je členem klanu a nemůže být zraněn.\nChceš-li přepnout přátelskou palbu, zadej: <color=#ffd479>/{1}</color>",
  "Notification.FF.OnHitAllyMember": "{0} je členem spojeneckého klanu a nemůže být zraněn.\nChceš-li přepnout přátelskou palbu spojenců, zadej: <color=#ffd479>/{1}</color>",
  "Notification.FF.ToggleNotOwner": "Pouze vlastník klanu nebo rada může přepnout přátelskou palbu",
  "Notification.FF.OwnerToggle": "{0} přepnul přátelskou palbu.\n{1}",
  "Notification.FF.OwnerAllyToggle": "{0} přepnul přátelskou palbu spojenců.\n{1}",
  "Notification.ClanHelp.NoClan": "\nDostupné příkazy:\n<color=#ffd479>/{0} create <tag> \"description\"</color> - Vytvořit nový klan\n<color=#ffd479>/{0} accept <tag></color> - Připojit se ke klanu pozvánkou\n<color=#ffd479>/{0} reject <tag></color> - Odmítnout pozvánku do klanu",
  "Notification.ClanHelp.Basic2": "\nDostupné příkazy:\n<color=#ffd479>/{0}</color> - Zobrazit informace o tvém klanu\n<color=#ffd479>/{1} <message></color> - Odeslat zprávu přes klanový chat\n<color=#ffd479>/{0} leave</color> - Opustit aktuální klan",
  "Notification.ClanHelp.MFF": "\n<color=#ffd479>/{0}</color> - Přepnout přátelskou palbu mezi členy klanu",
  "Notification.ClanHelp.AFF": "\n<color=#ffd479>/{0}</color> - Přepnout přátelskou palbu mezi spojenci klanu",
  "Notification.ClanHelp.Alliance": "\n\n<color=#45b6fe><size=14>Příkazy pro alianci:</size></color>\n<color=#ffd479>/{0} invite <tag></color> - Pozvat klan k vytvoření aliance\n<color=#ffd479>/{0} withdraw <tag></color> - Odvolat pozvání do aliance\n<color=#ffd479>/{0} accept <tag></color> - Přijmout pozvání do aliance\n<color=#ffd479>/{0} reject <tag></color> - Odmítnout pozvání do aliance\n<color=#ffd479>/{0} revoke <tag></color> - Zrušit alianci",
  "Notification.ClanHelp.Moderator": "\n\n<color=#b573ff><size=14>Příkazy pro moderátory:</size></color>\n<color=#ffd479>/{0} invite <name or ID></color> - Pozvat hráče do tvého klanu\n<color=#ffd479>/{0} withdraw <name or ID></color> - Odvolat pozvání\n<color=#ffd479>/{0} kick <name or ID></color> - Vyhodit člena z tvého klanu",
  "Notification.ClanHelp.Owner": "\n\n<color=#a1ff46><size=14>Příkazy pro vlastníky:</size></color>\n<color=#ffd479>/{0} promote <name or ID></color> - Povýšit člena klanu\n<color=#ffd479>/{0} demote <name or ID></color> - Degradovat člena klanu\n<color=#ffd479>/{0} disband forever</color> - Zrušit tvůj klan",
  "Notification.ClanHelp.TagColor": "\n<color=#ffd479>/{0} tagcolor <hex></color> - Nastavit vlastní barvu značky klanu\n<color=#ffd479>/{0} tagcolor reset</color> - Obnovit výchozí barvu značky klanu",
  "Notification.Clan.NotInAClan": "\nMomentálně nejsi členem klanu",
  "Notification.Clan.Help": "\nPro zobrazení dostupných příkazů zadej: <color=#ffd479>/{0}</color>",
  "Notification.Clan.OwnerOf": "\nJsi vlastník klanu: <color=#aaff55>{0}</color> ({1}/{2})",
  "Notification.Clan.CouncilOf": "\nJsi člen rady klanu: <color=#aaff55>{0}</color> ({1}/{2})",
  "Notification.Clan.ModeratorOf": "\nJsi moderátor klanu: <color=#aaff55>{0}</color> ({1}/{2})",
  "Notification.Clan.MemberOf": "\nJsi členem klanu: <color=#aaff55>{0}</color> ({1}/{2})",
  "Notification.Clan.MembersOnline": "\nČlenové online: {0}",
  "Notification.Clan.MFF": "\nStav klanové přátelské palby: {0} (<color=#ffd479>/{1}</color>)",
  "Notification.Clan.AFF": "\nStav přátelské palby spojenců: {0} (<color=#ffd479>/{1}</color>)",
  "Notification.Clan.CreateSyntax": "<color=#ffd479>/{0} create <tag> \"description\"</color> - Vytvořit nový klan",
  "Notification.Clan.InviteSyntax": "<color=#ffd479>/{0} invite <partialNameOrID></color> - Pozvat hráče do tvého klanu",
  "Notification.Clan.WithdrawSyntax": "<color=#ffd479>/{0} withdraw <partialNameOrID></color> - Odvolat pozvání člena",
  "Notification.Clan.AcceptSyntax": "<color=#ffd479>/{0} accept <tag></color> - Připojit se ke klanu pozvánkou",
  "Notification.Clan.RejectSyntax": "<color=#ffd479>/{0} reject <tag></color> - Odmítnout pozvánku do klanu",
  "Notification.Clan.PromoteSyntax": "<color=#ffd479>/{0} promote <partialNameOrID></color> - Povýšit člena klanu na další úroveň",
  "Notification.Clan.DemoteSyntax": "<color=#ffd479>/{0} demote <partialNameOrID></color> - Degradovat člena klanu na nižší úroveň",
  "Notification.Clan.DisbandSyntax": "<color=#ffd479>/{0} disband forever</color> - Zrušit tvůj klan (toto nelze vrátit)",
  "Notification.Clan.KickSyntax": "<color=#ffd479>/{0} kick <partialNameOrID></color> - Vyhodit člena z tvého klanu",
  "Notification.Clan.TagColorSyntax": "<color=#ffd479>/{0} tagcolor <hex (XXXXXX)></color> - Nastavit vlastní barvu značky klanu",
  "Notification.Clan.TagColorFormat": "<color=#ffd479>Hex řetězec musí mít 6 znaků a být platnou hex barvou</color>",
  "Notification.Clan.TagColorReset": "<color=#ffd479>Obnovil jsi výchozí barvu značky klanu</color>",
  "Notification.Clan.TagColorSet": "<color=#ffd479>Nastavil jsi barvu značky klanu na</color> <color=#{0}>{0}</color>",
  "Notification.Clan.TagColorDisabled": "<color=#ffd479>Vlastní barvy značek jsou na tomto serveru zakázány</color>",
  "Notification.Clan.TagColorBlocked": "<color=#ffd479>Barva <color=#{0}>{0}</color> je zakázána pro použití klany.",
  "Notification.Clan.TagColorOutOfRange": "<color=#ffd479>Barva <color=#{0}>{0}</color> je mimo povolený barevný rozsah. Musíš zvolit barvu mezi <color=#{1}>{1}</color> a <color=#{2}>{2}</color></color>",
  "Notification.Disband.NotOwner": "Musíš být vlastníkem klanu, abys mohl použít tento příkaz",
  "Notification.Disband.Success": "Rozpustil jsi klan <color=#aaff55>[{0}]</color>",
  "Notification.Disband.Message": "Klan byl rozpuštěn",
  "Notification.Disband.NoPermission": "Nemáš oprávnění rozpustit tento klan",
  "Notification.Generic.ClanFull": "Klan je již na maximální kapacitě",
  "Notification.Generic.NoClan": "Nejsi členem klanu",
  "Notification.Generic.InvalidClan": "Klan <color=#aaff55>[{0}]</color> neexistuje!",
  "Notification.Generic.NoPermissions": "Nemáš dostatečné oprávnění pro použití tohoto příkazu",
  "Notification.Generic.SpecifyClanTag": "Zadej prosím značku klanu",
  "Notification.Generic.UnableToFindPlayer": "Nelze najít hráče se jménem nebo ID {0}",
  "Notification.Generic.CommandSelf": "Nemůžeš použít tento příkaz na sebe",
  "Chat.IsMuted": "Momentálně jsi umlčen",
  "Chat.Alliance.Prefix": "<color=#a1ff46>[ALLIANCE CHAT]</color>: {0}",
  "Chat.Clan.Prefix": "<color=#a1ff46>[CLAN CHAT]</color>: {0}",
  "Chat.Alliance.Format": "[{0}] <color={1}>{2}</color>: {3}",
  "Admin.BroadcastToClan": "<color=#ff3333>[ADMIN]</color>: {0}",
  "Admin.Rename": "Administrátor změnil tvou značku klanu na <color=#aaff55>[{0}]</color>",
  "Admin.Disband": "Administrátor rozpustil tvůj klan",
  "Admin.Invite": "Administrátor pozval {0}, aby se připojil k tvému klanu",
  "Admin.Join": "Administrátor tě přinutil připojit se k <color=#aaff55>[{0}]</color>",
  "Admin.Kick": "Administrátor tě vyhodil z <color=#aaff55>[{0}]</color>",
  "Admin.SetOwner": "Administrátor nastavil {0} jako vůdce klanu",
  "Admin.Promote": "Administrátor povýšil {0} na hodnost {1}",
  "Admin.Demote": "Administrátor degradoval {0} na hodnost {1}"
}