{
  "CommandUsageExtLoad": "Použití: oxide.ext.load <extname>+",
  "CommandUsageExtUnload": "Použití: oxide.ext.unload <extname>+",
  "CommandUsageExtReload": "Použití: oxide.ext.reload <extname>+",
  "CommandUsageGrant": "Použití: oxide.grant <group|user> <name|id> <permission>",
  "CommandUsageGroup": "Použití: oxide.group <add|set> <name> [title] [rank]",
  "CommandUsageGroupParent": "Použití: oxide.group <parent> <name> <parentName>",
  "CommandUsageGroupRemove": "Použití: oxide.group <remove> <name>",
  "CommandUsageLang": "Použití: oxide.lang <two-letter language code>",
  "CommandUsageLoad": "Použití: oxide.load *|<pluginname>+",
  "CommandUsageReload": "Použití: oxide.reload *|<pluginname>+",
  "CommandUsageRevoke": "Použití: oxide.revoke <group|user> <name|id> <permission>",
  "CommandUsageShow": "Použití: oxide.show <groups|perms>",
  "CommandUsageShowName": "Použití: oxide.show <group|user> <name>",
  "CommandUsageUnload": "Použití: oxide.unload *|<pluginname>+",
  "CommandUsageUserGroup": "Použití: oxide.usergroup <add|remove> <username> <groupname>",
  "ConnectionRejected": "Připojení bylo odmítnuto",
  "DataSaved": "Ukládání Oxide dat...",
  "GroupAlreadyExists": "Skupina '{0}' již existuje",
  "GroupAlreadyHasPermission": "Skupina '{0}' již má oprávnění '{1}'",
  "GroupDoesNotHavePermission": "Skupina '{0}' nemá oprávnění '{1}'",
  "GroupChanged": "Skupina '{0}' změněna",
  "GroupCreated": "Skupina '{0}' vytvořena",
  "GroupDeleted": "Skupina '{0}' smazána",
  "GroupNotFound": "Skupina '{0}' neexistuje",
  "GroupParentChanged": "Skupina '{0}' přeřazena pod '{1}'",
  "GroupParentNotChanged": "Skupina '{0}' nebyla přeřazena",
  "GroupParentNotFound": "Nadřazená skupina '{0}' neexistuje",
  "GroupPermissionGranted": "Skupině '{0}' bylo uděleno oprávnění '{1}'",
  "GroupPermissionRevoked": "Skupině '{0}' bylo odebráno oprávnění '{1}'",
  "GroupPermissions": "Oprávnění skupiny '{0}'",
  "GroupPlayers": "Hráči ve skupině '{0}'",
  "Groups": "Skupiny",
  "InvalidLanguageName": "Neplatný název jazyka: '{0}'",
  "NoGroupPermissions": "Žádná oprávnění aktuálně neudělena",
  "NoPermissionGroups": "Žádné skupiny s tímto oprávněním",
  "NoPermissionPlayers": "Žádní hráči s tímto oprávněním",
  "NoPluginsFound": "Žádné pluginy nejsou aktuálně dostupné",
  "NoPlayerGroups": "Hráč není zařazen v žádné skupině",
  "NoPlayerPermissions": "Žádná oprávnění aktuálně neudělena",
  "NoPlayersInGroup": "Žádní hráči aktuálně ve skupině",
  "NotAllowed": "Nemáš oprávnění použít příkaz '{0}'",
  "ParentGroupPermissions": "Oprávnění nadřazené skupiny '{0}'",
  "PermissionGroups": "Skupiny s oprávněním '{0}'",
  "PermissionPlayers": "Hráči s oprávněním '{0}'",
  "PermissionNotFound": "Oprávnění '{0}' neexistuje",
  "Permissions": "Oprávnění",
  "PermissionsNotLoaded": "Nelze načíst soubory s oprávněními! Oprávnění nebudou fungovat, dokud se problém nevyřeší.\n => {0}",
  "PlayerLanguage": "Jazyk hráče nastaven na {0}",
  "PluginNotLoaded": "Plugin '{0}' nebyl načten.",
  "PluginReloaded": "Plugin {0} v{1} od {2} znovu načten",
  "PluginUnloaded": "Plugin {0} v{1} od {2} odpojen",
  "ServerLanguage": "Jazyk serveru nastaven na {0}",
  "Unknown": "Neznámé",
  "UnknownCommand": "Neznámý příkaz: {0}",
  "PlayerAddedToGroup": "Hráč '{0}' byl přidán do skupiny: {1}",
  "PlayerAlreadyHasPermission": "Hráč '{0}' již má oprávnění '{1}'",
  "PlayerDoesNotHavePermission": "Hráč '{0}' nemá oprávnění '{1}'",
  "PlayerNotFound": "Hráč '{0}' nenalezen",
  "PlayerGroups": "Skupiny hráče '{0}'",
  "PlayerPermissions": "Oprávnění hráče '{0}'",
  "PlayerPermissionGranted": "Hráči '{0}' bylo uděleno oprávnění '{1}'",
  "PlayerPermissionRevoked": "Hráči '{0}' bylo odebráno oprávnění '{1}'",
  "PlayerRemovedFromGroup": "Hráč '{0}' byl odebrán ze skupiny '{1}'",
  "PlayersFound": "Bylo nalezeno více hráčů, specifikujte, prosím: {0}",
  "Version": "Server běží na [#ffb658]Oxide {0}[/#] a [#ee715c]{1} {2} ({3})[/#]",
  "YouAreNotAdmin": "Nejsi admin"
}