{
  "WebErrorOccurred": "Nepodařilo se stáhnout obrázek! Chyba {0}.",
  "FileTooLarge": "Soubor přesahuje maximální velikost {0}Mb.",
  "ErrorOccurred": "Došlo k neznámé chybě, pokud tato chyba přetrvává, prosíme, informujte správce serveru.",
  "RestoreErrorOccurred": "Nelze obnovit značku, protože k ní není přiřazena žádná textura.",
  "DownloadQueued": "Váš obrázek byl přidán do fronty ke stažení!",
  "RestoreQueued": "Vaše značka byla přidána do fronty pro obnovení!",
  "RestoreBatchQueued": "Přidali jste všech {0} značek do fronty pro obnovení!",
  "ImageLoaded": "Obrázek byl úspěšně nahrán na značku!",
  "ImageRestored": "Obrázek byl úspěšně obnoven pro značku!",
  "LogEntry": "Hráč `{0}` (SteamId: {1}) nahrál {2} do {3} z {4}",
  "NoSignFound": "Nelze najít značku! Ujistěte se, že se na ni díváte a že nejste příliš daleko.",
  "Cooldown": "Příkaz zatím nemůžete použít! Zbývající čekací doba: {0}.",
  "SignNotOwned": "Nemůžete změnit tuto značku, je chráněna stolečkem.",
  "NoItemHeld": "Nepodržíte žádný předmět.",
  "ActionQueuedAlready": "Akce pro tuto značku již byla zařazena do fronty, počkejte prosím na dokončení.",
  "SyntaxSilCommand": "Chyba syntaxe!\nSyntaxe: /sil <url> [raw]",
  "SyntaxSilCommandMulti": "Chyba syntaxe!\nSyntaxe: /sil <1-{0}> <url> [raw]",
  "SyntaxSiltCommand": "Chyba syntaxe!\nSyntaxe: /silt <zpráva> [<velikost písma:číslo>] [<barva:hex hodnota>] [<bgcolor:hex hodnota>] [raw]",
  "SyntaxSiltCommandMulti": "Chyba syntaxe!\nSyntaxe: /silt <1-{0}> <zpráva> [<velikost písma:číslo>] [<barva:hex hodnota>] [<bgcolor:hex hodnota>] [raw]",
  "SyntaxSiliCommandMulti": "Chyba syntaxe!\nSyntaxe: /sili <1-{0}>",
  "NoPermission": "Nemáte oprávnění používat tento příkaz.",
  "NoPermissionFile": "Nemáte oprávnění používat obrázky z filesystému serveru.",
  "NoPermissionRaw": "Nemáte oprávnění používat raw obrázky, načítám normálně místo toho.",
  "NoPermissionRestoreAll": "Nemáte oprávnění obnovit všechny značky najednou.",
  "day": "den",
  "days": "dny",
  "hour": "hodina",
  "hours": "hodiny",
  "minute": "minuta",
  "minutes": "minuty",
  "second": "sekunda",
  "seconds": "sekundy",
  "and": "a"
}