{
    "NoPermToUse": "Nemáš oprávnění k tomuto použití",
    "NoILError": "Plugin nefunguje správně, kontaktuj administrátora!",
    "UI.Plugin.Title": "ŽEBŘÍČEK",
    "UI.Leaderboard.Awards.Title": "Nejlepší odměny",
    "UI.Leaderboard.Awards.Place": "{0}. místo",
    "UI.Search.Players.Title": "VYHLEDÁVÁNÍ HRÁČŮ PODLE JMÉNA NEBO STEAMID",
    "UI.Search.Input.Placeholder": "ZADEJ JMÉNO NEBO STEAMID",
    "UI.Players.List.Title": "SEZNAM HRÁČŮ NA SERVERU",
    "UI.Players.NoPlayers": "Žádní hráči nejsou k dispozici :(",
    "UI.HitRate.Title": "PŘESNOST ZÁSAHŮ",
    "UI.HitRate.Description": "Tady uvidíš počet zásahů na různé části těla",
    "UI.Building.Title": "STAVBA",
    "UI.Building.Description": "Tady uvidíš statistiky stavění",
    "UI.Stat.Value.Total": "Celkem: {0}",
    "UI.Stat.Value.Today": "Dnes: {0}",
    "UI.Stat.Value.KD": "Zabití: {0} / Smrti: {1}",
    "UI.Stat.Value.None": "Žádné",
    "UI.Stat.Value.Unknown": "Neznámé",
    "UI.Time.Years": "{0}r",
    "UI.Time.Months": "{0}m",
    "UI.Time.Days": "{0}d",
    "UI.Time.Hours": "{0}h",
    "UI.Time.Minutes": "{0}m",
    "UI.Time.Seconds": "{0}s",
    "MSG.Profile.Already.Loading": "Tento profil se již načítá, prosím počkej.",
    "MSG.Profile.Wait.Before.Another": "Počkej chvilku, než otevřeš další profil.",
    "UI.Leaderboard.Loading": "Načítání...",
    "Msg.Player.NotFound": "Statistiky hráče nebyly nalezeny",
    "Msg.Invalid.SteamID": "Neplatný formát Steam ID",
    "Msg.Hide.Self.Hidden": "Nyní jsi skrytý v žebříčku",
    "Msg.Hide.Self.Visible": "Nyní jsi viditelný v žebříčku",
    "UI.Category.MY STATISTICS": "MOJE STATISTIKY",
    "UI.Category.TOP 10 PLAYERS": "TOP 10 HRÁČŮ",
    "UI.Category.SEARCH": "VYHLEDÁVÁNÍ",
    "UI.Awards.TOP scorers": "NEJLEPŠÍ střelci",
    "UI.Awards.Place.Frontiersman Pack": "Pioneer Pack",
    "UI.Awards.Place.Lumberjack Pack": "Dřevorubecký balíček",
    "UI.Awards.Place.Artic Pack": "Arktický balíček",
    "UI.Awards.Place.Abyss Pack": "Propastní balíček",
    "UI.Awards.Place.Retro Tool Cupboard": "Retro TC",
    "UI.Awards.TOP killers": "NEJLEPŠÍ zabijáci",
    "UI.Awards.TOP time played": "NEJLEPŠÍ odehraný čas",
    "UI.Tabs.GENERAL": "OBECNÉ",
    "UI.Field.Profile": "Profil",
    "UI.Field.name": "name",
    "UI.Field.K/D": "K/D",
    "UI.Field.kd": "kd",
    "UI.Field.Time": "Čas",
    "UI.Field.current_playtime": "current_playtime",
    "UI.Field.Longest Kill Distance": "Nejdelší vzdálenost zabití",
    "UI.Field.longest_kill_distance": "longest_kill_distance",
    "UI.Field.Total Resources Gathered": "Celkem sesbírané suroviny",
    "UI.Field.total_resources": "total_resources",
    "UI.Field.Favorite Resource": "Oblíbená surovina",
    "UI.Field.favorite_resource": "favorite_resource",
    "UI.Field.Total Items Crafted": "Celkem vytvořených předmětů",
    "UI.Field.total_items_crafted": "total_items_crafted",
    "UI.Field.Structures Built": "Postavené struktury",
    "UI.Field.structures_built": "structures_built",
    "UI.Field.Upgrades Performed": "Provedené vylepšení",
    "UI.Field.upgrades_performed": "upgrades_performed",
    "UI.Field.Favorite Building Material": "Oblíbený stavební materiál",
    "UI.Field.favorite_building_material": "favorite_building_material",
    "UI.Field.Events Won": "Vyhrané události",
    "UI.Field.events_won": "events_won",
    "UI.Field.Favorite Event": "Oblíbená událost",
    "UI.Field.favorite_event": "favorite_event",
    "UI.Column.EVENTS": "UDÁLOSTI",
    "UI.Field.Convoy": "Konvoj",
    "UI.Field.Sputnik": "Sputnik",
    "UI.Field.Caravan": "Karavana",
    "UI.Field.GasStation": "Benzínová stanice",
    "UI.Field.GasStationEvent": "Událost v benzínové stanici",
    "UI.Field.Air": "Vzduch",
    "UI.Field.AirEvent": "Vzdušná událost",
    "UI.Field.SatDish": "Satelitní anténa",
    "UI.Field.SatDishEvent": "Událost v satelitní anténě",
    "UI.Field.Triangulation": "Triangulace",
    "UI.Field.Water": "Voda",
    "UI.Field.WaterEvent": "Vodní událost",
    "UI.Field.Harbor": "Přístav",
    "UI.Field.HarborEvent": "Událost v přístavu",
    "UI.Field.ArcticBase": "Arktická základna",
    "UI.Field.ArcticBaseEvent": "Událost na arktické základně",
    "UI.Field.Junkyard": "Smetiště",
    "UI.Field.JunkyardEvent": "Událost na smetišti",
    "UI.Field.Supermarket": "Supermarket",
    "UI.Field.SupermarketEvent": "Událost v supermarketu",
    "UI.Field.PowerPlant": "Elektrárna",
    "UI.Field.PowerPlantEvent": "Událost v elektrárně",
    "UI.Field.Paintball Team": "Paintball tým",
    "UI.Field.PaintballTeam": "PaintballTeam",
    "UI.Field.Paintball FFA": "Paintball všichni proti všem",
    "UI.Field.PaintballFFA": "PaintballFFA",
    "UI.Field.Survival Arena": "Aréna přežití",
    "UI.Field.SurvivalArena": "SurvivalArena",
    "UI.Field.Gun Game": "Hra se zbraněmi",
    "UI.Field.GunGame": "GunGame",
    "UI.Field.Zombie Infection": "Zombí infekce",
    "UI.Field.ZombieInfection": "ZombieInfection",
    "UI.Field.Tugboat Pirates": "Piráti na remorkéru",
    "UI.Field.TugboatPirates": "TugboatPirates",
    "UI.Tabs.RESOURCES": "ZDROJE",
    "UI.Column.RESOURCES": "ZDROJE",
    "UI.Field.Stone": "Kámen",
    "UI.Field.stones": "stones",
    "UI.Field.Wood": "Dřevo",
    "UI.Field.wood": "wood",
    "UI.Field.Sulfur Ore": "Sírová ruda",
    "UI.Field.sulfur.ore": "sulfur.ore",
    "UI.Field.Metal Ore": "Kovová ruda",
    "UI.Field.metal.ore": "metal.ore",
    "UI.Field.High Quality Metal Ore": "Vysoce kvalitní kovová ruda",
    "UI.Field.hq.metal.ore": "hq.metal.ore",
    "UI.Field.Leather": "Kůže",
    "UI.Field.leather": "leather",
    "UI.Field.Bone Fragments": "Kostní úlomky",
    "UI.Field.bone.fragments": "bone.fragments",
    "UI.Field.Animal Fat": "Živočišný tuk",
    "UI.Field.fat.animal": "fat.animal",
    "UI.Field.Scrap": "Šrot",
    "UI.Field.scrap": "scrap",
    "UI.Column.FARMING": "FARMAŘENÍ",
    "UI.Field.Hemp": "Konopí",
    "UI.Field.hemp-collectable": "hemp-collectable",
    "UI.Field.Blue Berry": "Modrá bobule",
    "UI.Field.blue.berry": "blue.berry",
    "UI.Field.Red Berry": "Červená bobule",
    "UI.Field.red.berry": "red.berry",
    "UI.Field.Yellow Berry": "Žlutá bobule",
    "UI.Field.yellow.berry": "yellow.berry",
    "UI.Field.Black Berry": "Černá bobule",
    "UI.Field.black.berry": "black.berry",
    "UI.Field.Green Berry": "Zelená bobule",
    "UI.Field.green.berry": "green.berry",
    "UI.Field.White Berry": "Bílá bobule",
    "UI.Field.white.berry": "white.berry",
    "UI.Field.Potato": "Brambora",
    "UI.Field.potato": "potato",
    "UI.Field.Cloth": "Látka",
    "UI.Field.cloth": "cloth",
    "UI.Field.Mushroom": "Houba",
    "UI.Field.mushroom": "mushroom",
    "UI.Field.Corn": "Kukuřice",
    "UI.Field.corn": "corn",
    "UI.Field.Pumpkin": "Dýně",
    "UI.Field.pumpkin": "pumpkin",
    "UI.Field.Orchid": "Orchidej",
    "UI.Field.orchid": "orchid",
    "UI.Field.Rose": "Růže",
    "UI.Field.rose": "rose",
    "UI.Field.Sunflower": "Slunečnice",
    "UI.Field.sunflower": "sunflower",
    "UI.Field.Wheat": "Pšenice",
    "UI.Field.wheat": "wheat",
    "UI.Column.MISC": "RŮZNÉ",
    "UI.Field.Bears": "Medvědi",
    "UI.Field.bear": "bear",
    "UI.Field.Polar Bears": "Lední medvědi",
    "UI.Field.polarbear": "polarbear",
    "UI.Field.Boars": "Divoká prasata",
    "UI.Field.boar": "boar",
    "UI.Field.Chicken": "Kuře",
    "UI.Field.chicken": "chicken",
    "UI.Field.Stag": "Jeleň",
    "UI.Field.stag": "stag",
    "UI.Field.Wolf": "Vlk",
    "UI.Field.wolf2": "wolf2",
    "UI.Field.Panther": "Panter",
    "UI.Field.panther": "panther",
    "UI.Field.Crocodile": "Krokodýl",
    "UI.Field.crocodile": "crocodile",
    "UI.Field.Snake": "Had",
    "UI.Field.snake.entity": "snake.entity",
    "UI.Field.Tiger": "Tygr",
    "UI.Field.tiger": "tiger",
    "UI.Field.Shark": "Žralok",
    "UI.Field.simpleshark": "simpleshark",
    "UI.Field.Bradley": "Bradley",
    "UI.Field.bradleyapc": "bradleyapc",
    "UI.Field.Helicopter": "Helikoptéra",
    "UI.Field.helicopter": "helicopter",
    "UI.Field.Scientist": "Vědec",
    "UI.Field.npc_underwaterdweller|scientistnpc_arena|scientistnpc_bradley|scientistnpc_bradley_heavy|scientistnpc_cargo|scientistnpc_cargo_turret_any|scientistnpc_cargo_turret_lr300|scientistnpc_ch47_gunner|scientistnpc_excavator|scientistnpc_full_any|scientistnpc_full_lr300|scientistnpc_full_mp5|scientistnpc_full_pistol|scientistnpc_full_shotgun|scientistnpc_junkpile_pistol|scientistnpc_oilrig|scientistnpc_patrol|scientistnpc_patrol_arctic|scientistnpc_peacekeeper|scientistnpc_roam|scientistnpc_roam_nvg_variant|scientistnpc_roamtethered": "npc_underwaterdweller|scientistnpc_arena|scientistnpc_bradley|scientistnpc_bradley_heavy|scientistnpc_cargo|scientistnpc_cargo_turret_any|scientistnpc_cargo_turret_lr300|scientistnpc_ch47_gunner|scientistnpc_excavator|scientistnpc_full_any|scientistnpc_full_lr300|scientistnpc_full_mp5|scientistnpc_full_pistol|scientistnpc_full_shotgun|scientistnpc_junkpile_pistol|scientistnpc_oilrig|scientistnpc_patrol|scientistnpc_patrol_arctic|scientistnpc_peacekeeper|scientistnpc_roam|scientistnpc_roam_nvg_variant|scientistnpc_roamtethered",
    "UI.Field.Heavy Scientist": "Těžce ozbrojený vědec",
    "UI.Field.scientistnpc_heavy": "scientistnpc_heavy",
    "UI.Field.Tunnel Dweller": "Obyvatel tunelu",
    "UI.Field.npc_tunneldweller|npc_tunneldwellerspawned": "npc_tunneldweller|npc_tunneldwellerspawned",
    "UI.Field.Underwater Lab Dweller": "Obyvatel podvodní laboratoře",
    "UI.Field.npc_underwaterdweller": "npc_underwaterdweller",
    "UI.Column.RAID": "RAID",
    "UI.Field.Satchel": "Taška (výbušná)",
    "UI.Field.explosive.satchel": "explosive.satchel",
    "UI.Field.Molotov": "Molotov",
    "UI.Field.grenade.molotov": "grenade.molotov",
    "UI.Field.Flashbang": "Oslňující granát",
    "UI.Field.grenade.flashbang": "grenade.flashbang",
    "UI.Field.Survey Charge": "Průzkumný náboj",
    "UI.Field.surveycharge": "surveycharge",
    "UI.Field.Grenade": "Granát",
    "UI.Field.grenade.f1": "grenade.f1",
    "UI.Field.Beancan": "Fazole v plechovce bomba",
    "UI.Field.grenade.beancan": "grenade.beancan",
    "UI.Field.Rocket": "Raketa",
    "UI.Field.ammo.rocket.basic": "ammo.rocket.basic",
    "UI.Field.Incendiary Rocket": "Zápalná raketa",
    "UI.Field.ammo.rocket.fire": "ammo.rocket.fire",
    "UI.Field.Rocket HV": "Raketa s vysokou rychlostí",
    "UI.Field.ammo.rocket.hv": "ammo.rocket.hv",
    "UI.Field.Explosive 5.56 Rifle Ammo": "Explozivní 5.56 střelivo",
    "UI.Field.ammo.rifle.explosive": "ammo.rifle.explosive",
    "UI.Field.GL HE": "GL HE",
    "UI.Field.ammo.grenadelauncher.he": "ammo.grenadelauncher.he",
    "UI.Field.C4": "C4",
    "UI.Field.explosive.timed": "explosive.timed",
    "UI.Field.MLRS Rocket": "MLRS raketa",
    "UI.Field.ammo.rocket.mlrs": "ammo.rocket.mlrs",
    "UI.Column.RECYCLED": "RECYKLOVÁNO",
    "UI.Field.Propane Tanks": "Propanové lahve",
    "UI.Field.propanetank": "propanetank",
    "UI.Field.Gears": "Zuby",
    "UI.Field.gears": "gears",
    "UI.Field.Metal Pipe": "Kovová trubka",
    "UI.Field.metalpipe": "metalpipe",
    "UI.Field.Rifle Body": "Tělo pušky",
    "UI.Field.riflebody": "riflebody",
    "UI.Field.Semi Body": "Poloviční tělo",
    "UI.Field.semibody": "semibody",
    "UI.Field.Metal Springs": "Kovová pružina",
    "UI.Field.metalspring": "metalspring",
    "UI.Field.Road Signs": "Dopravní značky",
    "UI.Field.roadsigns": "roadsigns",
    "UI.Field.Sewing Kits": "Šicí soupravy",
    "UI.Field.sewingkit": "sewingkit",
    "UI.Field.Tarp": "Plachta",
    "UI.Field.tarp": "tarp",
    "UI.Field.Rope": "Lano",
    "UI.Field.rope": "rope",
    "UI.Field.Sheet Metal": "Kovový plech",
    "UI.Field.sheetmetal": "sheetmetal",
    "UI.Field.Fuse": "Pojistka",
    "UI.Field.fuse": "fuse",
    "UI.Field.Metal Blade": "Kovová čepel",
    "UI.Field.metalblade": "metalblade",
    "UI.Field.SMG Body": "Tělo samopalu",
    "UI.Field.smgbody": "smgbody",
    "UI.Field.Tech Parts": "Technické díly",
    "UI.Field.techparts": "techparts",
    "UI.Field.Targeting Computer": "Zaměřovací počítač",
    "UI.Field.targeting.computer": "targeting.computer",
    "UI.Field.CCTV Camera": "Bezpečnostní kamera",
    "UI.Field.cctv.camera": "cctv.camera",
    "UI.Column.FIRED": "VYSTŘELENO",
    "UI.Field.Pistol": "Pistole",
    "UI.Field.ammo.pistol": "ammo.pistol",
    "UI.Field.Pistol Incendiary": "Pistole (zápalná)",
    "UI.Field.ammo.pistol.fire": "ammo.pistol.fire",
    "UI.Field.Pistol HV": "Pistole (vysoká rychlost)",
    "UI.Field.ammo.pistol.hv": "ammo.pistol.hv",
    "UI.Field.Nailguns": "Hřebíkovače",
    "UI.Field.ammo.nailgun.nails": "ammo.nailgun.nails",
    "UI.Field.Rifle": "Puška",
    "UI.Field.ammo.rifle": "ammo.rifle",
    "UI.Field.Rifle HV": "Puška (vysoká rychlost)",
    "UI.Field.ammo.rifle.hv": "ammo.rifle.hv",
    "UI.Field.Rifle Incendiary": "Puška (zápalná)",
    "UI.Field.ammo.rifle.incendiary": "ammo.rifle.incendiary",
    "UI.Field.HandMades": "Ručně vyrobené",
    "UI.Field.ammo.handmade.shell": "ammo.handmade.shell",
    "UI.Field.GL Buckshot": "GL broky",
    "UI.Field.ammo.grenadelauncher.buckshot": "ammo.grenadelauncher.buckshot",
    "UI.Field.Shotgun Slug": "Broková střela",
    "UI.Field.ammo.shotgun.slug": "ammo.shotgun.slug",
    "UI.Field.Shotgun Fire": "Brokovnice (zápalná)",
    "UI.Field.ammo.shotgun.fire": "ammo.shotgun.fire",
    "UI.Field.Shotgun": "Brokovnice",
    "UI.Field.ammo.shotgun": "ammo.shotgun",
    "UI.Field.SnowBall": "Sněhová koule",
    "UI.Field.snowball": "snowball",
    "UI.Field.Wooden Arrow": "Dřevěný šíp",
    "UI.Field.arrow.wooden": "arrow.wooden",
    "UI.Field.Fire Arrow": "Ohnivý šíp",
    "UI.Field.arrow.fire": "arrow.fire",
    "UI.Field.Bone Arrow": "Kostěný šíp",
    "UI.Field.arrow.bone": "arrow.bone",
    "UI.Field.High Velocity Arrow": "Vysokorychlostní šíp",
    "UI.Field.arrow.hv": "arrow.hv",
    "UI.Column.FISHING": "RYBAŘENÍ",
    "UI.Field.Anchovy": "Ančovička",
    "UI.Field.fish.anchovy": "fish.anchovy",
    "UI.Field.Catfish": "Sumeček",
    "UI.Field.fish.catfish": "fish.catfish",
    "UI.Field.Herring": "Sledi",
    "UI.Field.fish.herring": "fish.herring",
    "UI.Field.Orange Roughy": "Rybí sumec",
    "UI.Field.fish.orangeroughy": "fish.orangeroughy",
    "UI.Field.Salmon": "Losos",
    "UI.Field.fish.salmon": "fish.salmon",
    "UI.Field.Sardine": "Sardinka",
    "UI.Field.fish.sardine": "fish.sardine",
    "UI.Field.Small Shark": "Malý žralok",
    "UI.Field.fish.smallshark": "fish.smallshark",
    "UI.Field.Small Trout": "Malý pstruh",
    "UI.Field.fish.troutsmall": "fish.troutsmall",
    "UI.Field.Yellow Perch": "Žlutý okoun",
    "UI.Field.fish.yellowperch": "fish.yellowperch",
    "UI.Field.Minnows": "Bičíkovci",
    "UI.Field.fish.minnows": "fish.minnows",
    "UI.Column.CRAFTED": "VYŘEZÁNO",
    "UI.Field.Garage Door": "Garážová vrata",
    "UI.Field.wall.frame.garagedoor": "wall.frame.garagedoor",
    "UI.Field.Sheet Metal Double Door": "Dvojité kovové dveře",
    "UI.Field.door.double.hinged.metal": "door.double.hinged.metal",
    "UI.Field.Armored Double Door": "Dvojité pancéřové dveře",
    "UI.Field.door.double.hinged.toptier": "door.double.hinged.toptier",
    "UI.Field.Wood Double Door": "Dvojité dřevěné dveře",
    "UI.Field.door.double.hinged.wood": "door.double.hinged.wood",
    "UI.Field.Sheet Metal Door": "Kovové dveře",
    "UI.Field.door.hinged.metal": "door.hinged.metal",
    "UI.Field.Armored Door": "Pancéřové dveře",
    "UI.Field.door.hinged.toptier": "door.hinged.toptier",
    "UI.Field.Wood Door": "Dřevěné dveře",
    "UI.Field.door.hinged.wood": "door.hinged.wood",
    "UI.Field.Large Wood Box": "Velká dřevěná bedna",
    "UI.Field.box.wooden.large": "box.wooden.large",
    "UI.Field.Wood Storage Box": "Dřevěná úložná bedna",
    "UI.Field.box.wooden": "box.wooden",
    "UI.Field.Flame Turret": "Plamenometná věž",
    "UI.Field.flameturret": "flameturret",
    "UI.Field.Shotgun Trap": "Broková past",
    "UI.Field.guntrap": "guntrap",
    "UI.Field.Auto Turret": "Automatická věž",
    "UI.Field.autoturret": "autoturret",
    "UI.Field.Code Lock": "Kódový zámek",
    "UI.Field.lock.code": "lock.code",
    "UI.Field.Key Lock": "Klíčový zámek",
    "UI.Field.lock.key": "lock.key",
    "UI.Field.Wooden Ladder": "Dřevěný žebřík",
    "UI.Field.ladder.wooden.wall": "ladder.wooden.wall",
    "UI.Field.Medical Syringe": "Lékařská stříkačka",
    "UI.Field.syringe.medical": "syringe.medical",
    "UI.Field.Bandage": "Obvaz",
    "UI.Field.bandage": "bandage",
    "UI.Field.Large Medkit": "Velká lékárnička",
    "UI.Field.largemedkit": "largemedkit",
    "UI.Field.Rocket Launcher": "Raketomet",
    "UI.Field.rocket.launcher": "rocket.launcher",
    "UI.Field.HV Rocket": "Vysokorychlostní raketa",
    "UI.Field.Explosives": "Výbušniny",
    "UI.Field.explosives": "explosives",
    "UI.Field.Gun Powder": "Střelný prach",
    "UI.Field.gunpowder": "gunpowder",
    "UI.Field.Low Grade Fuel": "Nízkokvalitní palivo",
    "UI.Field.lowgradefuel": "lowgradefuel",
    "UI.Column.LOOTED": "VYKOŘISTĚNO",
    "UI.Field.Normal Crate": "Normální bedna",
    "UI.Field.crate_normal_2": "crate_normal_2",
    "UI.Field.Basic Crate": "Základní bedna",
    "UI.Field.crate_basic": "crate_basic",
    "UI.Field.Elite Crate": "Elitní bedna",
    "UI.Field.crate_elite": "crate_elite",
    "UI.Field.Military Crate": "Vojenská bedna",
    "UI.Field.crate_normal": "crate_normal",
    "UI.Field.Tools Crate": "Nářadí bedna",
    "UI.Field.crate_tools": "crate_tools",
    "UI.Field.Supply Drop": "Dodávková zásilka",
    "UI.Field.supply_drop": "supply_drop",
    "UI.Field.Locked Crate": "Uzamčená bedna",
    "UI.Field.codelockedhackablecrate|codelockedhackablecrate_oilrig": "codelockedhackablecrate|codelockedhackablecrate_oilrig",
    "UI.Tabs.BUILDING": "STAVĚNÍ",
    "UI.Tabs.HITRATE": "PŘESNOST ZÁSAHŮ",
    "UI.Field.Head kills": "Zabití do hlavy",
    "UI.Field.HEAD": "HLAVA",
    "UI.Leaderboard.Column.Nickname": "Přezdívka",
    "UI.Leaderboard.Column.Kills": "Zabití",
    "UI.Leaderboard.Column.Deaths": "Smrti",
    "UI.Leaderboard.Column.KDR": "K/D poměr",
    "UI.Leaderboard.Column.NPC Kills": "Zabití NPC",
    "UI.Leaderboard.Column.Total online": "Celkem online",
    "UI.Leaderboard.Column.Scores": "Skóre",
    "UI.BodyParts.HEAD": "HLAVA",
    "UI.BodyParts.ARM": "RUKA",
    "UI.BodyParts.CHEST": "HRUDNÍK",
    "UI.BodyParts.HIP": "BOK",
    "UI.BodyParts.BODY": "TĚLO",
    "UI.BodyParts.NECK": "KRK",
    "UI.Building.wall.frame_twigs": "STĚNA.RÁM-VĚTVIČKY",
    "UI.Grade.twigs": "VĚTVIČKY",
    "UI.Building.wall.frame_wood": "STĚNA.RÁM-DŘEVO",
    "UI.Grade.wood": "DŘEVO",
    "UI.Building.wall.frame_stone": "STĚNA.RÁM-KÁMEN",
    "UI.Grade.stone": "KÁMEN",
    "UI.Building.wall.frame_metal": "STĚNA.RÁM-KOV",
    "UI.Grade.metal": "KOV",
    "UI.Building.wall.frame_toptier": "STĚNA.RÁM-NEJLEPŠÍ",
    "UI.Grade.toptier": "NEJLEPŠÍ",
    "UI.Building.wall.frame_count": "STĚNA.RÁM-POČET",
    "UI.Grade.count": "POČET",
    "UI.Building.wall.frame_none": "STĚNA.RÁM-NIC",
    "UI.Grade.none": "NIC",
    "UI.Building.block.stair.ushape_twigs": "BLOK.SCHODY.U-TVAR-VĚTVIČKY",
    "UI.Building.block.stair.ushape_wood": "BLOK.SCHODY.U-TVAR-DŘEVO",
    "UI.Building.block.stair.ushape_stone": "BLOK.SCHODY.U-TVAR-KÁMEN",
    "UI.Building.block.stair.ushape_metal": "BLOK.SCHODY.U-TVAR-KOV",
    "UI.Building.block.stair.ushape_toptier": "BLOK.SCHODY.U-TVAR-NEJLEPŠÍ",
    "UI.Building.block.stair.ushape_count": "BLOK.SCHODY.U-TVAR-POČET",
    "UI.Building.block.stair.ushape_none": "BLOK.SCHODY.U-TVAR-NIC",
    "UI.Building.roof_twigs": "STŘECHA-VĚTVIČKY",
    "UI.Building.roof_wood": "STŘECHA-DŘEVO",
    "UI.Building.roof_stone": "STŘECHA-KÁMEN",
    "UI.Building.roof_metal": "STŘECHA-KOV",
    "UI.Building.roof_toptier": "STŘECHA-NEJLEPŠÍ",
    "UI.Building.roof_count": "STŘECHA-POČET",
    "UI.Building.roof_none": "STŘECHA-NIC",
    "UI.Building.wall.window_twigs": "STĚNA.OKNO-VĚTVIČKY",
    "UI.Building.wall.window_wood": "STĚNA.OKNO-DŘEVO",
    "UI.Building.wall.window_stone": "STĚNA.OKNO-KÁMEN",
    "UI.Building.wall.window_metal": "STĚNA.OKNO-KOV",
    "UI.Building.wall.window_toptier": "STĚNA.OKNO-NEJLEPŠÍ",
    "UI.Building.wall.window_count": "STĚNA.OKNO-POČET",
    "UI.Building.wall.window_none": "STĚNA.OKNO-NIC",
    "UI.Building.floor.triangle.frame_twigs": "PODLAHA.TROJÚHEL-RÁM-VĚTVIČKY",
    "UI.Building.floor.triangle.frame_wood": "PODLAHA.TROJÚHEL-RÁM-DŘEVO",
    "UI.Building.floor.triangle.frame_stone": "PODLAHA.TROJÚHEL-RÁM-KÁMEN",
    "UI.Building.floor.triangle.frame_metal": "PODLAHA.TROJÚHEL-RÁM-KOV",
    "UI.Building.floor.triangle.frame_toptier": "PODLAHA.TROJÚHEL-RÁM-NEJLEPŠÍ",
    "UI.Building.floor.triangle.frame_count": "PODLAHA.TROJÚHEL-RÁM-POČET",
    "UI.Building.floor.triangle.frame_none": "PODLAHA.TROJÚHEL-RÁM-NIC",
    "UI.Building.wall.low_twigs": "STĚNA.NÍZKÁ-VĚTVIČKY",
    "UI.Building.wall.low_wood": "STĚNA.NÍZKÁ-DŘEVO",
    "UI.Building.wall.low_stone": "STĚNA.NÍZKÁ-KÁMEN",
    "UI.Building.wall.low_metal": "STĚNA.NÍZKÁ-KOV",
    "UI.Building.wall.low_toptier": "STĚNA.NÍZKÁ-NEJLEPŠÍ",
    "UI.Building.wall.low_count": "STĚNA.NÍZKÁ-POČET",
    "UI.Building.wall.low_none": "STĚNA.NÍZKÁ-NIC",
    "UI.Building.wall.half_twigs": "STĚNA.PŮL-VĚTVIČKY",
    "UI.Building.wall.half_wood": "STĚNA.PŮL-DŘEVO",
    "UI.Building.wall.half_stone": "STĚNA.PŮL-KÁMEN",
    "UI.Building.wall.half_metal": "STĚNA.PŮL-KOV",
    "UI.Building.wall.half_toptier": "STĚNA.PŮL-NEJLEPŠÍ",
    "UI.Building.wall.half_count": "STĚNA.PŮL-POČET",
    "UI.Building.wall.half_none": "STĚNA.PŮL-NIC",
    "UI.Building.roof.triangle_twigs": "STŘECHA.TROJÚHEL-VĚTVIČKY",
    "UI.Building.roof.triangle_wood": "STŘECHA.TROJÚHEL-DŘEVO",
    "UI.Building.roof.triangle_stone": "STŘECHA.TROJÚHEL-KÁMEN",
    "UI.Building.roof.triangle_metal": "STŘECHA.TROJÚHEL-KOV",
    "UI.Building.roof.triangle_toptier": "STŘECHA.TROJÚHEL-NEJLEPŠÍ",
    "UI.Building.roof.triangle_count": "STŘECHA.TROJÚHEL-POČET",
    "UI.Building.roof.triangle_none": "STŘECHA.TROJÚHEL-NIC",
    "UI.Building.foundation.steps_twigs": "ZÁKLAD.STEP-VĚTVIČKY",
    "UI.Building.foundation.steps_wood": "ZÁKLAD.STEP-DŘEVO",
    "UI.Building.foundation.steps_stone": "ZÁKLAD.STEP-KÁMEN",
    "UI.Building.foundation.steps_metal": "ZÁKLAD.STEP-KOV",
    "UI.Building.foundation.steps_toptier": "ZÁKLAD.STEP-NEJLEPŠÍ",
    "UI.Building.foundation.steps_count": "ZÁKLAD.STEP-POČET",
    "UI.Building.foundation.steps_none": "ZÁKLAD.STEP-NIC",
    "UI.Building.floor_twigs": "PODLAHA-VĚTVIČKY",
    "UI.Building.floor_wood": "PODLAHA-DŘEVO",
    "UI.Building.floor_stone": "PODLAHA-KÁMEN",
    "UI.Building.floor_metal": "PODLAHA-KOV",
    "UI.Building.floor_toptier": "PODLAHA-NEJLEPŠÍ",
    "UI.Building.floor_count": "PODLAHA-POČET",
    "UI.Building.floor_none": "PODLAHA-NIC",
    "UI.Building.ramp_twigs": "RAMP-VĚTVIČKY",
    "UI.Building.ramp_wood": "RAMP-DŘEVO",
    "UI.Building.ramp_stone": "RAMP-KÁMEN",
    "UI.Building.ramp_metal": "RAMP-KOV",
    "UI.Building.ramp_toptier": "RAMP-NEJLEPŠÍ",
    "UI.Building.ramp_count": "RAMP-POČET",
    "UI.Building.ramp_none": "RAMP-NIC",
    "UI.Building.wall_twigs": "STĚNA-VĚTVIČKY",
    "UI.Building.wall_wood": "STĚNA-DŘEVO",
    "UI.Building.wall_stone": "STĚNA-KÁMEN",
    "UI.Building.wall_metal": "STĚNA-KOV",
    "UI.Building.wall_toptier": "STĚNA-NEJLEPŠÍ",
    "UI.Building.wall_count": "STĚNA-POČET",
    "UI.Building.wall_none": "STĚNA-NIC",
    "UI.Building.wall.doorway_twigs": "STĚNA.DVEŘE-VĚTVIČKY",
    "UI.Building.wall.doorway_wood": "STĚNA.DVEŘE-DŘEVO",
    "UI.Building.wall.doorway_stone": "STĚNA.DVEŘE-KÁMEN",
    "UI.Building.wall.doorway_metal": "STĚNA.DVEŘE-KOV",
    "UI.Building.wall.doorway_toptier": "STĚNA.DVEŘE-NEJLEPŠÍ",
    "UI.Building.wall.doorway_count": "STĚNA.DVEŘE-POČET",
    "UI.Building.wall.doorway_none": "STĚNA.DVEŘE-NIC",
    "UI.Building.block.stair.lshape_twigs": "BLOK.SCHODY.LTVAR-VĚTVIČKY",
    "UI.Building.block.stair.lshape_wood": "BLOK.SCHODY.LTVAR-DŘEVO",
    "UI.Building.block.stair.lshape_stone": "BLOK.SCHODY.LTVAR-KÁMEN",
    "UI.Building.block.stair.lshape_metal": "BLOK.SCHODY.LTVAR-KOV",
    "UI.Building.block.stair.lshape_toptier": "BLOK.SCHODY.LTVAR-NEJLEPŠÍ",
    "UI.Building.block.stair.lshape_count": "BLOK.SCHODY.LTVAR-POČET",
    "UI.Building.block.stair.lshape_none": "BLOK.SCHODY.LTVAR-NIC",
    "UI.Building.foundation.triangle_twigs": "ZÁKLAD.TROJÚHEL-VĚTVIČKY",
    "UI.Building.foundation.triangle_wood": "ZÁKLAD.TROJÚHEL-DŘEVO",
    "UI.Building.foundation.triangle_stone": "ZÁKLAD.TROJÚHEL-KÁMEN",
    "UI.Building.foundation.triangle_metal": "ZÁKLAD.TROJÚHEL-KOV",
    "UI.Building.foundation.triangle_toptier": "ZÁKLAD.TROJÚHEL-NEJLEPŠÍ",
    "UI.Building.foundation.triangle_count": "ZÁKLAD.TROJÚHEL-POČET",
    "UI.Building.foundation.triangle_none": "ZÁKLAD.TROJÚHEL-NIC",
    "UI.Building.floor.triangle_twigs": "PODLAHA.TROJÚHEL-VĚTVIČKY",
    "UI.Building.floor.triangle_wood": "PODLAHA.TROJÚHEL-DŘEVO",
    "UI.Building.floor.triangle_stone": "PODLAHA.TROJÚHEL-KÁMEN",
    "UI.Building.floor.triangle_metal": "PODLAHA.TROJÚHEL-KOV",
    "UI.Building.floor.triangle_toptier": "PODLAHA.TROJÚHEL-NEJLEPŠÍ",
    "UI.Building.floor.triangle_count": "PODLAHA.TROJÚHEL-POČET",
    "UI.Building.floor.triangle_none": "PODLAHA.TROJÚHEL-NIC",
    "UI.Building.floor.frame_twigs": "PODLAHA.RÁM-VĚTVIČKY",
    "UI.Building.floor.frame_wood": "PODLAHA.RÁM-DŘEVO",
    "UI.Building.floor.frame_stone": "PODLAHA.RÁM-KÁMEN",
    "UI.Building.floor.frame_metal": "PODLAHA.RÁM-KOV",
    "UI.Building.floor.frame_toptier": "PODLAHA.RÁM-NEJLEPŠÍ",
    "UI.Building.floor.frame_count": "PODLAHA.RÁM-POČET",
    "UI.Building.floor.frame_none": "PODLAHA.RÁM-NIC",
    "UI.Building.foundation_twigs": "ZÁKLAD-VĚTVIČKY",
    "UI.Building.foundation_wood": "ZÁKLAD-DŘEVO",
    "UI.Building.foundation_stone": "ZÁKLAD-KÁMEN",
    "UI.Building.foundation_metal": "ZÁKLAD-KOV",
    "UI.Building.foundation_toptier": "ZÁKLAD-NEJLEPŠÍ",
    "UI.Building.foundation_count": "ZÁKLAD-POČET",
    "UI.Building.foundation_none": "ZÁKLAD-NIC",
    "UI.Building.block.stair.spiral_twigs": "BLOK.SCHODY.SPIRÁLA-VĚTVIČKY",
    "UI.Building.block.stair.spiral_wood": "BLOK.SCHODY.SPIRÁLA-DŘEVO",
    "UI.Building.block.stair.spiral_stone": "BLOK.SCHODY.SPIRÁLA-KÁMEN",
    "UI.Building.block.stair.spiral_metal": "BLOK.SCHODY.SPIRÁLA-KOV",
    "UI.Building.block.stair.spiral_toptier": "BLOK.SCHODY.SPIRÁLA-NEJLEPŠÍ",
    "UI.Building.block.stair.spiral_count": "BLOK.SCHODY.SPIRÁLA-POČET",
    "UI.Building.block.stair.spiral_none": "BLOK.SCHODY.SPIRÁLA-NIC",
    "UI.Building.block.stair.spiral.triangle_twigs": "BLOK.SCHODY.SPIRÁLA.TROJÚHEL-VĚTVIČKY",
    "UI.Building.block.stair.spiral.triangle_wood": "BLOK.SCHODY.SPIRÁLA.TROJÚHEL-DŘEVO",
    "UI.Building.block.stair.spiral.triangle_stone": "BLOK.SCHODY.SPIRÁLA.TROJÚHEL-KÁMEN",
    "UI.Building.block.stair.spiral.triangle_metal": "BLOK.SCHODY.SPIRÁLA.TROJÚHEL-KOV",
    "UI.Building.block.stair.spiral.triangle_toptier": "BLOK.SCHODY.SPIRÁLA.TROJÚHEL-NEJLEPŠÍ",
    "UI.Building.block.stair.spiral.triangle_count": "BLOK.SCHODY.SPIRÁLA.TROJÚHEL-POČET",
    "UI.Building.block.stair.spiral.triangle_none": "BLOK.SCHODY.SPIRÁLA.TROJÚHEL-NIC"
}
